season,school_mascot,head_coach,first_season,offensive_coordinators,defensive_coordinators
2013,Air Force Falcons,Troy Calhoun,2007,Clay Hendrix,Steve Russ / Charlton Warren
2013,Akron Zips,Terry Bowden,2012,AJ Milwee,Chuck Amato
2013,Alabama Crimson Tide,Nick Saban,2007,Doug Nussmeier,Kirby Smart
2013,Arizona State Sun Devils,Todd Graham,2012,Mike Norvell,Paul Randolph
2013,Arizona Wildcats,Rich Rodriguez,2012,Calvin Magee / Rod Smith,Jeff Casteel
2013,Arkansas Razorbacks,Bret Bielema,2013,Jim Chaney,Chris Ash
2013,Arkansas State Red Wolves,Bryan Harsin,2013,Eliah Drinkwitz / Bush Hamdan,John Thompson
2013,Army Black Knights,Rich Ellerson,2009,Ian Shields,Payam Saadat / Chris Smeland
2013,Auburn Tigers,Gus Malzahn,2013,Dameyune Craig / Rhett Lashlee,Charlie Harbison / Ellis Johnson
2013,BYU Cougars,Bronco Mendenhall,2005,Robert Anae,Bronco Mendenhall
2013,Ball State Cardinals,Pete Lembo,2011,Rich Skorsky,Jay Bateman
2013,Baylor Bears,Art Briles,2008,Philip Montgomery,Phil Bennett
2013,Boise State Broncos,Chris Petersen,2006,Robert Prince,Pete Kwiatkowski
2013,Boston College Eagles,Steve Addazio,2013,Ryan Day,Don Brown
2013,Bowling Green Falcons,Dave Clawson,2009,Warren Ruggiero,Mike Elko / Shannon Morrison
2013,Buffalo Bulls,Jeff Quinn,2010,Alex Wood,Lou Tepper
2013,California Golden Bears,Sonny Dykes,2013,Tony Franklin,Andy Buh
2013,Central Michigan Chippewas,Dan Enos,2010,Mike Cummings,Joe Tumpkin
2013,Cincinnati Bearcats,Tommy Tuberville,2013,Eddie Gran,Art Kaufman
2013,Clemson Tigers,Dabo Swinney,2008,Chad Morris,Marion Hobby / Brent Venables
2013,Colorado Buffaloes,Mike MacIntyre,2013,Brian Lindgren,Kent Baer
2013,Colorado State Rams,Jim McElwain,2012,Dave Baldwin,Marty English / Al Simmons
2013,Duke Blue Devils,David Cutcliffe,2008,Kurt Roper,Jim Knowles
2013,East Carolina Pirates,Ruffin McNeil,2010,Lincoln Riley,Rick Smith
2013,Eastern Michigan Eagles,Ron English,2009,Stan Parrish,Vacant
2013,Florida Atlantic Owls,Carl Pelini,2012,Brian Wright,Pete Rekstis
2013,Florida Gators,Will Muschamp,2011,Brent Pease,D.J. Durkin
2013,Florida International Golden Panthers,Ron Turner,2013,Vacant,Josh Conklin
2013,Florida State Seminoles,Jimbo Fisher,2010,Vacant,Jeremy Pruitt
2013,Fresno State Bulldogs,Tim DeRuyter,2012,Dave Schramm,Nick Toth
2013,Georgia Bulldogs,Mark Richt,2001,Mike Bobo,Todd Grantham
2013,Georgia State Panthers,Trent Miles,2013,Jeff Jagodzinski,Jesse Minter
2013,Georgia Tech Yellow Jackets,Paul Johnson,2008,Paul Johnson,Ted Roof
2013,Hawai'i Rainbow Warriors,Norm Chow,2012,Aaron Price,Thom Kaumeyer
2013,Houston Cougars,Tony Levine,2012,Travis Bush / Doug Meacham,David Gibbs
2013,Idaho Vandals,Paul Petrino,2013,Kris Cinkovich,Ronnie Lee
2013,Illinois Fighting Illini,Tim Beckman,2012,Bill Cubit,Tim Banks
2013,Indiana Hoosiers,Kevin Wilson,2011,Seth Littrell,Mike Ekeler / Doug Mallory
2013,Iowa Hawkeyes,Kirk Ferentz,1999,Greg Davis,Phil Parker
2013,Iowa State Cyclones,Paul Rhoads,2009,Courtney Messingham,Wally Burnham
2013,Kansas Jayhawks,Charlie Weis,2012,Vacant,Dave Campo
2013,Kansas State Wildcats,Bill Snyder,,Dana Dimel / Del Miller,Tom Hayes
2013,Kent State Golden Flashes,Paul Haynes,2013,Brian Rock,Brian George
2013,Kentucky Wildcats,Mark Stoops,2013,Neal Brown,D.J. Eliot
2013,LSU Tigers,Les Miles,2005,Cam Cameron,John Chavis
2013,Louisiana Monroe Warhawks,Todd Berry,2010,Steve Farmer,Troy Reffett
2013,Louisiana Ragin' Cajuns,Mark Hudspeth,2011,Jay Johnson,James Willis
2013,Louisiana Tech Bulldogs,Skip Holtz,2013,Tony Petersen,Kim Dameron
2013,Louisville Cardinals,Charlie Strong,2010,Shawn Watson,Vance Bedford
2013,Marshall Thundering Herd,Doc Holliday,2010,Bill Legg,Chuck Heater
2013,Maryland Terrapins,Randy Edsall,2011,Mike Locksley,Brian Stewart
2013,Memphis Tigers,Justin Fuente,2012,Darrell Dickey,Barry Odom
2013,Miami (OH) RedHawks,Don Treadwell,2011,John Klacik,Jay Peterson
2013,Miami Hurricanes,Al Golden,2011,James Coley,Mark D'Onofrio
2013,Michigan State Spartans,Mark Dantonio,2007,Jim Bollman / Dave Warner,Pat Narduzzi
2013,Michigan Wolverines,Brady Hoke,2011,Al Borges,Greg Mattison
2013,Middle Tennessee Blue Raiders,Rick Stockstill,2006,Willie Simmons,Steve Ellis / Tyrone Nix
2013,Minnesota Golden Gophers,Jerry Kill,2011,Matt Limegrover,Tracy Claeys
2013,Mississippi State Bulldogs,Dan Mullen,2009,Les Koenning,Geoff Collins
2013,Missouri Tigers,Gary Pinkel,2001,Josh Henson,Dave Steckel
2013,NC State Wolfpack,Dave Doeren,2013,Matt Canada,Dave Huxtable
2013,Navy Midshipmen,Ken Niumatalolo,2007,Ivin Jasper,Buddy Green
2013,Nebraska Cornhuskers,Bo Pelini,2008,Tim Beck,John Papuchis
2013,Nevada Wolf Pack,Brian Polian,2013,Nick Rolovich,Scott Hazelton
2013,New Mexico Lobos,Bob Davie,2012,Bob DeBesse,Jeff Mills
2013,New Mexico State Aggies,Doug Martin,2013,Gregg Brandon,David Elson
2013,North Carolina Tar Heels,Larry Fedora,2012,Blake Anderson,Dan Disch
2013,North Texas Mean Green,Dan McCarney,2011,Mike Canales,John Skladany
2013,Northern Illinois Huskies,Rod Carey,2013,Bob Cole,Jay Niemann
2013,Northwestern Wildcats,Pat Fitzgerald,2006,Mick McCall,Mike Hankwitz
2013,Notre Dame Fighting Irish,Brian Kelly,2010,Chuck Martin,Bob Diaco
2013,Ohio Bobcats,Frank Solich,2005,Tim Albin,Jimmy Burrow
2013,Ohio State Buckeyes,Urban Meyer,2012,Tom Herman / Ed Warriner,Luke Fickell / Everett Withers
2013,Oklahoma Sooners,Bob Stoops,1999,Josh Heupel / Jay Norvell,Mike Stoops
2013,Oklahoma State Cowboys,Mike Gundy,2005,Mike Yurcich,Vacant
2013,Ole Miss Rebels,Hugh Freeze,2012,Matt Luke / Dan Werner,Wesley McGriff / Dave Wommack
2013,Oregon Ducks,Mark Helfrich,2013,Scott Frost,Nick Aliotti
2013,Oregon State Beavers,Mike Riley,,Danny Langsdorf,Mark Banker
2013,Penn State Nittany Lions,Bill O'Brien,2012,Vacant,John Butler
2013,Pittsburgh Panthers,Paul Chryst,2012,Joe Rudolph,Matt House
2013,Purdue Boilermakers,Darrell Hazell,2013,John Shoop,Greg Hudson
2013,Rice Owls,David Bailiff,2007,John Regan,Craig Naviar
2013,Rutgers Scarlet Knights,Kyle Flood,2012,Ron Prince,Dave Cohen
2013,SMU Mustangs,June Jones,2008,Jason Phillips,Tom Mason
2013,San Diego State Aztecs,Rocky Long,2011,Bob Toledo,Rocky Long
2013,San José State Spartans,Ron Caragher,2013,Jimmie Dougherty,Kenwick Thompson
2013,South Alabama Jaguars,Joey Jones,,Robert Matthews,Kevin Sherrer
2013,South Carolina Gamecocks,Steve Spurrier,2005,Steve Spurrier,Lorenzo Ward
2013,South Florida Bulls,Willie Taggart,2013,Walt Wells,Chuck Bresnahan
2013,Southern Mississippi Golden Eagles,Todd Monken,2013,Marcus Arroyo,David Duggan
2013,Stanford Cardinal,David Shaw,2011,Mike Bloomgren,Derek Mason
2013,Syracuse Orange,Scott Shafer,2013,George McDonald,Chuck Bullough
2013,TCU Horned Frogs,Gary Patterson,2000,Jarrett Anderson,Dick Bumpas
2013,Temple Owls,Matt Rhule,2013,Marcus Satterfield,Phil Snow
2013,Tennessee Volunteers,Butch Jones,2013,Mike Bajakian,John Jancek
2013,Texas A&M Aggies,Kevin Sumlin,2012,Clarence McKinney / Jake Spavital,Mark Snyder / Marcel Yates
2013,Texas Longhorns,Mack Brown,1998,Major Applewhite / Darrell Wyatt,Manny Diaz
2013,Texas State Bobcats,Dennis Franchione,,Jeff Conway / Mike Schultz,Craig Naivar
2013,Texas Tech Red Raiders,Kliff Kingsbury,2013,Sonny Cumbie / Eric Morris,Mike Smith / Matt Wallerstedt
2013,Toledo Rockets,Matt Campbell,2012,Louis Ayeni / Jason Candle,Tom Matukewicz
2013,Troy Trojans,Larry Blakeney,1991,Kenny Edenfield,Wayne Bolt
2013,Tulane Green Wave,Curtis Johnson,2012,Eric Price,Jon Sumrall / Lionel Washington
2013,Tulsa Golden Hurricane,Bill Blankenship,2011,Greg Peterson,Brent Guy
2013,UAB Blazers,Garrick McGee,2012,Richard Owens,Reggie Johnson
2013,UCF Knights,George O'Leary,2004,Charlie Taaffe,Jim Fleming
2013,UCLA Bruins,Jim L. Mora,2012,Noel Mazzone,Lou Spanos
2013,UConn Huskies,Paul Pasqualoni,2011,T.J. Weist,Hank Hughes
2013,UMass Minutemen,Charley Molnar,2012,John Bond,Phil Elmassian
2013,UNLV Rebels,Bobby Hauck,2010,Timm Rosenbach,Tim Hauck
2013,USC Trojans,Lane Kiffin,2010,Vacant,Clancy Pendergast
2013,UTEP Miners,Sean Kugler,2013,Patrick Higgins,Scott Stoker
2013,UTSA Roadrunners,Larry Coker,,Kevin Brown,Neal Neathery
2013,Utah State Aggies,Matt Wells,2013,Kevin McGiven / Luke Wells,Todd Orlando
2013,Utah Utes,Kyle Whittingham,2005,Dennis Erickson / Brian Johnson,Kalani Sitake
2013,Vanderbilt Commodores,James Franklin,2011,John Donovan,Bob Shoop
2013,Virginia Cavaliers,Mike London,2010,Steve Fairchild,Jon Tenuta
2013,Virginia Tech Hokies,Frank Beamer,1987,Scot Loeffler,Bud Foster
2013,Wake Forest Demon Deacons,Jim Grobe,2001,Steed Lobotzke,Brian Knorr
2013,Washington Huskies,Steve Sarkisian,2009,Eric Kiesau,Justin Wilcox
2013,Washington State Cougars,Mike Leach,2012,Vacant,Mike Breske
2013,West Virginia Mountaineers,Dana Holgorsen,2011,Shannon Dawson,Joe DeForest / Keith Patterson
2013,Western Kentucky Hilltoppers,Bobby Petrino,2013,Jeff Brohm,Nick Holt
2013,Western Michigan Broncos,P. J. Fleck,2013,Kirk Ciarocca,Ed Pinkham
2013,Wisconsin Badgers,Gary Andersen,2013,Andy Ludwig,Dave Aranda
2013,Wyoming Cowboys,Dave Christensen,2009,Jim Harding / Pete Kaligis,Chris Tormey
2014,Air Force Falcons,Troy Calhoun,2007,Clay Hendrix,Steve Russ
2014,Akron Zips,Terry Bowden,2012,AJ Milwee,Chuck Amato
2014,Alabama Crimson Tide,Nick Saban,2007,Lane Kiffin,Kirby Smart
2014,Appalachian State Mountaineers,Scott Satterfield,2013,Frank Ponce,Nate Woody
2014,Arizona State Sun Devils,Todd Graham,2012,Mike Norvell,Chris Ball / Keith Patterson
2014,Arizona Wildcats,Rich Rodriguez,2012,Calvin Magee / Rod Smith,Jeff Casteel
2014,Arkansas Razorbacks,Bret Bielema,2013,Jim Chaney,Robb Smith
2014,Arkansas State Red Wolves,Blake Anderson,2014,Walt Bell / Glen Elarbee,Joe Cauthen
2014,Army Black Knights,Jeff Monken,2014,Brent Davis,Jay Bateman
2014,Auburn Tigers,Gus Malzahn,2013,Dameyune Craig / Rhett Lashlee,Charlie Harbison / Ellis Johnson
2014,BYU Cougars,Bronco Mendenhall,2005,Robert Anae,Nick Howell
2014,Ball State Cardinals,Pete Lembo,2011,Joey Lynch,Kevin Kelly
2014,Baylor Bears,Art Briles,2008,Philip Montgomery,Phil Bennett
2014,Boise State Broncos,Bryan Harsin,2014,Mike Sanford Jr.,Marcel Yates
2014,Boston College Eagles,Steve Addazio,2013,Ryan Day,Don Brown
2014,Bowling Green Falcons,Dino Babers,2014,Sterlin Gilbert / Matt Mattox,Kim McCloud
2014,Buffalo Bulls,Jeff Quinn,2010,Alex Wood,Bob Linguist / Lou Tepper
2014,California Golden Bears,Sonny Dykes,2013,Tony Franklin,Art Kaufman
2014,Central Michigan Chippewas,Dan Enos,2010,Morris Watts,Joe Tumpkin
2014,Cincinnati Bearcats,Tommy Tuberville,2013,Eddie Gran,Hank Hughes / Robert Prunty
2014,Clemson Tigers,Dabo Swinney,2008,Chad Morris,Marion Hobby / Brent Venables
2014,Colorado Buffaloes,Mike MacIntyre,2013,Brian Lindgren,Kent Baer
2014,Colorado State Rams,Jim McElwain,2012,Dave Baldwin,Marty English / Al Simmons
2014,Duke Blue Devils,David Cutcliffe,2008,Scottie Montgomery,Jim Knowles
2014,East Carolina Pirates,Ruffin McNeil,2010,Lincoln Riley,Rick Smith
2014,Eastern Michigan Eagles,Chris Creighton,2014,Kalen DeBoer,Brad McCaslin
2014,Florida Atlantic Owls,Charlie Partridge,2014,Brian Wright,Roc Bellantoni
2014,Florida Gators,Will Muschamp,2011,Kurt Roper,D.J. Durkin
2014,Florida International Golden Panthers,Ron Turner,2013,Steve Shankweiler,Josh Conklin
2014,Florida State Seminoles,Jimbo Fisher,2010,Lawrence Dawsey / Randy Sanders,Charles Kelly
2014,Fresno State Bulldogs,Tim DeRuyter,2012,Dave Schramm,Nick Toth
2014,Georgia Bulldogs,Mark Richt,2001,Mike Bobo,Jeremy Pruitt
2014,Georgia Southern Eagles,Willie Fritz,2014,Doug Ruse,Jack Curtis
2014,Georgia State Panthers,Trent Miles,2013,Jeff Jagodzinski,Jesse Minter
2014,Georgia Tech Yellow Jackets,Paul Johnson,2008,Paul Johnson,Ted Roof
2014,Hawai'i Rainbow Warriors,Norm Chow,2012,Aaron Price,Kevin Clune
2014,Houston Cougars,Tony Levine,2012,Travis Bush,David Gibbs
2014,Idaho Vandals,Paul Petrino,2013,Kris Cinkovich,Ronnie Lee
2014,Illinois Fighting Illini,Tim Beckman,2012,Bill Cubit,Tim Banks
2014,Indiana Hoosiers,Kevin Wilson,2011,Kevin Johns,Brian Knorr
2014,Iowa Hawkeyes,Kirk Ferentz,1999,Greg Davis,Phil Parker
2014,Iowa State Cyclones,Paul Rhoads,2009,Mark Mangino,Wally Burnham
2014,Kansas Jayhawks,Charlie Weis,2012,John Regan,Clint Bowen
2014,Kansas State Wildcats,Bill Snyder,,Dana Dimel / Del Miller,Tom Hayes
2014,Kent State Golden Flashes,Paul Haynes,2013,Brian Rock,Brian George
2014,Kentucky Wildcats,Mark Stoops,2013,Neal Brown,D.J. Eliot
2014,LSU Tigers,Les Miles,2005,Cam Cameron,John Chavis
2014,Louisiana Monroe Warhawks,Todd Berry,2010,Steve Farmer,Troy Reffett
2014,Louisiana Ragin' Cajuns,Mark Hudspeth,2011,Jay Johnson,James Willis
2014,Louisiana Tech Bulldogs,Skip Holtz,2013,Tony Petersen,Manny Diaz
2014,Louisville Cardinals,Bobby Petrino,,Garrick McGee,Todd Grantham
2014,Marshall Thundering Herd,Doc Holliday,2010,Bill Legg,Chuck Heater
2014,Maryland Terrapins,Randy Edsall,2011,Mike Locksley,Brian Stewart
2014,Memphis Tigers,Justin Fuente,2012,Darrell Dickey,Barry Odom
2014,Miami (OH) RedHawks,Chuck Martin,2014,George Barnett / Eric Koehler,Matt Pawlowski
2014,Miami Hurricanes,Al Golden,2011,James Coley,Mark D'Onofrio
2014,Michigan State Spartans,Mark Dantonio,2007,Jim Bollman / Dave Warner,Pat Narduzzi
2014,Michigan Wolverines,Brady Hoke,2011,Doug Nussmeier,Greg Mattison
2014,Middle Tennessee Blue Raiders,Rick Stockstill,2006,Willie Simmons,Steve Ellis / Tyrone Nix
2014,Minnesota Golden Gophers,Jerry Kill,2011,Matt Limegrover,Tracy Claeys
2014,Mississippi State Bulldogs,Dan Mullen,2009,Billy Gonzales / John Hevesy,Geoff Collins
2014,Missouri Tigers,Gary Pinkel,2001,Josh Henson,Dave Steckel
2014,NC State Wolfpack,Dave Doeren,2013,Matt Canada,Dave Huxtable
2014,Navy Midshipmen,Ken Niumatalolo,2007,Ivin Jasper,Buddy Green
2014,Nebraska Cornhuskers,Bo Pelini,2008,Tim Beck,John Papuchis
2014,Nevada Wolf Pack,Brian Polian,2013,Nick Rolovich,Vacant
2014,New Mexico Lobos,Bob Davie,2012,Bob DeBesse,Kevin Cosgrove
2014,New Mexico State Aggies,Doug Martin,2013,Gregg Brandon,Larry Coyer
2014,North Carolina Tar Heels,Larry Fedora,2012,Seth Littrell,Dan Disch
2014,North Texas Mean Green,Dan McCarney,2011,Mike Canales,John Skladany
2014,Northern Illinois Huskies,Rod Carey,2013,Bob Cole,Jay Niemann
2014,Northwestern Wildcats,Pat Fitzgerald,2006,Mick McCall,Mike Hankwitz
2014,Notre Dame Fighting Irish,Brian Kelly,2010,Mike Denbrock,Brian VanGorder
2014,Ohio Bobcats,Frank Solich,2005,Tim Albin / Scott Isphording,Jimmy Burrow
2014,Ohio State Buckeyes,Urban Meyer,2012,Tom Herman / Ed Warriner,Chris Ash / Larry Johnson
2014,Oklahoma Sooners,Bob Stoops,1999,Josh Heupel / Jay Norvell,Mike Stoops
2014,Oklahoma State Cowboys,Mike Gundy,2005,Mike Yurcich,Glenn Spencer
2014,Old Dominion Monarchs,Bobby Wilder,2009,Brian Scott,Rich Nagy
2014,Ole Miss Rebels,Hugh Freeze,2012,Matt Luke / Dan Werner,Wesley McGriff / Dave Wommack
2014,Oregon Ducks,Mark Helfrich,2013,Scott Frost,Don Pellum
2014,Oregon State Beavers,Mike Riley,,John Garrett,Mark Banker
2014,Penn State Nittany Lions,James Franklin,2014,John Donovan,Brent Pry / Bob Shoop
2014,Pittsburgh Panthers,Paul Chryst,2012,Joe Rudolph,Matt House
2014,Purdue Boilermakers,Darrell Hazell,2013,John Shoop,Greg Hudson
2014,Rice Owls,David Bailiff,2007,Larry Edmondson / Billy Lynch,Craig Naviar
2014,Rutgers Scarlet Knights,Kyle Flood,2012,Ralph Friedgen,Joe Russi
2014,SMU Mustangs,June Jones,2008,Jason Phillips,Tom Mason
2014,San Diego State Aztecs,Rocky Long,2011,Bob Toledo,Rocky Long
2014,San José State Spartans,Ron Caragher,2013,Jimmie Dougherty,Greg Robinson
2014,South Alabama Jaguars,Joey Jones,,Robert Matthews,Travis Pearson
2014,South Carolina Gamecocks,Steve Spurrier,2005,Steve Spurrier,Lorenzo Ward
2014,South Florida Bulls,Willie Taggart,2013,Paul Wulff,Chuck Bresnahan
2014,Southern Mississippi Golden Eagles,Todd Monken,2013,Chip Lindsey,David Duggan
2014,Stanford Cardinal,David Shaw,2011,Mike Bloomgren,Lance Anderson
2014,Syracuse Orange,Scott Shafer,2013,George McDonald,Chuck Bullough
2014,TCU Horned Frogs,Gary Patterson,2000,Sonny Cumbie / Doug Meachem,Dick Bumpas
2014,Temple Owls,Matt Rhule,2013,Marcus Satterfield,Phil Snow
2014,Tennessee Volunteers,Butch Jones,2013,Mike Bajakian,John Jancek
2014,Texas A&M Aggies,Kevin Sumlin,2012,Clarence McKinney / Jake Spavital,Mark Snyder
2014,Texas Longhorns,Charlie Strong,2014,Joe Wickline,Vance Bedford
2014,Texas State Bobcats,Dennis Franchione,,Jeff Conway / Mike Schultz,Craig Naivar
2014,Texas Tech Red Raiders,Kliff Kingsbury,2013,Eric Morris,Mike Smith / Matt Wallerstedt
2014,Toledo Rockets,Matt Campbell,2012,Louis Ayeni / Jason Candle,Jon Heacock
2014,Troy Trojans,Larry Blakeney,1991,Kenny Edenfield,Wayne Bolt
2014,Tulane Green Wave,Curtis Johnson,2012,Eric Price,Jon Sumrall / Lionel Washington
2014,Tulsa Golden Hurricane,Bill Blankenship,2011,Vacant,Brent Guy
2014,UAB Blazers,Bill Clark,2014,Bryant Vincent,Vacant
2014,UCF Knights,George O'Leary,2004,Charlie Taaffe,Paul Ferraro
2014,UCLA Bruins,Jim L. Mora,2012,Noel Mazzone,Jeff Ulbrich
2014,UConn Huskies,Bob Diaco,2014,Mike Cummings,Vincent Brown / Anthony Poindexter
2014,UMass Minutemen,Mark Whipple,,Vacant,Tom Masella
2014,UNLV Rebels,Bobby Hauck,2010,Timm Rosenbach,Tim Hauck
2014,USC Trojans,Steve Sarkisian,2014,Clay Helton,Justin Wilcox
2014,UTEP Miners,Sean Kugler,2013,Patrick Higgins,Scott Stoker
2014,UTSA Roadrunners,Larry Coker,,Kevin Brown,Neal Neathery
2014,Utah State Aggies,Matt Wells,2013,Kevin McGiven / Luke Wells,Todd Orlando
2014,Utah Utes,Kyle Whittingham,2005,Dave Christensen,Kalani Sitake
2014,Vanderbilt Commodores,Derek Mason,2014,Karl Dorrell,David Kotulski
2014,Virginia Cavaliers,Mike London,2010,Steve Fairchild,Jon Tenuta
2014,Virginia Tech Hokies,Frank Beamer,1987,Scot Loeffler,Bud Foster
2014,Wake Forest Demon Deacons,Dave Clawson,2014,Warren Ruggiero,Mike Elko
2014,Washington Huskies,Chris Petersen,2014,Jonathan Smith,Pete Kwiatkowski
2014,Washington State Cougars,Mike Leach,2012,Vacant,Mike Breske
2014,West Virginia Mountaineers,Dana Holgorsen,2011,Shannon Dawson,Tony Gibson
2014,Western Kentucky Hilltoppers,Jeff Brohm,2014,Tyson Helton,Nick Holt
2014,Western Michigan Broncos,P. J. Fleck,2013,Kirk Ciarocca,Ed Pinkham
2014,Wisconsin Badgers,Gary Andersen,2013,Andy Ludwig,Dave Aranda
2014,Wyoming Cowboys,Craig Bohl,2014,Brent Vigen,Steve Stannard
2015,Air Force Falcons,Troy Calhoun,2007,Clay Hendrix,Steve Russ
2015,Akron Zips,Terry Bowden,2012,AJ Milwee,Chuck Amato
2015,Alabama Crimson Tide,Nick Saban,2007,Lane Kiffin,Kirby Smart
2015,Appalachian State Mountaineers,Scott Satterfield,2013,Frank Ponce,Nate Woody
2015,Arizona State Sun Devils,Todd Graham,2012,Mike Norvell,Chris Ball / Keith Patterson
2015,Arizona Wildcats,Rich Rodriguez,2012,Calvin Magee / Rod Smith,Jeff Casteel
2015,Arkansas Razorbacks,Bret Bielema,2013,Dan Enos,Robb Smith
2015,Arkansas State Red Wolves,Blake Anderson,2014,Walt Bell / Glen Elarbee,Joe Cauthen
2015,Army Black Knights,Jeff Monken,2014,Brent Davis,Jay Bateman
2015,Auburn Tigers,Gus Malzahn,2013,Dameyune Craig / Rhett Lashlee,Will Muschamp
2015,BYU Cougars,Bronco Mendenhall,2005,Robert Anae,Bronco Mendenhall
2015,Ball State Cardinals,Pete Lembo,2011,Joey Lynch,Kevin Kelly
2015,Baylor Bears,Art Briles,2008,Kendal Briles,Phil Bennett
2015,Boise State Broncos,Bryan Harsin,2014,Eliah Drinkwitz,Marcel Yates
2015,Boston College Eagles,Steve Addazio,2013,Todd Fitch,Don Brown
2015,Bowling Green Falcons,Dino Babers,2014,Mike Lynch / Sean Lewis,Brian Ward
2015,Buffalo Bulls,Lance Leipold,2015,Andy Kotelnicki,Brian Borland
2015,California Golden Bears,Sonny Dykes,2013,Tony Franklin,Art Kaufman
2015,Central Michigan Chippewas,John Bonamego,2015,Morris Watts,Greg Colby
2015,Cincinnati Bearcats,Tommy Tuberville,2013,Eddie Gran,Robert Prunty
2015,Clemson Tigers,Dabo Swinney,2008,Tony Elliott / Jeff Scott,Marion Hobby / Brent Venables
2015,Colorado Buffaloes,Mike MacIntyre,2013,Brian Lindgren,Jim Leavitt
2015,Colorado State Rams,Mike Bobo,2015,Will Friend,Tyson Summers
2015,Duke Blue Devils,David Cutcliffe,2008,Scottie Montgomery,Jim Collins / Jim Knowles
2015,East Carolina Pirates,Ruffin McNeill,2010,Dave Nichol,Rick Smith
2015,Eastern Michigan Eagles,Chris Creighton,2014,Kalen DeBoer,Brad McCaslin
2015,Florida Atlantic Owls,Charlie Partridge,2014,Brian Wright,Roc Bellantoni
2015,Florida Gators,Jim McElwain,2015,Doug Nussmeier,Geoff Collins / Randy Shannon
2015,Florida International Golden Panthers,Ron Turner,2013,Steve Shankweiler,Matt House
2015,Florida State Seminoles,Jimbo Fisher,2010,Lawrence Dawsey / Randy Sanders,Charles Kelly
2015,Fresno State Bulldogs,Tim DeRuyter,2012,Dave Schramm,Nick Toth
2015,Georgia Bulldogs,Mark Richt,2001,Brian Schottenheimer,Jeremy Pruitt
2015,Georgia Southern Eagles,Willie Fritz,2014,Doug Ruse,Jack Curtis
2015,Georgia State Panthers,Trent Miles,2013,Jeff Jagodzinski,Jesse Minter
2015,Georgia Tech Yellow Jackets,Paul Johnson,2008,Paul Johnson,Ted Roof
2015,Hawai'i Rainbow Warriors,Norm Chow,2012,Don Bailey,Tom Mason
2015,Houston Cougars,Tom Herman,2015,Major Applewhite,Craig Naivar / Todd Orlando
2015,Idaho Vandals,Paul Petrino,2013,Kris Cinkovich,Mike Breske
2015,Illinois Fighting Illini,Bill Cubit,2015,Bill Cubit,Tim Banks / Mike Phair
2015,Indiana Hoosiers,Kevin Wilson,2011,Kevin Johns,Brian Knorr
2015,Iowa Hawkeyes,Kirk Ferentz,1999,Greg Davis,Phil Parker
2015,Iowa State Cyclones,Paul Rhoads,2009,Mark Mangino,Wally Burnham
2015,Kansas Jayhawks,David Beaty,2015,Rob Likens,Clint Bowen / Kenny Perry
2015,Kansas State Wildcats,Bill Snyder,,Dana Dimel / Del Miller,Tom Hayes
2015,Kent State Golden Flashes,Paul Haynes,2013,Don Treadwell,Brian George
2015,Kentucky Wildcats,Mark Stoops,2013,Shannon Dawson,D.J. Eliot
2015,LSU Tigers,Les Miles,2005,Cam Cameron,Kevin Steele
2015,Louisiana Monroe Warhawks,Todd Berry,2010,Steve Farmer,Travis Niekamp / Adam Waugh
2015,Louisiana Ragin' Cajuns,Mark Hudspeth,2011,Jay Johnson,Melvin Smith / James Willis
2015,Louisiana Tech Bulldogs,Skip Holtz,2013,Tony Petersen,Blake Baker
2015,Louisville Cardinals,Bobby Petrino,,Garrick McGee,Todd Grantham
2015,Marshall Thundering Herd,Doc Holliday,2010,Bill Legg,Chuck Heater
2015,Maryland Terrapins,Randy Edsall,2011,Mike Locksley,Keith Dudzinski
2015,Memphis Tigers,Justin Fuente,2012,Brad Cornelsen / Darrell Dickey,Galen Scott
2015,Miami (OH) RedHawks,Chuck Martin,2014,George Barnett / Eric Koehler,Matt Pawlowski
2015,Miami Hurricanes,Al Golden,2011,James Coley,Mark D'Onofrio
2015,Michigan State Spartans,Mark Dantonio,2007,Jim Bollman / Dave Warner,Harlon Barnett / Mike Tressel
2015,Michigan Wolverines,Jim Harbaugh,2015,Tim Drevno,D.J. Durkin
2015,Middle Tennessee Blue Raiders,Rick Stockstill,2006,Willie Simmons,Steve Ellis / Tyrone Nix
2015,Minnesota Golden Gophers,Jerry Kill,2011,Matt Limegrover,Tracy Claeys
2015,Mississippi State Bulldogs,Dan Mullen,2009,Billy Gonzales / John Hevesy,Manny Diaz
2015,Missouri Tigers,Gary Pinkel,2001,Josh Henson,Barry Odom
2015,NC State Wolfpack,Dave Doeren,2013,Matt Canada,Dave Huxtable
2015,Navy Midshipmen,Ken Niumatalolo,2007,Ivin Jasper,Buddy Green
2015,Nebraska Cornhuskers,Mike Riley,2015,Danny Langsdorf,Mark Banker / Hank Hughes
2015,Nevada Wolf Pack,Brian Polian,2013,Nick Rolovich,Scott Boone
2015,New Mexico Lobos,Bob Davie,2012,Bob DeBesse,Kevin Cosgrove
2015,New Mexico State Aggies,Doug Martin,2013,Doug Martin,Zane Vance
2015,North Carolina Tar Heels,Larry Fedora,2012,Seth Littrell,Gene Chizik
2015,North Texas Mean Green,Dan McCarney,2011,Mike Canales,Chris Cosh
2015,Northern Illinois Huskies,Rod Carey,2013,Bob Cole,Jay Niemann
2015,Northwestern Wildcats,Pat Fitzgerald,2006,Mick McCall,Mike Hankwitz
2015,Notre Dame Fighting Irish,Brian Kelly,2010,Mike Sanford Jr.,Brian VanGorder
2015,Ohio Bobcats,Frank Solich,2005,Tim Albin / Scott Isphording,Jimmy Burrow
2015,Ohio State Buckeyes,Urban Meyer,2012,Tim Beck / Ed Warriner,Chris Ash / Luke Fickell
2015,Oklahoma Sooners,Bob Stoops,1999,Lincoln Riley,Mike Stoops
2015,Oklahoma State Cowboys,Mike Gundy,2005,Mike Yurcich,Glenn Spencer
2015,Old Dominion Monarchs,Bobby Wilder,2009,Brian Scott,Rich Nagy
2015,Ole Miss Rebels,Hugh Freeze,2012,Matt Luke / Dan Werner,Jason Jones / Dave Wommack
2015,Oregon Ducks,Mark Helfrich,2013,Scott Frost,Don Pellum
2015,Oregon State Beavers,Gary Andersen,2015,Dave Baldwin,Kalani Sitake
2015,Penn State Nittany Lions,James Franklin,2014,John Donovan,Brent Pry / Bob Shoop
2015,Pittsburgh Panthers,Pat Narduzzi,2015,Jim Chaney,Josh Conklin
2015,Purdue Boilermakers,Darrell Hazell,2013,John Shoop,Greg Hudson
2015,Rice Owls,David Bailiff,2007,Larry Edmondson / Billy Lynch,Chris Thurmond
2015,Rutgers Scarlet Knights,Kyle Flood,2012,Ben McDaniels,Joe Russi
2015,SMU Mustangs,Chad Morris,2015,Joe Craddock,Van Malone
2015,San Diego State Aztecs,Rocky Long,2011,Jeff Horton,Rocky Long
2015,San José State Spartans,Ron Caragher,2013,Al Borges,Greg Robinson
2015,South Alabama Jaguars,Joey Jones,,Bryant Vincent,Travis Pearson
2015,South Carolina Gamecocks,Steve Spurrier,2005,Steve Spurrier,Jon Hoke / Lorenzo Ward
2015,South Florida Bulls,Willie Taggart,2013,Danny Hope / David Reaves,Tom Allen
2015,Southern Mississippi Golden Eagles,Todd Monken,2013,Chip Lindsey,David Duggan
2015,Stanford Cardinal,David Shaw,2011,Mike Bloomgren,Lance Anderson
2015,Syracuse Orange,Scott Shafer,2013,Tim Lester,Chuck Bullough
2015,TCU Horned Frogs,Gary Patterson,2000,Sonny Cumbie / Doug Meachem,DeMontie Cross / Chad Glasglow
2015,Temple Owls,Matt Rhule,2013,Marcus Satterfield,Phil Snow
2015,Tennessee Volunteers,Butch Jones,2013,Mike DeBord,John Jancek
2015,Texas A&M Aggies,Kevin Sumlin,2012,Clarence McKinney / Jake Spavital,John Chavis
2015,Texas Longhorns,Charlie Strong,2014,Joe Wickline,Vance Bedford
2015,Texas State Bobcats,Dennis Franchione,,Jeff Conway / Mike Schultz,John Thompson
2015,Texas Tech Red Raiders,Kliff Kingsbury,2013,Eric Morris,David Gibbs / Mike Smith
2015,Toledo Rockets,Matt Campbell,2012,Louis Ayeni / Jason Candle,Jon Heacock
2015,Troy Trojans,Neal Brown,2015,Kenny Edenfield / Matt Moore,Vic Koenning
2015,Tulane Green Wave,Curtis Johnson,2012,Eric Price,Jason Rollins / Lionel Washington
2015,Tulsa Golden Hurricane,Philip Montgomery,2015,Sterlin Gilbert / Matt Mattox,Brian Norwood / Bill Young
2015,UAB Blazers,Bill Clark,,Vacant,Vacant
2015,UCF Knights,George O'Leary,2004,Brent Key,Chuck Bresnahan
2015,UCLA Bruins,Jim L. Mora,2012,Noel Mazzone,Tom Bradley
2015,UConn Huskies,Bob Diaco,2014,Frank Verducci,Vincent Brown / Anthony Poindexter
2015,UMass Minutemen,Mark Whipple,,Mark Whipple,Tom Masella
2015,UNLV Rebels,Tony Sanchez,2015,Barney Cotton,Kent Baer
2015,USC Trojans,Steve Sarkisian,2014,Clay Helton,Justin Wilcox
2015,UTEP Miners,Sean Kugler,2013,Patrick Higgins,Scott Stoker
2015,UTSA Roadrunners,Larry Coker,,Kevin Brown,Neal Neathery
2015,Utah State Aggies,Matt Wells,2013,Josh Heupel / Luke Wells,Kevin Clune
2015,Utah Utes,Kyle Whittingham,2005,Jim Harding / Aaron Roderick,John Pease
2015,Vanderbilt Commodores,Derek Mason,2014,Andy Ludwig,Derek Mason
2015,Virginia Cavaliers,Mike London,2010,Steve Fairchild,Jon Tenuta
2015,Virginia Tech Hokies,Frank Beamer,1987,Scot Loeffler,Bud Foster
2015,Wake Forest Demon Deacons,Dave Clawson,2014,Warren Ruggiero,Mike Elko
2015,Washington Huskies,Chris Petersen,2014,Jonathan Smith,Pete Kwiatkowski
2015,Washington State Cougars,Mike Leach,2012,Mike Leach,Alex Grinch
2015,West Virginia Mountaineers,Dana Holgorsen,2011,Vacant,Tony Gibson
2015,Western Kentucky Hilltoppers,Jeff Brohm,2014,Tyson Helton,Nick Holt
2015,Western Michigan Broncos,P. J. Fleck,2013,Kirk Ciarocca,Ed Pinkham
2015,Wisconsin Badgers,Paul Chryst,2015,Joe Rudolph,Dave Aranda
2015,Wyoming Cowboys,Craig Bohl,2014,Brent Vigen,Steve Stannard
2016,Air Force Falcons,Troy Calhoun,2007,Mike Thiessen,Steve Russ
2016,Akron Zips,Terry Bowden,2012,AJ Milwee,Chuck Amato
2016,Alabama Crimson Tide,Nick Saban,2007,Lane Kiffin,Jeremy Pruitt
2016,Appalachian State Mountaineers,Scott Satterfield,2013,Frank Ponce,Nate Woody
2016,Arizona State Sun Devils,Todd Graham,2012,Chip Lindsey,Keith Patterson
2016,Arizona Wildcats,Rich Rodriguez,2012,Calvin Magee / Rod Smith,Marcel Yates
2016,Arkansas Razorbacks,Bret Bielema,2013,Dan Enos,Robb Smith
2016,Arkansas State Red Wolves,Blake Anderson,2014,Buster Faulkner,Joe Cauthen
2016,Army Black Knights,Jeff Monken,2014,Brent Davis,Jay Bateman
2016,Auburn Tigers,Gus Malzahn,2013,Rhett Lashlee,Kevin Steele / Wes McGriff
2016,BYU Cougars,Kalani Sitake,2016,Ty Detmer,Ilaisa Tuiaki
2016,Ball State Cardinals,Mike Neu,2016,Joey Lynch,Tim Daoust
2016,Baylor Bears,Jim Grobe,2016,Kendal Briles,Phil Bennett
2016,Boise State Broncos,Bryan Harsin,2014,Zak Hill / Scott Huff,Andy Avalos
2016,Boston College Eagles,Steve Addazio,2013,Scot Loeffler,Jim Reid
2016,Bowling Green Falcons,Mike Jinks,2016,Kevin Kilmer / Andy Padron,Perry Eilano / Marcus White
2016,Buffalo Bulls,Lance Leipold,2015,Andy Kotelnicki,Brian Borland
2016,California Golden Bears,Sonny Dykes,2013,Jake Spavital,Art Kaufman
2016,Central Michigan Chippewas,John Bonamego,2015,Morris Watts,Greg Colby
2016,Charlotte 49ers,Brad Lambert,2013,Jeff Mullen,Matt Wallerstedt
2016,Cincinnati Bearcats,Tommy Tuberville,2013,Zac Taylor,Robert Prunty
2016,Clemson Tigers,Dabo Swinney,2008,Tony Elliott / Jeff Scott,Marion Hobby / Brent Venables
2016,Colorado Buffaloes,Mike MacIntyre,2013,Darrin Chiaverini / Brian Lindgren,Jim Leavitt
2016,Colorado State Rams,Mike Bobo,2015,Will Friend,Marty English
2016,Duke Blue Devils,David Cutcliffe,2008,Zac Roper,Ben Albert / Jim Knowles
2016,East Carolina Pirates,Scottie Montgomery,2016,Tony Petersen,Kenwick Thompson
2016,Eastern Michigan Eagles,Chris Creighton,2014,Kalen DeBoer,Neal Neathery
2016,Florida Atlantic Owls,Charlie Partridge,2014,Travis Trickett,Roc Bellantoni
2016,Florida Gators,Jim McElwain,2015,Doug Nussmeier,Geoff Collins / Randy Shannon
2016,Florida International Golden Panthers,Ron Turner,2013,Steve Shankweiler,Matt House
2016,Florida State Seminoles,Jimbo Fisher,2010,Lawrence Dawsey / Randy Sanders,Charles Kelly
2016,Fresno State Bulldogs,Tim DeRuyter,2012,Eric Kiesau,Lorenzo Ward
2016,Georgia Bulldogs,Kirby Smart,2016,Jim Chaney,Mel Tucker
2016,Georgia Southern Eagles,Tyson Summers,2016,David Dean / Rance Gillespie,Zo Costantini
2016,Georgia State Panthers,Trent Miles,2013,Jeff Jagodzinski,Jesse Minter
2016,Georgia Tech Yellow Jackets,Paul Johnson,2008,Paul Johnson,Ted Roof
2016,Hawai'i Rainbow Warriors,Nick Rolovich,2016,Nick Rolovich,Kevin Lempa
2016,Houston Cougars,Tom Herman,2015,Major Applewhite,Craig Naivar / Todd Orlando
2016,Idaho Vandals,Paul Petrino,2013,Kris Cinkovich,Mike Breske
2016,Illinois Fighting Illini,Lovie Smith,2016,Garrick McGee,Hardy Nickerson
2016,Indiana Hoosiers,Kevin Wilson,2011,Kevin Johns,Tom Allen
2016,Iowa Hawkeyes,Kirk Ferentz,1999,Greg Davis,Phil Parker
2016,Iowa State Cyclones,Matt Campbell,2016,Tom Manning,Jon Heacock
2016,Kansas Jayhawks,David Beaty,2015,Rob Likens,Clint Bowen / Kenny Perry
2016,Kansas State Wildcats,Bill Snyder,,Dana Dimel / Del Miller,Tom Hayes
2016,Kent State Golden Flashes,Paul Haynes,2013,Don Treadwell,Ben Needham
2016,Kentucky Wildcats,Mark Stoops,2013,Eddie Gran / Alex Hinshaw,D.J. Eliot
2016,LSU Tigers,Les Miles,2005,Cam Cameron,Dave Aranda
2016,Louisiana Monroe Warhawks,Matt Viator,2016,Matt Kubik,Mike Collins
2016,Louisiana Ragin' Cajuns,Mark Hudspeth,2011,Jorge Munoz,Charlie Harbison / Melvin Smith
2016,Louisiana Tech Bulldogs,Skip Holtz,2013,Todd Fitch,Blake Baker
2016,Louisville Cardinals,Bobby Petrino,,Lonnie Galloway,Todd Grantham
2016,Marshall Thundering Herd,Doc Holliday,2010,Bill Legg,Chuck Heater
2016,Maryland Terrapins,D. J.  Durkin,2016,Walt Bell,Scott Shafer
2016,Memphis Tigers,Mike Norvell,2016,Chip Long,Chris Ball
2016,Miami (OH) RedHawks,Chuck Martin,2014,George Barnett / Eric Koehler,Matt Pawlowski
2016,Miami Hurricanes,Mark Richt,2016,Thomas Brown,Manny Diaz
2016,Michigan State Spartans,Mark Dantonio,2007,Jim Bollman / Dave Warner,Harlon Barnett / Mike Tressel
2016,Michigan Wolverines,Jim Harbaugh,2015,Tim Drevno,Don Brown
2016,Middle Tennessee Blue Raiders,Rick Stockstill,2006,Tony Franklin,Tyrone Nix
2016,Minnesota Golden Gophers,Tracy Claeys,2015,Jay Johnson,Jack Sawvel
2016,Mississippi State Bulldogs,Dan Mullen,2009,Billy Gonzales / John Hevsey,Peter Sirmon
2016,Missouri Tigers,Barry Odom,2016,Josh Heupel,DeMontie Cross
2016,NC State Wolfpack,Dave Doeren,2013,Eliah Drinkwitz,Dave Huxtable
2016,Navy Midshipmen,Ken Niumatalolo,2007,Ivin Jasper,Dale Pehrson
2016,Nebraska Cornhuskers,Mike Riley,2015,Danny Langsdorf,Mark Banker
2016,Nevada Wolf Pack,Brian Polian,2013,Tim Cramsey,Scott Boone
2016,New Mexico Lobos,Bob Davie,2012,Bob DeBesse,Kevin Cosgrove
2016,New Mexico State Aggies,Doug Martin,2013,Doug Martin,Frank Spaziani
2016,North Carolina Tar Heels,Larry Fedora,2012,Chris Kapilovic,Gene Chizik
2016,North Texas Mean Green,Seth Littrell,2016,Graham Harrell,Mike Ekeler
2016,Northern Illinois Huskies,Rod Carey,2013,Mike Uremovich,Kevin Kane
2016,Northwestern Wildcats,Pat Fitzgerald,2006,Mick McCall,Mike Hankwitz
2016,Notre Dame Fighting Irish,Brian Kelly,2010,Mike Sanford Jr.,Brian VanGorder
2016,Ohio Bobcats,Frank Solich,2005,Tim Albin / Scott Isphording,Jimmy Burrow
2016,Ohio State Buckeyes,Urban Meyer,2012,Tim Beck / Ed Warriner,Luke Fickell / Greg Schiano
2016,Oklahoma Sooners,Bob Stoops,1999,Lincoln Riley,Mike Stoops
2016,Oklahoma State Cowboys,Mike Gundy,2005,Mike Yurcich,Glenn Spencer
2016,Old Dominion Monarchs,Bobby Wilder,2009,Brian Scott,Rich Nagy
2016,Ole Miss Rebels,Hugh Freeze,2012,Matt Luke / Dan Werner,Jason Jones / Dave Wommack
2016,Oregon Ducks,Mark Helfrich,2013,Matt Lubick,Brady Hoke
2016,Oregon State Beavers,Gary Andersen,2015,Kevin McGiven / T.J. Woods,Kevin Clune
2016,Penn State Nittany Lions,James Franklin,2014,Joe Moorhead,Brent Pry / Tim Banks
2016,Pittsburgh Panthers,Pat Narduzzi,2015,Matt Canada,Josh Conklin
2016,Purdue Boilermakers,Darrell Hazell,2013,Terry Malone,Ross Els
2016,Rice Owls,David Bailiff,2007,Larry Edmondson / Billy Lynch,Chris Thurmond
2016,Rutgers Scarlet Knights,Chris Ash,2016,Drew Mehringer,Jay Niemann
2016,SMU Mustangs,Chad Morris,2015,Joe Craddock,Van Malone
2016,San Diego State Aztecs,Rocky Long,2011,Jeff Horton,Rocky Long
2016,San José State Spartans,Ron Caragher,2013,Al Borges,Ron English
2016,South Alabama Jaguars,Joey Jones,,Richard Owens / Bryant Vincent,Kane Wommack
2016,South Carolina Gamecocks,Will Muschamp,2016,Bryan McClendon / Kurt Roper,Travaris Robinson
2016,South Florida Bulls,Willie Taggart,2013,David Reaves,Raymond Woodie
2016,Southern Mississippi Golden Eagles,Jay Hopson,2016,Shannon Dawson,Tony Pecoraro
2016,Stanford Cardinal,David Shaw,2011,Mike Bloomgren,Lance Anderson
2016,Syracuse Orange,Dino Babers,2016,Mike Lynch / Sean Lewis,Brian Ward
2016,TCU Horned Frogs,Gary Patterson,2000,Sonny Cumbie / Doug Meacham,Chad Glasgow
2016,Temple Owls,Matt Rhule,2013,Glenn Thomas,Phil Snow
2016,Tennessee Volunteers,Butch Jones,2013,Mike DeBord,Bob Shoop
2016,Texas A&M Aggies,Kevin Sumlin,2012,Noel Mazzone,John Chavis
2016,Texas Longhorns,Charlie Strong,2014,Sterlin Gilbert,Vance Bedford
2016,Texas State Bobcats,Everett Withers,2016,Brett Elliott,Randall McCray
2016,Texas Tech Red Raiders,Kliff Kingsbury,2013,Eric Morris,David Gibbs
2016,Toledo Rockets,Jason Candle,2016,Brian Wright,Brian George
2016,Troy Trojans,Neal Brown,2015,Kenny Edenfield / Matt Moore,Vic Koenning
2016,Tulane Green Wave,Willie Fritz,2016,Doug Ruse,Jack Curtis
2016,Tulsa Golden Hurricane,Philip Montgomery,2015,Philip Montgomery,Brian Norwood / Bill Young
2016,UCF Knights,Scott Frost,2016,Troy Walters,Erik Chinander
2016,UCLA Bruins,Jim L. Mora,2012,Kennedy Polamalu,Tom Bradley
2016,UConn Huskies,Bob Diaco,2014,Frank Verducci,Vincent Brown / Anthony Poindexter
2016,UMass Minutemen,Mark Whipple,,Mark Whipple,Tom Masella
2016,UNLV Rebels,Tony Sanchez,2015,Barney Cotton,Kent Baer
2016,USC Trojans,Clay Helton,2015,Tee Martin,Clancy Pendergast
2016,UTEP Miners,Sean Kugler,2013,Brent Pease,Tom Mason
2016,UTSA Roadrunners,Frank Wilson,2016,Frank Scelfo,Pete Golding
2016,Utah State Aggies,Matt Wells,2013,Jovon Bouknight / Luke Wells,Frank Maile / Kendrick Shaver
2016,Utah Utes,Kyle Whittingham,2005,Jim Harding / Aaron Roderick,Morgan Scalley
2016,Vanderbilt Commodores,Derek Mason,2014,Andy Ludwig,Derek Mason
2016,Virginia Cavaliers,Bronco Mendenhall,2016,Robert Anae,Nick Howell
2016,Virginia Tech Hokies,Justin Fuente,2016,Brad Cornelsen,Bud Foster
2016,Wake Forest Demon Deacons,Dave Clawson,2014,Warren Ruggiero,Mike Elko
2016,Washington Huskies,Chris Petersen,2014,Jonathan Smith,Pete Kwiatkowski / Jimmy Lake
2016,Washington State Cougars,Mike Leach,2012,Mike Leach,Alex Grinch
2016,West Virginia Mountaineers,Dana Holgorsen,2011,Joe Wickline,Tony Gibson
2016,Western Kentucky Hilltoppers,Jeff Brohm,2014,Jeff Brohm,Nick Holt
2016,Western Michigan Broncos,P. J. Fleck,2013,Kirk Ciarocca,Ed Pinkham
2016,Wisconsin Badgers,Paul Chryst,2015,Joe Rudolph,Justin Wilcox
2016,Wyoming Cowboys,Craig Bohl,2014,Brent Vigen,Steve Stannard
2017,Air Force Falcons,Troy Calhoun,2007,Mike Thiessen,Steve Russ
2017,Akron Zips,Terry Bowden,2012,AJ Milwee,Chuck Amato
2017,Alabama Crimson Tide,Nick Saban,2007,Brian Daboll / Mike Locksley,Jeremy Pruitt
2017,Appalachian State Mountaineers,Scott Satterfield,2013,Frank Ponce,Nate Woody
2017,Arizona State Sun Devils,Todd Graham,2012,Billy Napier,Phil Bennett
2017,Arizona Wildcats,Rich Rodriguez,2012,Calvin Magee / Rod Smith,Marcel Yates
2017,Arkansas Razorbacks,Bret Bielema,2013,Dan Enos,Paul Rhoads
2017,Arkansas State Red Wolves,Blake Anderson,2014,Buster Faulkner,Joe Cauthen
2017,Army Black Knights,Jeff Monken,2014,Brent Davis,Jay Bateman
2017,Auburn Tigers,Gus Malzahn,2013,Chip Lindsey,Kevin Steele
2017,BYU Cougars,Kalani Sitake,2016,Ty Detmer,Ilaisa Tuiaki
2017,Ball State Cardinals,Mike Neu,2016,Joey Lynch,David Elson
2017,Baylor Bears,Matt Rhule,2017,Matt Lubick / Jeff Nixon,Phil Snow
2017,Boise State Broncos,Bryan Harsin,2014,Zak Hill / Scott Huff,Andy Avalos
2017,Boston College Eagles,Steve Addazio,2013,Scot Loeffler,Jim Reid
2017,Bowling Green Falcons,Mike Jinks,2016,Kevin Kilmer / Andy Padron,Perry Eilano / Marcus White
2017,Buffalo Bulls,Lance Leipold,2015,Andy Kotelnicki,Brian Borland
2017,California Golden Bears,Justin Wilcox,2017,Beau Baldwin,Tim DeRuyter
2017,Central Michigan Chippewas,John Bonamego,2015,Vacant,Greg Colby
2017,Charlotte 49ers,Brad Lambert,2013,Jeff Mullen,Matt Wallerstedt
2017,Cincinnati Bearcats,Luke Fickell,2017,Mike Denbrock,Marcus Freeman
2017,Clemson Tigers,Dabo Swinney,2008,Tony Elliott / Jeff Scott,Brent Venables
2017,Coastal Carolina Chanticleers,Joe Moglia,2012,Jamey Chadwell,Mickey Matthews
2017,Colorado Buffaloes,Mike MacIntyre,2013,Darrin Chiaverini / Brian Lindgren,D. J. Eliot
2017,Colorado State Rams,Mike Bobo,2015,Will Friend,Marty English
2017,Duke Blue Devils,David Cutcliffe,2008,Zac Roper,Ben Albert / Jim Knowles
2017,East Carolina Pirates,Scottie Montgomery,2016,Tony Petersen,Kenwick Thompson
2017,Eastern Michigan Eagles,Chris Creighton,2014,Aaron Keen,Neal Neathery
2017,Florida Atlantic Owls,Lane Kiffin,2017,Kendal Briles,Chris Kiffin
2017,Florida Gators,Jim McElwain,2015,Doug Nussmeier,Chris Rumph / Randy Shannon
2017,Florida International Golden Panthers,Butch Davis,2017,Rich Skrosky,Brent Guy
2017,Florida State Seminoles,Jimbo Fisher,2010,Lawrence Dawsey / Randy Sanders,Charles Kelly
2017,Fresno State Bulldogs,Jeff Tedford,2017,Kalen DeBoer,Orlondo Steinauer
2017,Georgia Bulldogs,Kirby Smart,2016,Jim Chaney,Mel Tucker
2017,Georgia Southern Eagles,Tyson Summers,2016,Bryan Cook,Zo Costantini
2017,Georgia State Panthers,Shawn Elliott,2017,Travis Trickett,Nick Fuqua
2017,Georgia Tech Yellow Jackets,Paul Johnson,2008,Paul Johnson,Ted Roof
2017,Hawai'i Rainbow Warriors,Nick Rolovich,2016,Brian Smith,Legi Suiaunoa
2017,Houston Cougars,Major Applewhite,,Brian Johnson,Mark D'Onofrio / Clay Jennings
2017,Idaho Vandals,Paul Petrino,2013,Kris Cinkovich,Mike Breske
2017,Illinois Fighting Illini,Lovie Smith,2016,Garrick McGee,Hardy Nickerson
2017,Indiana Hoosiers,Tom Allen,2017,Mike DeBord,Tom Allen / Mark Hagen
2017,Iowa Hawkeyes,Kirk Ferentz,1999,Brian Ferentz,Phil Parker
2017,Iowa State Cyclones,Matt Campbell,2016,Tom Manning,Jon Heacock
2017,Kansas Jayhawks,David Beaty,2015,Doug Meacham,Clint Bowen / Kenny Perry
2017,Kansas State Wildcats,Bill Snyder,,Dana Dimel,Tom Hayes
2017,Kent State Golden Flashes,Paul Haynes,2013,Don Treadwell,Ben Needham
2017,Kentucky Wildcats,Mark Stoops,2013,Eddie Gran / Darin Hinshaw,Matt House
2017,LSU Tigers,Ed Orgeron,2016,Matt Canada,Dave Aranda
2017,Louisiana Monroe Warhawks,Matt Viator,2016,Matt Kubik,Mike Collins
2017,Louisiana Ragin' Cajuns,Mark Hudspeth,2011,Will Hall,Charlie Harbison
2017,Louisiana Tech Bulldogs,Skip Holtz,2013,Todd Fitch,Blake Baker
2017,Louisville Cardinals,Bobby Petrino,,Lonnie Galloway / Mike Summers,Peter Sirmon
2017,Marshall Thundering Herd,Doc Holliday,2010,Bill Legg,Chuck Heater
2017,Maryland Terrapins,D. J.  Durkin,2016,Walt Bell,Jimmy Brumbaugh / Andy Buh
2017,Memphis Tigers,Mike Norvell,2016,Darrell Dickey,Chris Ball
2017,Miami (OH) RedHawks,Chuck Martin,2014,George Barnett / Eric Koehler,Matt Pawlowski
2017,Miami Hurricanes,Mark Richt,2016,Thomas Brown,Manny Diaz
2017,Michigan State Spartans,Mark Dantonio,2007,Jim Bollman / Dave Warner,Harlon Barnett / Mike Tressel
2017,Michigan Wolverines,Jim Harbaugh,2015,Tim Drevno,Don Brown
2017,Middle Tennessee Blue Raiders,Rick Stockstill,2006,Tony Franklin,Scott Shafer
2017,Minnesota Golden Gophers,P. J. Fleck,2017,Kirk Ciarrocca,Robb Smith
2017,Mississippi State Bulldogs,Dan Mullen,2009,Billy Gonzales / John Hevsey,Todd Grantham
2017,Missouri Tigers,Barry Odom,2016,Josh Heupel,DeMontie Cross
2017,NC State Wolfpack,Dave Doeren,2013,Eliah Drinkwitz,Dave Huxtable
2017,Navy Midshipmen,Ken Niumatalolo,2007,Ivin Jasper,Dale Pehrson
2017,Nebraska Cornhuskers,Mike Riley,2015,Danny Langsdorf,Bob Diaco
2017,Nevada Wolf Pack,Jay Norvell,2017,Matt Mumme,Jeff Casteel
2017,New Mexico Lobos,Bob Davie,2012,Bob DeBesse,Kevin Cosgrove
2017,New Mexico State Aggies,Doug Martin,2013,Doug Miller,Frank Spaziani
2017,North Carolina Tar Heels,Larry Fedora,2012,Chris Kapilovic,John Papuchis
2017,North Texas Mean Green,Seth Littrell,2016,Graham Harrell,Troy Reffett
2017,Northern Illinois Huskies,Rod Carey,2013,Mike Uremovich,Kevin Kane
2017,Northwestern Wildcats,Pat Fitzgerald,2006,Mick McCall,Mike Hankwitz
2017,Notre Dame Fighting Irish,Brian Kelly,2010,Chip Long,Mike Elko
2017,Ohio Bobcats,Frank Solich,2005,Tim Albin / Scott Isphording,Jimmy Burrow
2017,Ohio State Buckeyes,Urban Meyer,2012,Ryan Day / Kevin Wilson,Greg Schiano
2017,Oklahoma Sooners,Lincoln Riley,2017,Vacant,Mike Stoops
2017,Oklahoma State Cowboys,Mike Gundy,2005,Mike Yurcich,Glenn Spencer
2017,Old Dominion Monarchs,Bobby Wilder,2009,Brian Scott,Rich Nagy
2017,Ole Miss Rebels,Matt Luke,2017,Phil Longo,Wes McGriff
2017,Oregon Ducks,Willie Taggart,2017,Marcus Arroyo / Mario Cristobal,Jim Leavitt
2017,Oregon State Beavers,Gary Andersen,2015,Kevin McGiven / T.J. Woods,Kevin Clune
2017,Penn State Nittany Lions,James Franklin,2014,Joe Moorhead,Brent Pry / Tim Banks
2017,Pittsburgh Panthers,Pat Narduzzi,2015,Shawn Watson,Josh Conklin
2017,Purdue Boilermakers,Jeff Brohm,2017,Brian Brohm / Tony Levine,Nick Holt / Anthony Poindexter
2017,Rice Owls,David Bailiff,2007,Billy Lynch,Brian Stewart
2017,Rutgers Scarlet Knights,Chris Ash,2016,Jerry Kill,Jay Niemann
2017,SMU Mustangs,Chad Morris,2015,Joe Craddock,Van Malone
2017,San Diego State Aztecs,Rocky Long,2011,Jeff Horton,Rocky Long
2017,San José State Spartans,Brent Brennan,2017,Andrew Sowder,Derrick Odum
2017,South Alabama Jaguars,Joey Jones,,Richard Owens / Bryant Vincent,Kane Wommack
2017,South Carolina Gamecocks,Will Muschamp,2016,Bryan McClendon / Kurt Roper,Travaris Robinson
2017,South Florida Bulls,Charlie Strong,2017,Sterlin Gilbert,Brian Jean-Mary
2017,Southern Mississippi Golden Eagles,Jay Hopson,2016,Shannon Dawson,Tony Pecoraro
2017,Stanford Cardinal,David Shaw,2011,Mike Bloomgren,Lance Anderson
2017,Syracuse Orange,Dino Babers,2016,Mike Lynch / Sean Lewis,Brian Ward
2017,TCU Horned Frogs,Gary Patterson,2000,Sonny Cumbie / Curtis Luper,Chad Glasgow
2017,Temple Owls,Geoff Collins,2017,Dave Patenaude,Taver Johnson
2017,Tennessee Volunteers,Butch Jones,2013,Larry Scott,Bob Shoop
2017,Texas A&M Aggies,Kevin Sumlin,2012,Noel Mazzone,John Chavis
2017,Texas Longhorns,Tom Herman,2017,Tim Beck,Todd Orlando
2017,Texas State Bobcats,Everett Withers,2016,Zak Kuhr,Randall McCray
2017,Texas Tech Red Raiders,Kliff Kingsbury,2013,Eric Morris,David Gibbs
2017,Toledo Rockets,Jason Candle,2016,Brian Wright,Brian George
2017,Troy Trojans,Neal Brown,2015,Kenny Edenfield / Matt Moore,Vic Koenning
2017,Tulane Green Wave,Willie Fritz,2016,Doug Ruse,Jack Curtis
2017,Tulsa Golden Hurricane,Philip Montgomery,2015,Philip Montgomery,Brian Norwood / Bill Young
2017,UAB Blazers,Bill Clark,,Les Koenning,David Reeves
2017,UCF Knights,Scott Frost,2016,Troy Walters,Erik Chinander
2017,UCLA Bruins,Jim Mora,2012,Jedd Fisch,Tom Bradley
2017,UConn Huskies,Randy Edsall,2017,Rhett Lashlee,Billy Crocker
2017,UMass Minutemen,Mark Whipple,,Mark Whipple,Ed Pinkham
2017,UNLV Rebels,Tony Sanchez,2015,Barney Cotton,Kent Baer
2017,USC Trojans,Clay Helton,2015,Tee Martin,Clancy Pendergast
2017,UTEP Miners,Sean Kugler,2013,Brent Pease,Tom Mason
2017,UTSA Roadrunners,Frank Wilson,2016,Frank Scelfo,Pete Golding
2017,Utah State Aggies,Matt Wells,2013,David Yost,Frank Maile / Kendrick Shaver
2017,Utah Utes,Kyle Whittingham,2005,Jim Harding / Troy Taylor,Morgan Scalley
2017,Vanderbilt Commodores,Derek Mason,2014,Andy Ludwig,Derek Mason
2017,Virginia Cavaliers,Bronco Mendenhall,2016,Robert Anae,Nick Howell
2017,Virginia Tech Hokies,Justin Fuente,2016,Brad Cornelsen,Bud Foster
2017,Wake Forest Demon Deacons,Dave Clawson,2014,Warren Ruggiero,Jay Sawvel
2017,Washington Huskies,Chris Petersen,2014,Jonathan Smith,Pete Kwiatkowski / Jimmy Lake
2017,Washington State Cougars,Mike Leach,2012,Mike Leach,Alex Grinch
2017,West Virginia Mountaineers,Dana Holgorsen,2011,Jake Spavital,Tony Gibson
2017,Western Kentucky Hilltoppers,Mike Sanford Jr.,2017,Junior Adams,Clayton White
2017,Western Michigan Broncos,Tim Lester,2017,Kevin Johns / Jake Moreland,Tim Daoust / Lou Esposito
2017,Wisconsin Badgers,Paul Chryst,2015,Joe Rudolph,Jim Leonhard
2017,Wyoming Cowboys,Craig Bohl,2014,Brent Vigen,Scottie Hazelton
2018,Air Force Falcons,Troy Calhoun,2007,Mike Thiessen,Vacant
2018,Akron Zips,Terry Bowden,2012,A.J. Milwee,Vacant
2018,Alabama Crimson Tide,Nick Saban,2007,Mike Locksley / Josh Gattis,Tosh Lupoi / Pete Golding
2018,Appalachian State Mountaineers,Scott Satterfield,2013,Frank Ponce / Shawn Clark,Bryan McClellan-Brown / Dale Jones
2018,Arizona State Sun Devils,Herm Edwards,2018,Rob Likens,Danny Gonzales
2018,Arizona Wildcats,Kevin Sumlin,2018,Noel Mazzone,Marcel Yates
2018,Arkansas Razorbacks,Chad Morris,2018,Joe Craddock,John Chavis
2018,Arkansas State Red Wolves,Blake Anderson,2014,Buster Faulkner,Joe Cauthen
2018,Army Black Knights,Jeff Monken,2014,Brent Davis,Jay Bateman
2018,Auburn Tigers,Gus Malzahn,2013,Chip Lindsey,Kevin Steele
2018,BYU Cougars,Kalani Sitake,2016,Jeff Grimes,Ilaisa Tuiaki
2018,Ball State Cardinals,Mike Neu,2016,Joey Lynch,David Elson
2018,Baylor Bears,Matt Rhule,2017,Glenn Thomas / Jeff Nixon,Phil Snow
2018,Boise State Broncos,Bryan Harsin,2014,Zak Hill,Andy Avalos
2018,Boston College Eagles,Steve Addazio,2013,Scot Loeffler,Jim Reid / Anthony Campanile
2018,Bowling Green Falcons,Mike Jinks,2016,Kevin Kilmer / Andy Padron,Carl Pelini / Marcus White
2018,Buffalo Bulls,Lance Leipold,2015,Andy Kotelnicki / Jim Zebrowski,Brian Borland
2018,California Golden Bears,Justin Wilcox,2017,Beau Baldwin,Tim DeRuyter
2018,Central Michigan Chippewas,John Bonamego,2015,Chris Ostrowsky,Greg Colby
2018,Charlotte 49ers,Brad Lambert,2013,Shane Montgomery,Glenn Spencer / Chip West
2018,Cincinnati Bearcats,Luke Fickell,2017,Mike Denbrock,Marcus Freeman
2018,Clemson Tigers,Dabo Swinney,2008,Tony Elliott / Jeff Scott,Brent Venables
2018,Coastal Carolina Chanticleers,Joe Moglia,2012,Jamey Chadwell,Marvin Sanders
2018,Colorado Buffaloes,Mike MacIntyre,2013,Klayton Adams / Darrin Chiaverini,D. J. Eliot
2018,Colorado State Rams,Mike Bobo,2015,Dave Johnson,John Jancek
2018,Duke Blue Devils,David Cutcliffe,2008,Zac Roper,Ben Albert / Matt Geurrieri
2018,East Carolina Pirates,Scottie Montgomery,2016,Tony Petersen,David Blackwell
2018,Eastern Michigan Eagles,Chris Creighton,2014,Aaron Keen,Neal Neathery
2018,Florida Atlantic Owls,Lane Kiffin,2017,Charlie Weis Jr.,Tony Pecoraro
2018,Florida Gators,Dan Mullen,2018,Billy Gonzales / John Hevesy,Todd Grantham
2018,Florida International Golden Panthers,Butch Davis,2017,Rich Skrosky,Brent Guy
2018,Florida State Seminoles,Willie Taggart,2018,Walt Bell,Harlon Barnett
2018,Fresno State Bulldogs,Jeff Tedford,2017,Kalen DeBoer,Bert Watts
2018,Georgia Bulldogs,Kirby Smart,2016,Jim Chaney / James Coley,Mel Tucker
2018,Georgia Southern Eagles,Chad Lunsford,2018,Bob DeBesse,Scot Sloan
2018,Georgia State Panthers,Shawn Elliott,2017,Travis Trickett,Nick Fuqua
2018,Georgia Tech Yellow Jackets,Paul Johnson,2008,Paul Johnson,Nate Woody
2018,Hawai'i Rainbow Warriors,Nick Rolovich,2016,Brian Smith,Corey Batoon
2018,Houston Cougars,Major Applewhite,,Kendal Briles,Mark D'Onofrio
2018,Illinois Fighting Illini,Lovie Smith,2016,Rod Smith,Hardy Nickerson
2018,Indiana Hoosiers,Tom Allen,2017,Mike DeBord,Tom Allen / Mark Hagen
2018,Iowa Hawkeyes,Kirk Ferentz,1999,Brian Ferentz,Phil Parker
2018,Iowa State Cyclones,Matt Campbell,2016,Vacant,Jon Heacock
2018,Kansas Jayhawks,David Beaty,2015,Doug Meacham,Clint Bowen
2018,Kansas State Wildcats,Bill Snyder,,Andre Coleman,Blake Seiler / Brian Norwood
2018,Kent State Golden Flashes,Sean Lewis,2018,Andrew Sowder,Tom Kaufman
2018,Kentucky Wildcats,Mark Stoops,2013,Eddie Gran / Darin Hinshaw,Matt House
2018,LSU Tigers,Ed Orgeron,2016,Steve Ensminger,Dave Aranda
2018,Liberty Flames,Turner Gill,2012,Joe Dailey,Robert Wimberly
2018,Louisiana Monroe Warhawks,Matt Viator,2016,Matt Kubik,Mike Collins
2018,Louisiana Ragin' Cajuns,Billy Napier,2018,Rob Sale,Ron Roberts
2018,Louisiana Tech Bulldogs,Skip Holtz,2013,Todd Fitch,Blake Baker
2018,Louisville Cardinals,Bobby Petrino,,Lonnie Galloway / Mike Summers,Brian VanGorder
2018,Marshall Thundering Herd,Doc Holliday,2010,Tim Cramsey / Todd Goebbel,Adam Fuller
2018,Maryland Terrapins,D. J.  Durkin,2016,Chris Beatty / Matt Canada,Jimmy Brumbaugh / Andy Buh
2018,Memphis Tigers,Mike Norvell,2016,Kenny Dillingham,Chris Ball
2018,Miami (OH) RedHawks,Chuck Martin,2014,George Barnett / Eric Koehler,Spence Nowinsky / John Hauser
2018,Miami Hurricanes,Mark Richt,2016,Thomas Brown / Ron Dugans,Manny Diaz
2018,Michigan State Spartans,Mark Dantonio,2007,Jim Bollman / Dave Warner,Mike Tressel
2018,Michigan Wolverines,Jim Harbaugh,2015,Pep Hamilton,Don Brown
2018,Middle Tennessee Blue Raiders,Rick Stockstill,2006,Tony Franklin,Scott Shafer
2018,Minnesota Golden Gophers,P. J. Fleck,2017,Kirk Ciarrocca,Robb Smith
2018,Mississippi State Bulldogs,Joe Moorhead,2018,Luke Getsy,Bob Shoop
2018,Missouri Tigers,Barry Odom,2016,Derek Dooley,Ryan Walters
2018,NC State Wolfpack,Dave Doeren,2013,Eliah Drinkwitz,Dave Huxtable / Ted Roof
2018,Navy Midshipmen,Ken Niumatalolo,2007,Ivin Jasper,Dale Pehrson
2018,Nebraska Cornhuskers,Scott Frost,2018,Troy Walters,Erik Chinander
2018,Nevada Wolf Pack,Jay Norvell,2017,Matt Mumme,Jeff Casteel
2018,New Mexico Lobos,Bob Davie,2012,Calvin Magee,Kevin Cosgrove
2018,New Mexico State Aggies,Doug Martin,2013,Doug Miller,Frank Spaziani
2018,North Carolina Tar Heels,Larry Fedora,2012,Chris Kapilovic,John Papuchis
2018,North Texas Mean Green,Seth Littrell,2016,Graham Harrell,Troy Reffett
2018,Northern Illinois Huskies,Rod Carey,2013,Mike Uremovich,Jeff Knowles
2018,Northwestern Wildcats,Pat Fitzgerald,2006,Mick McCall,Mike Hankwitz
2018,Notre Dame Fighting Irish,Brian Kelly,2010,Chip Long,Clark Lea
2018,Ohio Bobcats,Frank Solich,2005,Tim Albin / Scott Isphording,Jimmy Burrow
2018,Ohio State Buckeyes,Urban Meyer,2012,Ryan Day / Kevin Wilson,Alex Grinch / Greg Schiano
2018,Oklahoma Sooners,Lincoln Riley,2017,Bill Bedenbaugh / Cale Gundy,Mike Stoops
2018,Oklahoma State Cowboys,Mike Gundy,2005,Mike Yurcich,Jim Knowles
2018,Old Dominion Monarchs,Bobby Wilder,2009,Brian Scott,Rich Nagy
2018,Ole Miss Rebels,Matt Luke,2017,Phil Longo,Wes McGriff
2018,Oregon Ducks,Mario Cristobal,2018,Marcus Arroyo,Jim Leavitt
2018,Oregon State Beavers,Jonathan Smith,2018,Brian Lindgren,Tim Tibesar
2018,Penn State Nittany Lions,James Franklin,2014,Ricky Rahne,Brent Pry / Tim Banks
2018,Pittsburgh Panthers,Pat Narduzzi,2015,Shawn Watson,Randy Bates
2018,Purdue Boilermakers,Jeff Brohm,2017,Brian Brohm / JaMarcus Shepard,Nick Holt / Anthony Poindexter
2018,Rice Owls,Mike Bloomgren,2018,Jerry Mack,Brian Smith
2018,Rutgers Scarlet Knights,Chris Ash,2016,John McNulty,Jay Niemann / Noah Joseph
2018,SMU Mustangs,Sonny Dykes,2018,Rhett Lashlee,Kevin Kane
2018,San Diego State Aztecs,Rocky Long,2011,Jeff Horton,Zach Arnett
2018,San José State Spartans,Brent Brennan,2017,Kevin McGiven,Derrick Odum
2018,South Alabama Jaguars,Steve Campbell,2018,Kenny Edenfield,Greg Stewart
2018,South Carolina Gamecocks,Will Muschamp,2016,Bryan McClendon,Travaris Robinson
2018,South Florida Bulls,Charlie Strong,2017,Sterlin Gilbert,Brian Jean-Mary
2018,Southern Mississippi Golden Eagles,Jay Hopson,2016,Shannon Dawson,Tim Billings / Derek Nicholson
2018,Stanford Cardinal,David Shaw,2011,Tavita Pritchard,Lance Anderson
2018,Syracuse Orange,Dino Babers,2016,Mike Lynch,Brian Ward
2018,TCU Horned Frogs,Gary Patterson,2000,Sonny Cumbie / Curtis Luper,Chad Glasgow
2018,Temple Owls,Geoff Collins,2017,Dave Patenaude,Andrew Thacker
2018,Tennessee Volunteers,Jeremy Pruitt,2018,Tyson Helton,Kevin Sherrer
2018,Texas A&M Aggies,Jimbo Fisher,2018,Darrell Dickey,Mike Elko
2018,Texas Longhorns,Tom Herman,2017,Tim Beck / Herb Hand,Todd Orlando
2018,Texas State Bobcats,Everett Withers,2016,Zak Kuhr,Chris Woods
2018,Texas Tech Red Raiders,Kliff Kingsbury,2013,Kevin Johns,David Gibbs / Zac Spavital
2018,Toledo Rockets,Jason Candle,2016,Brian Wright,Brian George
2018,Troy Trojans,Neal Brown,2015,Matt Moore / Sean Reagan,Vic Koenning
2018,Tulane Green Wave,Willie Fritz,2016,Doug Ruse,Jack Curtis
2018,Tulsa Golden Hurricane,Philip Montgomery,2015,Philip Montgomery,Bill Young
2018,UAB Blazers,Bill Clark,,Bryant Vincent,David Reeves
2018,UCF Knights,Josh Heupel,2018,Josh Heupel,Randy Shannon
2018,UCLA Bruins,Chip Kelly,2018,Chip Kelly,Jerry Azzinaro
2018,UConn Huskies,Randy Edsall,,John Dunn,Billy Crocker
2018,UMass Minutemen,Mark Whipple,,Mark Whipple,Ed Pinkham
2018,UNLV Rebels,Tony Sanchez,2015,Barney Cotton,Tim Skipper
2018,USC Trojans,Clay Helton,2015,Tee Martin,Clancy Pendergast
2018,UTEP Miners,Dana Dimel,2018,Mike Canales,Mike Cox
2018,UTSA Roadrunners,Frank Wilson,2016,Al Borges,Jason Rollins
2018,Utah State Aggies,Matt Wells,2013,David Yost,Frank Maile / Keith Patterson
2018,Utah Utes,Kyle Whittingham,2005,Troy Taylor,Morgan Scalley
2018,Vanderbilt Commodores,Derek Mason,2014,Andy Ludwig,Jason Tarver
2018,Virginia Cavaliers,Bronco Mendenhall,2016,Robert Anae,Nick Howell / Kelly Poppinga
2018,Virginia Tech Hokies,Justin Fuente,2016,Brad Cornelsen,Bud Foster
2018,Wake Forest Demon Deacons,Dave Clawson,2014,Warren Ruggiero,Jay Sawvel
2018,Washington Huskies,Chris Petersen,2014,Bush Hamdan / Matt Lubick,Pete Kwiatkowski / Jimmy Lake
2018,Washington State Cougars,Mike Leach,2012,Mike Leach,Tracy Claeys
2018,West Virginia Mountaineers,Dana Holgorsen,2011,Jake Spavital,Tony Gibson
2018,Western Kentucky Hilltoppers,Mike Sanford Jr.,2017,Junior Adams,Clayton White
2018,Western Michigan Broncos,Tim Lester,2017,Jake Moreland,Tim Daoust / Lou Esposito
2018,Wisconsin Badgers,Paul Chryst,2015,Joe Rudolph,Jim Leonhard
2018,Wyoming Cowboys,Craig Bohl,2014,Brent Vigen,Scottie Hazelton
2019,Air Force Falcons,Troy Calhoun,2007,Mike Thiessen,John Rudzinski
2019,Akron Zips,Tom Arth,2019,Tommy Zagorski,Matt Feeney
2019,Alabama Crimson Tide,Nick Saban,2007,Steve Sarkisian,Pete Golding
2019,Appalachian State Mountaineers,Eliah Drinkwitz,2019,Eliah Drinkwitz,Ted Roof
2019,Arizona State Sun Devils,Herm Edwards,2018,Rob Likens,Danny Gonzales
2019,Arizona Wildcats,Kevin Sumlin,2018,Noel Mazzone,Marcel Yates
2019,Arkansas Razorbacks,Chad Morris,2018,Joe Craddock,John Chavis
2019,Arkansas State Red Wolves,Blake Anderson,2014,Keith Heckendorf,David Duggan
2019,Army Black Knights,Jeff Monken,2014,Brent Davis,John Loose
2019,Auburn Tigers,Gus Malzahn,2013,Kenny Dillingham,Kevin Steele / Travis Williams
2019,BYU Cougars,Kalani Sitake,2016,Jeff Grimes,Ilaisa Tuiaki
2019,Ball State Cardinals,Mike Neu,2016,Joey Lynch,David Elson / Tyler Stockton
2019,Baylor Bears,Matt Rhule,2017,Glenn Thomas / Jeff Nixon,Phil Snow
2019,Boise State Broncos,Bryan Harsin,2014,Zak Hill / Eric Kiesau,Jeff Schmedding / Spencer Danielson
2019,Boston College Eagles,Steve Addazio,2013,Mike Bajakian,Bill Sheridan
2019,Bowling Green Falcons,Scot Loeffler,2019,Terry Malone,Brian VanGorder
2019,Buffalo Bulls,Lance Leipold,2015,Andy Kotelnicki / Jim Zebrowski,Brian Borland
2019,California Golden Bears,Justin Wilcox,2017,Beau Baldwin,Tim DeRuyter / Peter Sirmon
2019,Central Michigan Chippewas,Jim McElwain,2019,Charlie Frye,Robb Akey
2019,Charlotte 49ers,Will Healy,2019,Alex Atkins,Brandon Cooper / Marcus West
2019,Cincinnati Bearcats,Luke Fickell,2017,Mike Denbrock,Marcus Freeman
2019,Clemson Tigers,Dabo Swinney,2008,Tony Elliott / Jeff Scott,Brent Venables
2019,Coastal Carolina Chanticleers,Jamey Chadwell,2019,Willy Korn / Newland Isaac,Marvin Sanders
2019,Colorado Buffaloes,Mel Tucker,2019,Jay Johnson,Tyson Summers
2019,Colorado State Rams,Mike Bobo,2015,Dave Johnson,John Jancek
2019,Duke Blue Devils,David Cutcliffe,2008,Zac Roper,Ben Albert / Matt Guerrieri
2019,East Carolina Pirates,Mike Houston,2019,Donnie Kirkpatrick,Bob Trott
2019,Eastern Michigan Eagles,Chris Creighton,2014,Aaron Keen,Neal Neathery
2019,Florida Atlantic Owls,Lane Kiffin,2017,Charlie Weis Jr.,Glenn Spencer
2019,Florida Gators,Dan Mullen,2018,Billy Gonzales / John Hevesy,Todd Grantham
2019,Florida International Golden Panthers,Butch Davis,2017,Rich Skrosky,Jeff Copp / Jerod Kruse
2019,Florida State Seminoles,Willie Taggart,2018,Kendal Briles,Harlon Barnett
2019,Fresno State Bulldogs,Jeff Tedford,2017,Ryan Grubb,Bert Watts
2019,Georgia Bulldogs,Kirby Smart,2016,James Coley,Dan Lanning
2019,Georgia Southern Eagles,Chad Lunsford,2018,Bob DeBesse,Scot Sloan
2019,Georgia State Panthers,Shawn Elliott,2017,Brad Glenn,Nick Fuqua
2019,Georgia Tech Yellow Jackets,Geoff Collins,2019,Dave Patenaude,Nathan Burton / Andrew Thacker
2019,Hawai'i Rainbow Warriors,Nick Rolovich,2016,Brian Smith,Corey Batoon
2019,Houston Cougars,Dana Holgorsen,2019,Marquel Blackwell / Brandon Jones,Joe Cauthen / Doug Belk
2019,Illinois Fighting Illini,Lovie Smith,2016,Rod Smith,Lovie Smith
2019,Indiana Hoosiers,Tom Allen,2017,Kalen DeBoer,Kane Wommack
2019,Iowa Hawkeyes,Kirk Ferentz,1999,Brian Ferentz,Phil Parker
2019,Iowa State Cyclones,Matt Campbell,2016,Tom Manning,Jon Heacock
2019,Kansas Jayhawks,Les Miles,2019,Les Koenning,DJ Eliot
2019,Kansas State Wildcats,Chris Klieman,2019,Courtney Messingham,Scottie Hazelton
2019,Kent State Golden Flashes,Sean Lewis,2018,Andrew Sowder,Tom Kaufman
2019,Kentucky Wildcats,Mark Stoops,2013,Eddie Gran / Darin Hinshaw,Brad White
2019,LSU Tigers,Ed Orgeron,2016,Steve Ensminger,Dave Aranda
2019,Liberty Flames,Hugh Freeze,2019,Kent Austin / Maurice Harris,Scott Symons
2019,Louisiana Monroe Warhawks,Matt Viator,2016,Matt Kubik,Mike Collins
2019,Louisiana Ragin' Cajuns,Billy Napier,2018,Rob Sale,Ron Roberts
2019,Louisiana Tech Bulldogs,Skip Holtz,2013,Todd Fitch,Bob Diaco
2019,Louisville Cardinals,Scott Satterfield,2019,Dwayne Ledford,Bryan Brown / Cort Dennison
2019,Marshall Thundering Herd,Doc Holliday,2010,Tim Cramsey,Brad Lambert / J.C. Price
2019,Maryland Terrapins,Mike Locksley,2019,Scottie Montgomery / Joker Phillips,Jon Hoke
2019,Memphis Tigers,Mike Norvell,2016,Kevin Johns,Adam Fuller
2019,Miami (OH) RedHawks,Chuck Martin,2014,George Barnett / Eric Koehler,John Hauser / Spence Nowinsky
2019,Miami Hurricanes,Manny Diaz,2019,Dan Enos,Blake Baker / Ephraim Banda
2019,Michigan State Spartans,Mark Dantonio,2007,Brad Salem,Mike Tressel
2019,Michigan Wolverines,Jim Harbaugh,2015,Josh Gattis,Don Brown
2019,Middle Tennessee Blue Raiders,Rick Stockstill,2006,Tony Franklin,Scott Shafer
2019,Minnesota Golden Gophers,P. J. Fleck,2017,Kirk Ciarrocca,Joe Rossi
2019,Mississippi State Bulldogs,Joe Moorhead,2018,Vacant,Bob Shoop
2019,Missouri Tigers,Barry Odom,2016,Derek Dooley,Ryan Walters
2019,NC State Wolfpack,Dave Doeren,2013,Des Kitchings / George McDonald,Tony Gibson / Dave Huxtable
2019,Navy Midshipmen,Ken Niumatalolo,2007,Ivin Jasper,Brian Newberry
2019,Nebraska Cornhuskers,Scott Frost,2018,Troy Walters,Erik Chinander
2019,Nevada Wolf Pack,Jay Norvell,2017,Matt Mumme,Jeff Casteel
2019,New Mexico Lobos,Bob Davie,2012,Joe Dailey,Jordan Peterson
2019,New Mexico State Aggies,Doug Martin,2013,Doug Martin,Frank Spaziani
2019,North Carolina Tar Heels,Mack Brown,2019,Phil Longo,Jay Bateman / Tommy Thigpen
2019,North Texas Mean Green,Seth Littrell,2016,Bodie Reeder / Tommy Mainord,Troy Reffett
2019,Northern Illinois Huskies,Thomas Hammock,2019,Eric Eidsness,Derrick Jackson
2019,Northwestern Wildcats,Pat Fitzgerald,2006,Mick McCall,Mike Hankwitz
2019,Notre Dame Fighting Irish,Brian Kelly,2010,Chip Long,Clark Lea
2019,Ohio Bobcats,Frank Solich,2005,Tim Albin / Scott Isphording,Ron Collins / Pete Germano
2019,Ohio State Buckeyes,Ryan Day,2019,Kevin Wilson / Mike Yurcich,Jeff Hafley / Greg Mattison
2019,Oklahoma Sooners,Lincoln Riley,2017,Bill Bedenbaugh / Cale Gundy,Alex Grinch
2019,Oklahoma State Cowboys,Mike Gundy,2005,Sean Gleeson,Jim Knowles
2019,Old Dominion Monarchs,Bobby Wilder,2009,Brian Scott,David Blackwell
2019,Ole Miss Rebels,Matt Luke,2017,Rich Rodriguez,Mike MacIntyre
2019,Oregon Ducks,Mario Cristobal,2018,Marcus Arroyo,Andy Avalos / Keith Heyward
2019,Oregon State Beavers,Jonathan Smith,2018,Brian Lindgren,Tim Tibesar
2019,Penn State Nittany Lions,James Franklin,2014,Ricky Rahne,Brent Pry / Tim Banks
2019,Pittsburgh Panthers,Pat Narduzzi,2015,Mark Whipple,Randy Bates
2019,Purdue Boilermakers,Jeff Brohm,2017,Brian Brohm / JaMarcus Shepard,Nick Holt / Anthony Poindexter
2019,Rice Owls,Mike Bloomgren,2018,Jerry Mack,Brian Smith
2019,Rutgers Scarlet Knights,Chris Ash,2016,John McNulty,Andy Buh / Noah Joseph
2019,SMU Mustangs,Sonny Dykes,2018,Rhett Lashlee,Kevin Kane
2019,San Diego State Aztecs,Rocky Long,2011,Jeff Horton,Zach Arnett
2019,San José State Spartans,Brent Brennan,2017,Kevin McGiven,Derrick Odum
2019,South Alabama Jaguars,Steve Campbell,2018,Kenny Edenfield,Greg Stewart
2019,South Carolina Gamecocks,Will Muschamp,2016,Bryan McClendon,Travaris Robinson
2019,South Florida Bulls,Charlie Strong,2017,Kerwin Bell,Brian Jean-Mary
2019,Southern Mississippi Golden Eagles,Jay Hopson,2016,Buster Faulkner,Tim Billings / Derek Nicholson
2019,Stanford Cardinal,David Shaw,2011,Tavita Pritchard,Lance Anderson
2019,Syracuse Orange,Dino Babers,2016,Mike Lynch,Brian Ward
2019,TCU Horned Frogs,Gary Patterson,2000,Sonny Cumbie / Curtis Luper,Chad Glasgow
2019,Temple Owls,Rod Carey,2019,Mike Uremovich,Jeff Knowles
2019,Tennessee Volunteers,Jeremy Pruitt,2018,Jim Chaney,Derrick Ansley / Chris Rumph
2019,Texas A&M Aggies,Jimbo Fisher,2018,Darrell Dickey,Mike Elko
2019,Texas Longhorns,Tom Herman,2017,Tim Beck /   Herb Hand,Todd Orlando / Craig Naivar
2019,Texas State Bobcats,Jake Spavital,2019,Bob Stitt,Zac Spavital / Archie McDaniel
2019,Texas Tech Red Raiders,Matt Wells,2019,David Yost,Keith Patterson
2019,Toledo Rockets,Jason Candle,2016,Brian Wright,Brian George
2019,Troy Trojans,Chip Lindsey,2019,Ryan Pugh,Brandon Hall
2019,Tulane Green Wave,Willie Fritz,2016,Will Hall,Jack Curtis
2019,Tulsa Golden Hurricane,Philip Montgomery,2015,Philip Montgomery,Joseph Gillespie
2019,UAB Blazers,Bill Clark,,Bryant Vincent,David Reeves
2019,UCF Knights,Josh Heupel,2018,Josh Heupel,Randy Shannon
2019,UCLA Bruins,Chip Kelly,2018,Justin Frye,Jerry Azzinaro
2019,UConn Huskies,Randy Edsall,,Frank Giufre,Lou Spanos
2019,UMass Minutemen,Walt Bell,2019,Vacant,Aazaar Abdul-Rahim / Tommy Restivo
2019,UNLV Rebels,Tony Sanchez,2015,Garin Justice,Tim Skipper
2019,USC Trojans,Clay Helton,2015,Graham Harrell,Clancy Pendergast
2019,UTEP Miners,Dana Dimel,2018,Mike Canales,Mike Cox
2019,UTSA Roadrunners,Frank Wilson,2016,Jeff Kastl,Jason Rollins
2019,Utah State Aggies,Gary Andersen,2019,Mike Sanford Jr.,Justin Ena
2019,Utah Utes,Kyle Whittingham,2005,Andy Ludwig,Morgan Scalley
2019,Vanderbilt Commodores,Derek Mason,2014,Gerry Gdowski,Jason Tarver
2019,Virginia Cavaliers,Bronco Mendenhall,2016,Robert Anae,Nick Howell / Kelly Poppinga
2019,Virginia Tech Hokies,Justin Fuente,2016,Brad Cornelsen,Bud Foster
2019,Wake Forest Demon Deacons,Dave Clawson,2014,Warren Ruggiero,Lyle Hemphill
2019,Washington Huskies,Chris Petersen,2014,Bush Hamdan,Pete Kwiatkowski / Jimmy Lake
2019,Washington State Cougars,Mike Leach,2012,Mike Leach,Tracy Claeys
2019,West Virginia Mountaineers,Neal Brown,2019,Matt Moore / Chad Scott,Vic Koenning
2019,Western Kentucky Hilltoppers,Tyson Helton,2019,Bryan Ellis,Clayton White
2019,Western Michigan Broncos,Tim Lester,2017,Jake Moreland,Lou Esposito
2019,Wisconsin Badgers,Paul Chryst,2015,Joe Rudolph,Jim Leonhard
2019,Wyoming Cowboys,Craig Bohl,2014,Brent Vigen,Jake Dickert
2020,Air Force Falcons,Troy Calhoun,2007,Mike Thiessen,John Rudzinski
2020,Akron Zips,Tom Arth,2019,Tommy Zagorski,Matt Feeney
2020,Alabama Crimson Tide,Nick Saban,2007,Steve Sarkisian,Pete Golding
2020,Appalachian State Mountaineers,Shawn Clark,2020,Tony Petersen,Dale Jones
2020,Arizona State Sun Devils,Herm Edwards,2018,Zak Hill,Marvin Lewis / Antonio Pierce
2020,Arizona Wildcats,Kevin Sumlin,2018,Noel Mazzone,Paul Rhoads
2020,Arkansas Razorbacks,Sam Pittman,2020,Kendal Briles,Barry Odom
2020,Arkansas State Red Wolves,Blake Anderson,2014,Keith Heckendorf,David Duggan
2020,Army Black Knights,Jeff Monken,2014,Brent Davis,Nate Woody
2020,Auburn Tigers,Gus Malzahn,2013,Chad Morris,Kevin Steele / Travis Williams
2020,BYU Cougars,Kalani Sitake,2016,Jeff Grimes,Ilaisa Tuiaki
2020,Ball State Cardinals,Mike Neu,2016,Kevin Lynch,Tyler Stockton
2020,Baylor Bears,Dave Aranda,2020,Larry Fedora,Ron Roberts
2020,Boise State Broncos,Bryan Harsin,2014,Eric Kiesau,Spencer Danielson / Jeff Schmedding
2020,Boston College Eagles,Jeff Hafley,2020,Frank Cignetti Jr.,Tem Lukabu
2020,Bowling Green Falcons,Scot Loeffler,2019,Terry Malone,Brian VanGorder
2020,Buffalo Bulls,Lance Leipold,2015,Andy Kotelnicki / Jim Zebrowski,Brian Borland
2020,California Golden Bears,Justin Wilcox,2017,Bill Musgrave,Tim DeRuyter / Peter Sirmon
2020,Central Michigan Chippewas,Jim McElwain,2019,Charlie Frye,Robb Akey
2020,Charlotte 49ers,Will Healy,2019,Mark Carney,Brandon Cooper / Marcus West
2020,Cincinnati Bearcats,Luke Fickell,2017,Mike Denbrock,Marcus Freeman
2020,Clemson Tigers,Dabo Swinney,2008,Tony Elliott,Brent Venables
2020,Coastal Carolina Chanticleers,Jamey Chadwell,2019,Newland Isaac / Willy Korn,Chad Staggs
2020,Colorado Buffaloes,Karl Dorrell,2020,Darrin Chiaverini,Tyson Summers
2020,Colorado State Rams,Steve Addazio,2020,Joey Lynch,Chuck Heater
2020,Duke Blue Devils,David Cutcliffe,2008,Zac Roper,Ben Albert / Matt Guerrieri
2020,East Carolina Pirates,Mike Houston,2019,Donnie Kirkpatrick,Blake Harrell
2020,Eastern Michigan Eagles,Chris Creighton,2014,Chris Creighton,Neal Neathery
2020,Florida Atlantic Owls,Willie Taggart,2020,Drew Mehringer / Clint Trickett,Jim Leavitt
2020,Florida Gators,Dan Mullen,2018,Billy Gonzales / John Hevesy,Todd Grantham
2020,Florida International Golden Panthers,Butch Davis,2017,Rich Skrosky,Jeff Copp / Jerod Kruse
2020,Florida State Seminoles,Mike Norvell,2020,Kenny Dillingham,Adam Fuller
2020,Fresno State Bulldogs,Kalen DeBoer,2020,Ryan Grubb,William Inge
2020,Georgia Bulldogs,Kirby Smart,2016,Todd Monken,Dan Lanning
2020,Georgia Southern Eagles,Chad Lunsford,2018,Bob DeBesse,Scot Sloan
2020,Georgia State Panthers,Shawn Elliott,2017,Brad Glenn,Nick Fuqua
2020,Georgia Tech Yellow Jackets,Geoff Collins,2019,Dave Patenaude,Nathan Burton / Andrew Thacker
2020,Hawai'i Rainbow Warriors,Todd Graham,2020,GJ Kinne / Tony Hull,Victor Santa Cruz
2020,Houston Cougars,Dana Holgorsen,2019,Shannon Dawson,Doug Belk / Joe Cauthen
2020,Illinois Fighting Illini,Lovie Smith,2016,Rod Smith,Lovie Smith
2020,Indiana Hoosiers,Tom Allen,2017,Grant Heard / Nick Sheridan,Kane Wommack
2020,Iowa Hawkeyes,Kirk Ferentz,1999,Brian Ferentz,Phil Parker
2020,Iowa State Cyclones,Matt Campbell,2016,Tom Manning,Jon Heacock
2020,Kansas Jayhawks,Les Miles,2019,Brent Dearmon,DJ Eliot
2020,Kansas State Wildcats,Chris Klieman,2019,Courtney Messingham,Joe Klanderman
2020,Kent State Golden Flashes,Sean Lewis,2018,Andrew Sowder,Tom Kaufman
2020,Kentucky Wildcats,Mark Stoops,2013,Eddie Gran / Darin Hinshaw,Brad White
2020,LSU Tigers,Ed Orgeron,2016,Steve Ensminger,Bo Pelini
2020,Liberty Flames,Hugh Freeze,2019,Kent Austin / Maurice Harris,Scott Symons
2020,Louisiana Monroe Warhawks,Matt Viator,2016,Eman Naghavi,Mike Collins
2020,Louisiana Ragin' Cajuns,Billy Napier,2018,Rob Sale,Patrick Toney
2020,Louisiana Tech Bulldogs,Skip Holtz,2013,Joe Sloan,David Blackwell
2020,Louisville Cardinals,Scott Satterfield,2019,Dwayne Ledford,Bryan Brown / Cort Dennison
2020,Marshall Thundering Herd,Doc Holliday,2010,Tim Cramsey,Brad Lambert / J.C. Price
2020,Maryland Terrapins,Mike Locksley,2019,Scottie Montgomery / Joker Phillips,Jon Hoke
2020,Memphis Tigers,Ryan Silverfield,2020,Kevin Johns,Mike MacIntyre
2020,Miami (OH) RedHawks,Chuck Martin,2014,George Barnett / Eric Koehler,John Hauser / Spence Nowinsky
2020,Miami Hurricanes,Manny Diaz,2019,Rhett Lashlee,Blake Baker / Ephraim Banda
2020,Michigan State Spartans,Mel Tucker,2020,Jay Johnson,Scottie Hazelton
2020,Michigan Wolverines,Jim Harbaugh,2015,Josh Gattis,Don Brown
2020,Middle Tennessee Blue Raiders,Rick Stockstill,2006,Tony Franklin,Scott Shafer
2020,Minnesota Golden Gophers,P. J. Fleck,2017,Mike Sanford Jr. / Matt Simon,Joe Rossi / Joe Harasymiak
2020,Mississippi State Bulldogs,Mike Leach,2020,Mike Leach,Zach Arnett
2020,Missouri Tigers,Eliah Drinkwitz,2020,Eliah Drinkwitz / Curtis Luper,Ryan Walters
2020,NC State Wolfpack,Dave Doeren,2013,Tim Beck / George McDonald,Tony Gibson
2020,Navy Midshipmen,Ken Niumatalolo,2007,Ivin Jasper,Brian Newberry
2020,Nebraska Cornhuskers,Scott Frost,2018,Matt Lubick,Erik Chinander
2020,Nevada Wolf Pack,Jay Norvell,2017,Matt Mumme,Brian Ward
2020,New Mexico Lobos,Danny Gonzales,2020,Derek Warehime,Rocky Long
2020,New Mexico State Aggies,Doug Martin,2013,Doug Martin,Frank Spaziani
2020,North Carolina Tar Heels,Mack Brown,,Phil Longo,Jay Bateman / Tommy Thigpen
2020,North Texas Mean Green,Seth Littrell,2016,Mike Bloesch/ Tommy Mainord,Clint Bowen
2020,Northern Illinois Huskies,Thomas Hammock,2019,Eric Eidsness,Derrick Jackson
2020,Northwestern Wildcats,Pat Fitzgerald,2006,Mike Bajakian,Mike Hankwitz
2020,Notre Dame Fighting Irish,Brian Kelly,2010,Tommy Rees,Clark Lea
2020,Ohio Bobcats,Frank Solich,2005,Tim Albin / Scott Isphording,Ron Collins / Pete Germano
2020,Ohio State Buckeyes,Ryan Day,2019,Kevin Wilson,Kerry Coombs / Greg Mattison
2020,Oklahoma Sooners,Lincoln Riley,2017,Bill Bedenbaugh / Cale Gundy,Alex Grinch
2020,Oklahoma State Cowboys,Mike Gundy,2005,Kasey Dunn,Jim Knowles
2020,Old Dominion Monarchs,Ricky Rahne,2020,Kirk Campbell,Blake Seiler
2020,Ole Miss Rebels,Lane Kiffin,2020,Jeff Lebby,D. J. Durkin / Chris Partridge
2020,Oregon Ducks,Mario Cristobal,2018,Joe Moorhead,Andy Avalos / Keith Heyward
2020,Oregon State Beavers,Jonathan Smith,2018,Brian Lindgren,Tim Tibesar
2020,Penn State Nittany Lions,James Franklin,2014,Kirk Ciarrocca,Tim Banks / Brent Pry
2020,Pittsburgh Panthers,Pat Narduzzi,2015,Mark Whipple,Randy Bates
2020,Purdue Boilermakers,Jeff Brohm,2017,Brian Brohm / JaMarcus Shepard,Bob Diaco / Anthony Poindexter
2020,Rice Owls,Mike Bloomgren,2018,Jerry Mack,Brian Smith
2020,Rutgers Scarlet Knights,Greg Schiano,,Sean Gleeson,Robb Smith
2020,SMU Mustangs,Sonny Dykes,2018,Garrett Riley,Kevin Kane
2020,San Diego State Aztecs,Brady Hoke,2020,Jeff Hecklinski,Kurt Mattix
2020,San José State Spartans,Brent Brennan,2017,Kevin McGiven,Derrick Odum
2020,South Alabama Jaguars,Steve Campbell,2018,Kenny Edenfield,Greg Stewart
2020,South Carolina Gamecocks,Will Muschamp,2016,Mike Bobo,Travaris Robinson
2020,South Florida Bulls,Jeff Scott,2020,Charlie Weis Jr.,Glenn Spencer
2020,Southern Mississippi Golden Eagles,Scotty Walden,2020,Matt Kubik / Scotty Walden,Tony Pecoraro
2020,Stanford Cardinal,David Shaw,2011,Tavita Pritchard,Lance Anderson
2020,Syracuse Orange,Dino Babers,2016,Sterlin Gilbert,Tony White
2020,TCU Horned Frogs,Gary Patterson,2000,Sonny Cumbie,Chad Glasgow
2020,Temple Owls,Rod Carey,2019,Mike Uremovich,Jeff Knowles
2020,Tennessee Volunteers,Jeremy Pruitt,2018,Jim Chaney,Derrick Ansley / Jimmy Brumbaugh
2020,Texas A&M Aggies,Jimbo Fisher,2018,Darrell Dickey,Mike Elko
2020,Texas Longhorns,Tom Herman,2017,Mike Yurcich,Chris Ash
2020,Texas State Bobcats,Jake Spavital,2019,Jacob Peeler,Archie McDaniel / Zac Spavital
2020,Texas Tech Red Raiders,Matt Wells,2019,David Yost,Keith Patterson
2020,Toledo Rockets,Jason Candle,2016,Robert Weiner / Mike Hallett,Vince Kehres / Craig Kuligowski
2020,Troy Trojans,Chip Lindsey,2019,Ryan Pugh,Brandon Hall
2020,Tulane Green Wave,Willie Fritz,2016,Will Hall,Jack Curtis
2020,Tulsa Golden Hurricane,Philip Montgomery,2015,Philip Montgomery,Joseph Gillespie
2020,UAB Blazers,Bill Clark,,Bryant Vincent,David Reeves
2020,UCF Knights,Josh Heupel,2018,Alex Golesh / Anthony Tucker,Randy Shannon
2020,UCLA Bruins,Chip Kelly,2018,Justin Frye,Jerry Azzinaro
2020,UConn Huskies,Randy Edsall,,Frank Giufre,Lou Spanos
2020,UMass Minutemen,Walt Bell,2019,Jim Jackson / Micah James,Tommy Restivo
2020,UNLV Rebels,Marcus Arroyo,2020,Glenn Thomas,Peter Hansen
2020,USC Trojans,Clay Helton,2015,Graham Harrell,Todd Orlando
2020,UTEP Miners,Dana Dimel,2018,Mike Canales,Mike Cox
2020,UTSA Roadrunners,Jeff Traylor,2020,Barry Lunney Jr.,Tyrone Nix
2020,Utah State Aggies,Gary Andersen,,Bodie Reeder,Stacy Collins / Frank Maile
2020,Utah Utes,Kyle Whittingham,2005,Andy Ludwig,Morgan Scalley
2020,Vanderbilt Commodores,Derek Mason,2014,Todd Fitch,Ted Roof
2020,Virginia Cavaliers,Bronco Mendenhall,2016,Robert Anae,Nick Howell / Kelly Poppinga
2020,Virginia Tech Hokies,Justin Fuente,2016,Brad Cornelsen,Justin Hamilton
2020,Wake Forest Demon Deacons,Dave Clawson,2014,Warren Ruggiero,Lyle Hemphill
2020,Washington Huskies,Jimmy Lake,2020,John Donovan,Pete Kwiatkowski / Ikaika Malloe
2020,Washington State Cougars,Nick Rolovich,2020,Brian Smith,Jake Dickert
2020,West Virginia Mountaineers,Neal Brown,2019,Gerad Parker,By Committee
2020,Western Kentucky Hilltoppers,Tyson Helton,2019,Bryan Ellis / Ryan Aplin,Clayton White / Maurice Crum Jr.
2020,Western Michigan Broncos,Tim Lester,2017,Jake Moreland,Lou Esposito
2020,Wisconsin Badgers,Paul Chryst,2015,Joe Rudolph,Jim Leonhard
2020,Wyoming Cowboys,Craig Bohl,2014,Brent Vigen,Jay Sawvel
2021,Air Force Falcons,Troy Calhoun,2007,Mike Thiessen,John Rudzinski
2021,Akron Zips,Tom Arth,2019,Tommy Zagorski,Matt Feeney
2021,Alabama Crimson Tide,Nick Saban,2007,Bill O'Brien,Pete Golding
2021,Appalachian State Mountaineers,Shawn Clark,2020,Frank Ponce,Dale Jones
2021,Arizona State Sun Devils,Herm Edwards,2018,Zak Hill,Antonio Pierce
2021,Arizona Wildcats,Jedd Fisch,2021,Brennan Carroll,Don Brown
2021,Arkansas Razorbacks,Sam Pittman,2020,Kendal Briles,Barry Odom
2021,Arkansas State Red Wolves,Butch Jones,2021,Keith Heckendorf,Rob Harley
2021,Army Black Knights,Jeff Monken,2014,Brent Davis,Nate Woody
2021,Auburn Tigers,Bryan Harsin,2021,Mike Bobo,Derek Mason
2021,BYU Cougars,Kalani Sitake,2016,Aaron Roderick,Ilaisa Tuiaki
2021,Ball State Cardinals,Mike Neu,2016,Kevin Lynch,Tyler Stockton
2021,Baylor Bears,Dave Aranda,2020,Jeff Grimes,Ron Roberts
2021,Boise State Broncos,Andy Avalos,2021,Tim Plough,Spencer Danielson / Kane Ioane
2021,Boston College Eagles,Jeff Hafley,2020,Frank Cignetti Jr.,Tem Lukabu
2021,Bowling Green Falcons,Scot Loeffler,2019,Terry Malone,Eric Lewis
2021,Buffalo Bulls,Maurice Linguist,2021,Shane Montgomery,Joe Cauthen
2021,California Golden Bears,Justin Wilcox,2017,Bill Musgrave,Peter Sirmon
2021,Central Michigan Chippewas,Jim McElwain,2019,Kevin Barbay,Robb Akey
2021,Charlotte 49ers,Will Healy,2019,Mark Carney,Brandon Cooper / Marcus West
2021,Cincinnati Bearcats,Luke Fickell,2017,Mike Denbrock,Mike Tressel
2021,Clemson Tigers,Dabo Swinney,2008,Tony Elliott,Brent Venables
2021,Coastal Carolina Chanticleers,Jamey Chadwell,2019,Newland Isaac / Willy Korn,Chad Staggs
2021,Colorado Buffaloes,Karl Dorrell,2020,Darrin Chiaverini,Chris Wilson
2021,Colorado State Rams,Steve Addazio,2020,Jon Budmayr,Chuck Heater
2021,Duke Blue Devils,David Cutcliffe,2008,Re'Quan Boyette / Jeff Faris,Ben Albert / Matt Guerrieri
2021,East Carolina Pirates,Mike Houston,2019,Donnie Kirkpatrick,Blake Harrell
2021,Eastern Michigan Eagles,Chris Creighton,2014,Chris Creighton,Neal Neathery
2021,Florida Atlantic Owls,Willie Taggart,2020,Mike Johnson,Mike Stoops
2021,Florida Gators,Dan Mullen,2018,Dan Mullen,Todd Grantham
2021,Florida International Golden Panthers,Butch Davis,2017,Andrew Breiner,Everett Withers
2021,Florida State Seminoles,Mike Norvell,2020,Kenny Dillingham,Adam Fuller
2021,Fresno State Bulldogs,Kalen DeBoer,2020,Ryan Grubb,William Inge
2021,Georgia Bulldogs,Kirby Smart,2016,Todd Monken,Dan Lanning /  Glenn   Schumann
2021,Georgia Southern Eagles,Chad Lunsford,2018,Doug Ruse,Scot Sloan
2021,Georgia State Panthers,Shawn Elliott,2017,Brad Glenn,Nate Fuqua
2021,Georgia Tech Yellow Jackets,Geoff Collins,2019,Dave Patenaude,Nathan Burton / Andrew Thacker
2021,Hawai'i Rainbow Warriors,Todd Graham,2020,Bo Graham,Victor Santa Cruz / Jacob Yoro
2021,Houston Cougars,Dana Holgorsen,2019,Shannon Dawson,Doug Belk
2021,Illinois Fighting Illini,Bret Bielema,2021,Tony Petersen,Ryan Walters
2021,Indiana Hoosiers,Tom Allen,2017,Grant Heard / Nick Sheridan,Charlton Warren
2021,Iowa Hawkeyes,Kirk Ferentz,1999,Brian Ferentz,Phil Parker
2021,Iowa State Cyclones,Matt Campbell,2016,Tom Manning,Jon Heacock
2021,Kansas Jayhawks,Lance Leipold,2021,Andy Kotelnicki,Brian Borland
2021,Kansas State Wildcats,Chris Klieman,2019,Courtney Messingham,Joe Klanderman
2021,Kent State Golden Flashes,Sean Lewis,2018,Andrew Sowder,Tom Kaufman
2021,Kentucky Wildcats,Mark Stoops,2013,Liam Coen,Brad White
2021,LSU Tigers,Ed Orgeron,2016,Jake Peetz,Daronte Jones
2021,Liberty Flames,Hugh Freeze,2019,Kent Austin / Maurice Harris,Scott Symons
2021,Louisiana Monroe Warhawks,Terry Bowden,2021,Rich Rodriguez,Zac Alley
2021,Louisiana Ragin' Cajuns,Billy Napier,2018,Michael Desormeaux / Tim Leger,Patrick Toney
2021,Louisiana Tech Bulldogs,Skip Holtz,2013,Joe Sloan,David Blackwell
2021,Louisville Cardinals,Scott Satterfield,2019,Scott Satterfield,Bryan Brown / Cort Dennison
2021,Marshall Thundering Herd,Charles Huff,2021,Tim Cramsey,Lance Guidry
2021,Maryland Terrapins,Mike Locksley,2019,Dan Enos,Brian Stewart / Brian Williams
2021,Memphis Tigers,Ryan Silverfield,2020,Kevin Johns,Mike MacIntyre
2021,Miami (OH) RedHawks,Chuck Martin,2014,Eric Koehler,John Hauser / Spence Nowinsky
2021,Miami Hurricanes,Manny Diaz,2019,Rhett Lashlee,Manny Diaz
2021,Michigan State Spartans,Mel Tucker,2020,Jay Johnson,Scottie Hazelton
2021,Michigan Wolverines,Jim Harbaugh,2015,Josh Gattis / Sherrone Moore,Mike Macdonald
2021,Middle Tennessee Blue Raiders,Rick Stockstill,2006,Brent Dearmon,Scott Shafer
2021,Minnesota Golden Gophers,P. J. Fleck,2017,Mike Sanford Jr. / Matt Simon,Joe Harasymiak / Joe Rossi
2021,Mississippi State Bulldogs,Mike Leach,2020,Mike Leach,Zach Arnett
2021,Missouri Tigers,Eliah Drinkwitz,2020,Eliah Drinkwitz / Curtis Luper,Steve Wilks
2021,NC State Wolfpack,Dave Doeren,2013,Tim Beck,Tony Gibson
2021,Navy Midshipmen,Ken Niumatalolo,2007,Ivin Jasper,Brian Newberry
2021,Nebraska Cornhuskers,Scott Frost,2018,Matt Lubick,Erik Chinander
2021,Nevada Wolf Pack,Jay Norvell,2017,Matt Mumme,Brian Ward
2021,New Mexico Lobos,Danny Gonzales,2020,Drew Mehringer / Derek Warehime,Rocky Long
2021,New Mexico State Aggies,Doug Martin,2013,Doug Martin,Frank Spaziani
2021,North Carolina Tar Heels,Mack Brown,,Phil Longo,Jay Bateman / Tommy Thigpen
2021,North Texas Mean Green,Seth Littrell,2016,Mike Bloesch / Tommy Mainord,Phil Bennett
2021,Northern Illinois Huskies,Thomas Hammock,2019,Eric Eidsness,Derrick Jackson
2021,Northwestern Wildcats,Pat Fitzgerald,2006,Mike Bajakian,Jim O'Neil
2021,Notre Dame Fighting Irish,Brian Kelly,2010,Tommy Rees,Marcus Freeman
2021,Ohio Bobcats,Tim Albin,2021,Scott Ishpording / Allen Rudolph,Ron Collins / Pete Germano
2021,Ohio State Buckeyes,Ryan Day,2019,Kevin Wilson,Kerry Coombs
2021,Oklahoma Sooners,Lincoln Riley,2017,Bill Bedenbaugh / Cale Gundy,Alex Grinch
2021,Oklahoma State Cowboys,Mike Gundy,2005,Kasey Dunn,Jim Knowles
2021,Old Dominion Monarchs,Ricky Rahne,2020,Kirk Campbell,Blake Seiler
2021,Ole Miss Rebels,Lane Kiffin,2020,Jeff Lebby,D. J. Durkin / Chris Partridge
2021,Oregon Ducks,Mario Cristobal,2018,Joe Moorhead,Tim DeRuyter
2021,Oregon State Beavers,Jonathan Smith,2018,Brian Lindgren,Tim Tibesar
2021,Penn State Nittany Lions,James Franklin,2014,Mike Yurcich,Anthony Poindexter / Brent Pry
2021,Pittsburgh Panthers,Pat Narduzzi,2015,Mark Whipple,Randy Bates
2021,Purdue Boilermakers,Jeff Brohm,2017,Brian Brohm / JaMarcus Shephard,Brad Lambert / Ron English / Mark Hagen
2021,Rice Owls,Mike Bloomgren,2018,Marques Tuiasosopo,Brian Smith
2021,Rutgers Scarlet Knights,Greg Schiano,,Sean Gleeson,Robb Smith
2021,SMU Mustangs,Sonny Dykes,2018,Garrett Riley,Jim Leavitt
2021,San Diego State Aztecs,Brady Hoke,2020,Jeff Hecklinski,Kurt Mattix
2021,San Jose State Spartans,Brent Brennan,2017,Kevin McGiven,Derrick Odum
2021,South Alabama Jaguars,Kane Wommack,2021,Major Applewhite,Corey Batoon
2021,South Carolina Gamecocks,Shane Beamer,2021,Marcus Satterfield,Clayton White
2021,South Florida Bulls,Jeff Scott,2020,Charlie Weis Jr.,Glenn Spencer
2021,Southern Mississippi Golden Eagles,Will Hall,2021,Cayden Cochran,Austin Armstrong
2021,Stanford Cardinal,David Shaw,2011,Tavita Pritchard,Lance Anderson
2021,Syracuse Orange,Dino Babers,2016,Sterlin Gilbert,Tony White
2021,TCU Horned Frogs,Gary Patterson,2000,Doug Meacham,Chad Glasgow
2021,Temple Owls,Rod Carey,2019,Mike Uremovich,Jeff Knowles
2021,Tennessee Volunteers,Josh Heupel,2021,Alex Golesh,Tim Banks
2021,Texas A&M Aggies,Jimbo Fisher,2018,Darrell Dickey,Mike Elko
2021,Texas Longhorns,Steve Sarkisian,2021,Kyle Flood,Jeff Choate / Pete Kwiatkowski
2021,Texas State Bobcats,Jake Spavital,2019,Jacob Peeler,Brian Gambel / Zac Spavital
2021,Texas Tech Red Raiders,Matt Wells,2019,Sonny Cumbie,Keith Patterson
2021,Toledo Rockets,Jason Candle,2016,Mike Hallett / Robert Weiner,Vince Kehres / Craig Kuligowski
2021,Troy Trojans,Chip Lindsey,2019,Luke Meadows,Brandon Hall
2021,Tulane Green Wave,Willie Fritz,2016,Chip Long,Chris Hampton
2021,Tulsa Golden Hurricane,Philip Montgomery,2015,Philip Montgomery,Joseph Gillespie
2021,UAB Blazers,Bill Clark,,Bryant Vincent,David Reeves
2021,UCF Knights,Gus Malzahn,2021,Tim Harris Jr. / G. J. Kinne,David Gibbs / Travis Williams
2021,UCLA Bruins,Chip Kelly,2018,Justin Frye,Jerry Azzinaro
2021,UConn Huskies,Randy Edsall,,Frank Giufre,Lou Spanos
2021,UMass Minutemen,Walt Bell,2019,Angelo Mirando,Tommy Restivo
2021,UNLV Rebels,Marcus Arroyo,2020,Glenn Thomas,Peter Hansen
2021,USC Trojans,Clay Helton,2015,Graham Harrell,Todd Orlando
2021,UTEP Miners,Dana Dimel,2018,Dave Warner,Bradley Dale Peveto
2021,UTSA Roadrunners,Jeff Traylor,2020,Barry Lunney Jr.,Jess Loepp / Rod Wright
2021,Utah State Aggies,Blake Anderson,2021,Anthony Tucker,Ephraim Banda
2021,Utah Utes,Kyle Whittingham,2005,Andy Ludwig,Morgan Scalley
2021,Vanderbilt Commodores,Clark Lea,2021,David Raih,Jesse Minter
2021,Virginia Cavaliers,Bronco Mendenhall,2016,Robert Anae,Nick Howell / Kelly Poppinga
2021,Virginia Tech Hokies,Justin Fuente,2016,Brad Cornelsen,Justin Hamilton
2021,Wake Forest Demon Deacons,Dave Clawson,2014,Warren Ruggiero,Lyle Hemphill
2021,Washington Huskies,Jimmy Lake,2020,John Donovan,Bob Gregory / Ikaika Malloe
2021,Washington State Cougars,Nick Rolovich,2020,Brian Smith / Craig Stutzmann,Jake Dickert
2021,West Virginia Mountaineers,Neal Brown,2019,Gerad Parker,ShaDon Brown / Jordan Lesley
2021,Western Kentucky Hilltoppers,Tyson Helton,2019,Zach Kittley,Maurice Crum Jr.
2021,Western Michigan Broncos,Tim Lester,2017,Eric Evans / Mike Bath,Lou Esposito
2021,Wisconsin Badgers,Paul Chryst,2015,Joe Rudolph,Jim Leonhard
2021,Wyoming Cowboys,Craig Bohl,2014,Tim Polasek,Jay Sawvel
2022,Air Force Falcons,Troy Calhoun,2007,Mike Thiessen,Brian Knorr
2022,Akron Zips,Joe Moorhead,2022,Joe Moorhead,Tim Tibesar
2022,Alabama Crimson Tide,Nick Saban,2007,Bill O'Brien,Pete Golding
2022,Appalachian State Mountaineers,Shawn Clark,2020,Kevin Barbay,Dale Jones
2022,Arizona State Sun Devils,Herm Edwards,2018,Glenn Thomas,Donnie Henderson
2022,Arizona Wildcats,Jedd Fisch,2021,Brennan Carroll,Johnny Nansen
2022,Arkansas Razorbacks,Sam Pittman,2020,Kendal Briles,Barry Odom
2022,Arkansas State Red Wolves,Butch Jones,2021,Keith Heckendorf,Rob Harley
2022,Army Black Knights,Jeff Monken,2014,Brent Davis,Nate Woody
2022,Auburn Tigers,Bryan Harsin,2021,Eric Kiesau,Jeff Schmedding
2022,BYU Cougars,Kalani Sitake,2016,Aaron Roderick,Ilaisa Tuiaki
2022,Ball State Cardinals,Mike Neu,2016,Kevin Lynch,Tyler Stockton
2022,Baylor Bears,Dave Aranda,2020,Jeff Grimes,Ron Roberts
2022,Boise State Broncos,Andy Avalos,2021,Tim Plough,Spencer Danielson / Kane Ioane
2022,Boston College Eagles,Jeff Hafley,2020,John McNulty,Tem Lukabu
2022,Bowling Green Falcons,Scot Loeffler,2019,Greg Nosal / Max Warner,Eric Lewis
2022,Buffalo Bulls,Maurice Linguist,2021,Shane Montgomery,Brandon Bailey
2022,California Golden Bears,Justin Wilcox,2017,Bill Musgrave,Peter Sirmon
2022,Central Michigan Chippewas,Jim McElwain,2019,Paul Petrino,Robb Akey
2022,Charlotte 49ers,Will Healy,2019,Mark Carney,Greg Brown
2022,Cincinnati Bearcats,Luke Fickell,2017,Gino Guidugli,Mike Tressel
2022,Clemson Tigers,Dabo Swinney,2009,Brandon Streeter,Mickey Conn / Wes Goodwin
2022,Coastal Carolina Chanticleers,Jamey Chadwell,2019,Newland Isaac / Willy Korn,Chad Staggs
2022,Colorado Buffaloes,Karl Dorrell,2020,Mike Sanford Jr.,Chris Wilson
2022,Colorado State Rams,Jay Norvell,2022,Matt Mumme,Freddie Banks
2022,Duke Blue Devils,Mike Elko,2022,Kevin Johns,Robb Smith
2022,East Carolina Pirates,Mike Houston,2019,Donnie Kirkpatrick,Blake Harrell
2022,Eastern Michigan Eagles,Chris Creighton,2014,Chris Creighton,Neal Neathery
2022,Florida Atlantic Owls,Willie Taggart,2020,Brent Dearmon,Todd Orlando
2022,Florida Gators,Billy Napier,2022,Rob Sale,Sean Spencer / Patrick Toney
2022,Florida International Golden Panthers,Mike MacIntyre,2022,David Yost,Jovan Dewitt
2022,Florida State Seminoles,Mike Norvell,2020,Alex Atkins,Adam Fuller
2022,Fresno State Bulldogs,Jeff Tedford,,Kirby Moore,Kevin Coyle
2022,Georgia Bulldogs,Kirby Smart,2016,Todd Monken,Will Muschamp / Glenn Schumann
2022,Georgia Southern Eagles,Clay Helton,2022,Bryan Ellis,Will Harris
2022,Georgia State Panthers,Shawn Elliott,2017,Trent McKnight,Nate Fuqua
2022,Georgia Tech Yellow Jackets,Geoff Collins,2019,Chip Long,Andrew Thacker
2022,Hawai'i Rainbow Warriors,Timmy Chang,2022,Ian Shoemaker,Jacob Yoro
2022,Houston Cougars,Dana Holgorsen,2019,Shannon Dawson / Brandon Jones,Doug Belk
2022,Illinois Fighting Illini,Bret Bielema,2021,Barry Lunney Jr.,Ryan Walters
2022,Indiana Hoosiers,Tom Allen,2017,Walt Bell / Adam Henry,Chad Wilt
2022,Iowa Hawkeyes,Kirk Ferentz,1999,Brian Ferentz,Phil Parker
2022,Iowa State Cyclones,Matt Campbell,2016,Tom Manning,Jon Heacock
2022,James Madison Dukes,Curt Cignetti,2019,Mike Shanahan,Bryant Haines
2022,Kansas Jayhawks,Lance Leipold,2021,Andy Kotelnicki,Brian Borland
2022,Kansas State Wildcats,Chris Klieman,2019,Collin Klein,Joe Klanderman
2022,Kent State Golden Flashes,Sean Lewis,2018,Andrew Sowder,Jeremiah Johnson
2022,Kentucky Wildcats,Mark Stoops,2013,Rich Scangarello,Brad White
2022,LSU Tigers,Brian Kelly,2022,Mike Denbrock,Matt House
2022,Liberty Flames,Hugh Freeze,2019,Kent Austin / Maurice Harris,Josh Aldridge / Jack Curtis
2022,Louisiana Monroe Warhawks,Terry Bowden,2021,Matt Kubik,Vic Koenning / Todd Stroud
2022,Louisiana Ragin' Cajuns,Michael Desormeaux,2022,Tim Leger,LaMar Morgan
2022,Louisiana Tech Bulldogs,Sonny Cumbie,2022,Jake Brown / Scott Parr,Scott Power
2022,Louisville Cardinals,Scott Satterfield,2019,Lance Taylor,Bryan Brown / Wes McGriff
2022,Marshall Thundering Herd,Charles Huff,2021,Clint Trickett,Lance Guidry
2022,Maryland Terrapins,Mike Locksley,2019,Dan Enos / Mike Miller,Brian Williams
2022,Memphis Tigers,Ryan Silverfield,2020,Tim Cramsey,Matt Barnes
2022,Miami (OH) RedHawks,Chuck Martin,2014,Eric Koehler,Bill Brechin
2022,Miami Hurricanes,Mario Cristobal,2022,Josh Gattis,Kevin Steele / Charlie Strong
2022,Michigan State Spartans,Mel Tucker,2020,Jay Johnson,Scottie Hazelton
2022,Michigan Wolverines,Jim Harbaugh,2015,Sherrone Moore / Matt Weiss,Jesse Minter
2022,Middle Tennessee Blue Raiders,Rick Stockstill,2006,Mitch Stewart,Scott Shafer
2022,Minnesota Golden Gophers,P. J. Fleck,2017,Kirk Ciarrocca / Matt Simon,Joe Rossi / Paul Haynes
2022,Mississippi State Bulldogs,Mike Leach,2020,Mike Leach,Zach Arnett
2022,Missouri Tigers,Eliah Drinkwitz,2020,Curtis Luper,Blake Baker
2022,NC State Wolfpack,Dave Doeren,2013,Tim Beck,Tony Gibson
2022,Navy Midshipmen,Ken Niumatalolo,2007,Vacant,Brian Newberry
2022,Nebraska Cornhuskers,Scott Frost,2018,Mark Whipple,Erik Chinander
2022,Nevada Wolf Pack,Ken Wilson,2022,Derek Sage,Kwame Agyeman / Mike Bethea
2022,New Mexico Lobos,Danny Gonzales,2020,Derek Warehime,Rocky Long
2022,New Mexico State Aggies,Jerry Kill,2022,Tim Beck,Nate Dreiling / Melvin Rice
2022,North Carolina Tar Heels,Mack Brown,,Phil Longo,Gene Chizik / Charlton Warren
2022,North Texas Mean Green,Seth Littrell,2016,Mike Bloesch / Tommy Mainord,Phil Bennett / Jim Gush
2022,Northern Illinois Huskies,Thomas Hammock,2019,Eric Eidsness,Derrick Jackson / Nick Benedetto
2022,Northwestern Wildcats,Pat Fitzgerald,2006,Mike Bajakian,Jim O'Neil
2022,Notre Dame Fighting Irish,Marcus Freeman,2022,Tommy Rees,Al Golden
2022,Ohio Bobcats,Tim Albin,2021,Scott Isphording / Allen Rudolph,Spence Nowinsky
2022,Ohio State Buckeyes,Ryan Day,2019,Kevin Wilson,Jim Knowles
2022,Oklahoma Sooners,Brent Venables,2022,Jeff Lebby,Todd Bates / Ted Roof / Jay Valai
2022,Oklahoma State Cowboys,Mike Gundy,2005,Kasey Dunn,Derek Mason
2022,Old Dominion Monarchs,Ricky Rahne,2020,Vacant,Blake Seiler
2022,Ole Miss Rebels,Lane Kiffin,2020,Charlie Weis Jr.,Maurice Crum Jr. / Chris Partridge
2022,Oregon Ducks,Dan Lanning,2022,Junior Adams / Kenny Dillingham,Tosh Lupoi / Matt Powledge
2022,Oregon State Beavers,Jonathan Smith,2018,Brian Lindgren,Trent Bray
2022,Penn State Nittany Lions,James Franklin,2014,Mike Yurcich,Manny Diaz / Anthony Poindexter
2022,Pittsburgh Panthers,Pat Narduzzi,2015,Frank Cignetti Jr.,Randy Bates
2022,Purdue Boilermakers,Jeff Brohm,2017,Brian Brohm,Ron English / Mark Hagen
2022,Rice Owls,Mike Bloomgren,2018,Marques Tuiasosopo,Brian Smith
2022,Rutgers Scarlet Knights,Greg Schiano,,Sean Gleeson,Joe Harasymiak
2022,SMU Mustangs,Rhett Lashlee,2022,Casey Woods,Scott Symons
2022,San Diego State Aztecs,Brady Hoke,2020,Jeff Hecklinski,Kurt Mattix
2022,San Jose State Spartans,Brent Brennan,2017,Kevin McGiven,Derrick Odum
2022,South Alabama Jaguars,Kane Wommack,2021,Major Applewhite,Corey Batoon
2022,South Carolina Gamecocks,Shane Beamer,2021,Marcus Satterfield,Clayton White
2022,South Florida Bulls,Jeff Scott,2020,Travis Trickett,Bob Shoop
2022,Southern Mississippi Golden Eagles,Will Hall,2021,Sam Gregg,Austin Armstrong
2022,Stanford Cardinal,David Shaw,2011,Tavita Pritchard,Lance Anderson
2022,Syracuse Orange,Dino Babers,2016,Robert Anae,Tony White
2022,TCU Horned Frogs,Sonny Dykes,2022,A.J. Ricker / Garrett Riley,Joseph Gillespie
2022,Temple Owls,Stan Drayton,2022,Danny Langsdorf,D. J. Eliot
2022,Tennessee Volunteers,Josh Heupel,2021,Alex Golesh,Tim Banks
2022,Texas A&M Aggies,Jimbo Fisher,2018,Darrell Dickey,D. J. Durkin / Tyler Santucci
2022,Texas Longhorns,Steve Sarkisian,2021,Kyle Flood,Jeff Choate / Pete Kwiatkowski
2022,Texas State Bobcats,Jake Spavital,2019,Jake Spavital,Brian Gambel / Zac Spavital
2022,Texas Tech Red Raiders,Joey McGuire,2022,Zach Kittley,Tim DeRuyter
2022,Toledo Rockets,Jason Candle,2016,Mike Hallett / Robert Weiner,Vince Kehres / Craig Kuligowski
2022,Troy Trojans,Jon Sumrall,2022,Joe Craddock,Shiel Wood
2022,Tulane Green Wave,Willie Fritz,2016,Jim Svoboda,Chris Hampton
2022,Tulsa Golden Hurricane,Philip Montgomery,2015,Philip Montgomery,Luke Olson
2022,UAB Blazers,Bryant Vincent,2022,Bryant Vincent,David Reeves
2022,UCF Knights,Gus Malzahn,2021,Chip Lindsey,David Gibbs / Travis Williams
2022,UCLA Bruins,Chip Kelly,2018,Chip Kelly,Bill McGovern
2022,UConn Huskies,Jim L. Mora,2022,Nick Charlton,Lou Spanos
2022,UMass Minutemen,Don Brown,2022,Steve Casula,Keith Dudzinski
2022,UNLV Rebels,Marcus Arroyo,2020,Nick Holz,Keith Heyward
2022,USC Trojans,Lincoln Riley,2022,Josh Henson,Alex Grinch
2022,UTEP Miners,Dana Dimel,2018,Dave Warner,Bradley Dale Peveto
2022,UTSA Roadrunners,Jeff Traylor,2020,Matt Mattox / Will Stein,Jess Loepp
2022,Utah State Aggies,Blake Anderson,2021,Anthony Tucker,Ephraim Banda
2022,Utah Utes,Kyle Whittingham,2005,Andy Ludwig,Morgan Scalley
2022,Vanderbilt Commodores,Clark Lea,2021,Joey Lynch,Nick Howell
2022,Virginia Cavaliers,Tony Elliott,2022,Des Kitchings,John Rudzinski
2022,Virginia Tech Hokies,Brent Pry,2022,Tyler Bowen,Chris Marve
2022,Wake Forest Demon Deacons,Dave Clawson,2014,Warren Ruggiero,Brad Lambert
2022,Washington Huskies,Kalen DeBoer,2022,Ryan Grubb / JaMarcus Shephard,William Inge / Chuck Morrell
2022,Washington State Cougars,Jake Dickert,2021,Eric Morris,Brian Ward
2022,West Virginia Mountaineers,Neal Brown,2019,Graham Harrell,ShaDon Brown / Jordan Lesley
2022,Western Kentucky Hilltoppers,Tyson Helton,2019,Ben Arbuckle / Josh Crawford / Zack Lankford,Tyson Summers
2022,Western Michigan Broncos,Tim Lester,2017,Eric Evans / Jeff Thorne,Lou Esposito
2022,Wisconsin Badgers,Paul Chryst,2015,Bobby Engram,Jim Leonhard
2022,Wyoming Cowboys,Craig Bohl,2014,Tim Polasek,Jay Sawvel
2023,Air Force Falcons,Troy Calhoun,2007,Mike Thiessen,Brian Knorr
2023,Akron Zips,Joe Moorhead,2022,Billy Fessler,Tim Tibesar
2023,Alabama Crimson Tide,Nick Saban,2007,Tommy Rees,Kevin Steele
2023,Appalachian State Mountaineers,Shawn Clark,2020,Frank Ponce,Scott Sloan
2023,Arizona State Sun Devils,Kenny Dillingham,2023,Beau Baldwin,Brian Ward
2023,Arizona Wildcats,Jedd Fisch,2021,Brennan Carroll,Johnny Nansen
2023,Arkansas Razorbacks,Sam Pittman,2020,Dan Enos,Travis Williams / Marcus Woodson
2023,Arkansas State Red Wolves,Butch Jones,2021,Logan Kilgore,Rob Harley
2023,Army Black Knights,Jeff Monken,2014,Matt Drinkall / Drew Thatcher,Nate Woody
2023,Auburn Tigers,Hugh Freeze,2023,Philip Montgomery,Ron Roberts
2023,BYU Cougars,Kalani Sitake,2016,Aaron Roderick,Jay Hill
2023,Ball State Cardinals,Mike Neu,2016,Jared Elliott / Kevin Lynch,Tyler Stockton
2023,Baylor Bears,Dave Aranda,2020,Jeff Grimes,Matt Powledge
2023,Boise State Broncos,Andy Avalos,2021,Bush Hamdan,Spencer Danielson / Kane Ioane
2023,Boston College Eagles,Jeff Hafley,2020,Steve Shimko,Aazaar Abdul-Rahim / Sean Duggan
2023,Bowling Green Falcons,Scot Loeffler,2019,Greg Nosal / Max Warner,Sammy Lawanson / Steve Morrison
2023,Buffalo Bulls,Maurice Linguist,2021,DJ Mangas,Robert Wright
2023,California Golden Bears,Justin Wilcox,2017,Jake Spavital,Peter Sirmon
2023,Central Michigan Chippewas,Jim McElwain,2019,Paul Petrino,Robb Akey
2023,Charlotte 49ers,Biff Poggi,2023,Mike Miller,Ryan Osborn
2023,Cincinnati Bearcats,Scott Satterfield,2023,Brad Glenn,Bryan Brown / Nate Fuqua
2023,Clemson Tigers,Dabo Swinney,2009,Garrett Riley,Mickey Conn / Wes Goodwin
2023,Coastal Carolina Chanticleers,Tim Beck,2023,Travis Trickett,Craig Naivar
2023,Colorado Buffaloes,Deion Sanders,2023,Sean Lewis,Charles Kelly
2023,Colorado State Rams,Jay Norvell,2022,Matt Mumme,Freddie Banks
2023,Duke Blue Devils,Mike Elko,2022,Kevin Johns,Tyler Santucci
2023,East Carolina Pirates,Mike Houston,2019,Donnie Kirkpatrick,Blake Harrell
2023,Eastern Michigan Eagles,Chris Creighton,2014,Chris Creighton,Taver Johnson / Ben Needham
2023,Florida Atlantic Owls,Tom Herman,2023,Charlie Frye,Roc Bellantoni
2023,Florida Gators,Billy Napier,2022,Rob Sale,Austin Armstrong / Sean Spencer
2023,Florida International Golden Panthers,Mike MacIntyre,2022,David Yost,Jovan Dewitt
2023,Florida State Seminoles,Mike Norvell,2020,Alex Atkins,Adam Fuller
2023,Fresno State Bulldogs,Jeff Tedford,,Pat McCann,Kevin Coyle
2023,Georgia Bulldogs,Kirby Smart,2016,Mike Bobo,Will Muschamp / Glenn Schumann
2023,Georgia Southern Eagles,Clay Helton,2022,Bryan Ellis,Brandon Bailey
2023,Georgia State Panthers,Shawn Elliott,2017,Trent McKnight,Chad Staggs
2023,Georgia Tech Yellow Jackets,Brent Key,2022,Buster Faulkner,Kevin Sherrer / Andrew Thacker
2023,Hawai'i Rainbow Warriors,Timmy Chang,2022,Roman Sapolu / Ian Shoemaker,Jacob Yoro
2023,Houston Cougars,Dana Holgorsen,2019,Dana Holgorsen,Doug Belk
2023,Illinois Fighting Illini,Bret Bielema,2021,Barry Lunney Jr.,Aaron Henry
2023,Indiana Hoosiers,Tom Allen,2017,Walt Bell / Anthony Tucker,Matt Guerrieri / Chad Wilt
2023,Iowa Hawkeyes,Kirk Ferentz,1999,Brian Ferentz,Phil Parker
2023,Iowa State Cyclones,Matt Campbell,2016,Nathan Scheelhaase,Jon Heacock
2023,Jacksonville State Gamecocks,Rich Rodriguez,2022,Rod Smith,Zac Alley
2023,James Madison Dukes,Curt Cignetti,2019,Mike Shanahan,Bryant Haines
2023,Kansas Jayhawks,Lance Leipold,2021,Andy Kotelnicki,Brian Borland
2023,Kansas State Wildcats,Chris Klieman,2019,Collin Klein,Joe Klanderman
2023,Kennesaw State Owls,Brian Bohannon,2015,Chris Klenakis,Nathan Burton
2023,Kent State Golden Flashes,Kenni Burns,2023,Matt Johnson,David Duggan
2023,Kentucky Wildcats,Mark Stoops,2013,Liam Coen,Brad White
2023,LSU Tigers,Brian Kelly,2022,Mike Denbrock,Matt House
2023,Liberty Flames,Jamey Chadwell,2023,Newland Isaac / Willy Korn,Jack Curtis / Skylor Magee
2023,Louisiana Monroe Warhawks,Terry Bowden,2021,Matt Kubik,Vic Koenning
2023,Louisiana Ragin' Cajuns,Michael Desormeaux,2022,Tim Leger,LaMar Morgan
2023,Louisiana Tech Bulldogs,Sonny Cumbie,2022,Jake Brown / Scott Parr,Scott Power
2023,Louisville Cardinals,Jeff Brohm,2023,Brian Brohm,Ron English
2023,Marshall Thundering Herd,Charles Huff,2021,Clint Trickett,Jason Semore / Chevis Jackson
2023,Maryland Terrapins,Mike Locksley,,Josh Gattis / Kevin Sumlin,Brian Williams
2023,Memphis Tigers,Ryan Silverfield,2020,Tim Cramsey,Matt Barnes
2023,Miami (OH) RedHawks,Chuck Martin,2014,Patrick Welsh,Bill Brechin
2023,Miami Hurricanes,Mario Cristobal,2022,Shannon Dawson,Lance Guidry
2023,Michigan State Spartans,Mel Tucker,2020,Jay Johnson,Scottie Hazelton
2023,Michigan Wolverines,Jim Harbaugh,2015,Sherrone Moore,Jesse Minter
2023,Middle Tennessee Blue Raiders,Rick Stockstill,2006,Mitch Stewart,Scott Shafer
2023,Minnesota Golden Gophers,P. J. Fleck,2017,Greg Harbaugh Jr. / Matt Simon,Nick Monroe / Joe Rossi
2023,Mississippi State Bulldogs,Zach Arnett,2023,Kevin Barbay,Matt Brock
2023,Missouri Tigers,Eliah Drinkwitz,2020,Kirby Moore,Blake Baker
2023,NC State Wolfpack,Dave Doeren,2013,Robert Anae,Tony Gibson
2023,Navy Midshipmen,Brian Newberry,2023,Grant Chesnut,P.J. Volker
2023,Nebraska Cornhuskers,Matt Rhule,2023,Marcus Satterfield,Tony White
2023,Nevada Wolf Pack,Ken Wilson,2022,Derek Sage,Kwame Agyeman / Mike Bethea
2023,New Mexico Lobos,Danny Gonzales,2020,Bryant Vincent,Troy Reffett
2023,New Mexico State Aggies,Jerry Kill,2022,Tim Beck,Nate Dreiling / Melvin Rice
2023,North Carolina Tar Heels,Mack Brown,,Chip Lindsey,Gene Chizik / Charlton Warren
2023,North Texas Mean Green,Eric Morris,2023,Jordan Davis,Matt Caponi
2023,Northern Illinois Huskies,Thomas Hammock,2019,Eric Eidsness,Nick Benedetto
2023,Northwestern Wildcats,David Braun[interim],2023,Mike Bajakian,Vacant
2023,Notre Dame Fighting Irish,Marcus Freeman,2022,Gerad Parker,Al Golden
2023,Ohio Bobcats,Tim Albin,2021,Scott Isphording / Allen Rudolph,Spence Nowinsky
2023,Ohio State Buckeyes,Ryan Day,2019,Brian Hartline,Jim Knowles
2023,Oklahoma Sooners,Brent Venables,2022,Jeff Lebby,Todd Bates / Ted Roof / Jay Valai
2023,Oklahoma State Cowboys,Mike Gundy,2005,Kasey Dunn,Jim Bob Clements / Bryan Nardo
2023,Old Dominion Monarchs,Ricky Rahne,2020,Kevin Decker,Blake Seiler
2023,Ole Miss Rebels,Lane Kiffin,2020,John David Baker / Charlie Weis Jr.,Pete Golding
2023,Oregon Ducks,Dan Lanning,2022,Junior Adams / Will Stein,Chris Hampton / Tosh Lupoi
2023,Oregon State Beavers,Jonathan Smith,2018,Brian Lindgren,Trent Bray
2023,Penn State Nittany Lions,James Franklin,2014,Mike Yurcich,Manny Diaz / Anthony Poindexter
2023,Pittsburgh Panthers,Pat Narduzzi,2015,Frank Cignetti Jr.,Randy Bates
2023,Purdue Boilermakers,Ryan Walters,2023,Graham Harrell,Kevin Kane
2023,Rice Owls,Mike Bloomgren,2018,Marques Tuiasosopo,Brian Smith
2023,Rutgers Scarlet Knights,Greg Schiano,,Kirk Ciarrocca,Joe Harasymiak
2023,SMU Mustangs,Rhett Lashlee,2022,Casey Woods,Scott Symons
2023,Sam Houston State,K. C. Keeler,2014,Brad Cornelson,Clayton Carlin / Joe Morris
2023,San Diego State Aztecs,Brady Hoke,,Ryan Lindley,Kurt Mattix
2023,San Jose State Spartans,Brent Brennan,2017,Kevin McGiven,Derrick Odum
2023,South Alabama Jaguars,Kane Wommack,2021,Major Applewhite,Corey Batoon
2023,South Carolina Gamecocks,Shane Beamer,2021,Dowell Loggains,Clayton White
2023,South Florida Bulls,Alex Golesh,2023,Joel Gordon / Matt Merritt,Todd Orlando
2023,Southern Mississippi Golden Eagles,Will Hall,2021,Sam Gregg,Dan O'Brien
2023,Stanford Cardinal,Troy Taylor,2023,Troy Taylor,Bobby April III
2023,Syracuse Orange,Dino Babers,2016,Jason Beck,Rocky Long
2023,TCU Horned Frogs,Sonny Dykes,2022,Kendal Briles / A. J. Ricker,Joe Gillespie
2023,Temple Owls,Stan Drayton,2022,Danny Langsdorf,Everett Withers
2023,Tennessee Volunteers,Josh Heupel,2021,Joey Halzle,Tim Banks
2023,Texas A&M Aggies,Jimbo Fisher,2018,Bobby Petrino,D. J. Durkin
2023,Texas Longhorns,Steve Sarkisian,2021,Kyle Flood,Jeff Choate / Pete Kwiatkowski
2023,Texas State Bobcats,G. J. Kinne,2023,Mack Leftwich,Jonathan Patke
2023,Texas Tech Red Raiders,Joey McGuire,2022,Zach Kittley,Tim DeRuyter
2023,Toledo Rockets,Jason Candle,2016,Mike Hallett / Robert Weiner,Vince Kehres / Ross Watson
2023,Troy Trojans,Jon Sumrall,2022,Joe Craddock,Greg Gasparato / Tayler Polk
2023,Tulane Green Wave,Willie Fritz,2016,Slade Nagle,Shiel Wood
2023,Tulsa Golden Hurricane,Kevin Wilson,2023,Steve Spurrier Jr.,Chris Polizzi
2023,UAB Blazers,Trent Dilfer,2023,Alex Mortensen,Sione Ta'ufo'ou
2023,UCF Knights,Gus Malzahn,2021,Darin Hinshaw,David Gibbs / Addison Williams
2023,UCLA Bruins,Chip Kelly,2018,Chip Kelly,D'Anton Lynn
2023,UConn Huskies,Jim L. Mora,2022,Nick Charlton,Lou Spanos
2023,UMass Minutemen,Don Brown,,Steve Casula,Keith Dudzinski
2023,UNLV Rebels,Barry Odom,2023,Brennan Marion,Michael Scherer
2023,USC Trojans,Lincoln Riley,2022,Josh Henson,Alex Grinch
2023,UTEP Miners,Dana Dimel,2018,Scotty Ohara,Bradley Dale Peveto
2023,UTSA Roadrunners,Jeff Traylor,2020,Justin Burke,Jess Loepp
2023,Utah State Aggies,Blake Anderson,2021,Kyle Cefalo,Joe Cauthen
2023,Utah Utes,Kyle Whittingham,2005,Andy Ludwig,Morgan Scalley
2023,Vanderbilt Commodores,Clark Lea,2021,Joey Lynch,Nick Howell
2023,Virginia Cavaliers,Tony Elliott,2022,Des Kitchings,John Rudzinski
2023,Virginia Tech Hokies,Brent Pry,2022,Tyler Bowen,Chris Marve
2023,Wake Forest Demon Deacons,Dave Clawson,2014,Warren Ruggiero,Brad Lambert
2023,Washington Huskies,Kalen DeBoer,2022,Ryan Grubb / JaMarcus Shephard,William Inge / Chuck Morrell
2023,Washington State Cougars,Jake Dickert,2021,Ben Arbuckle,Jeff Schmedding
2023,West Virginia Mountaineers,Neal Brown,2019,Chad Scott,ShaDon Brown / Jordan Lesley
2023,Western Kentucky Hilltoppers,Tyson Helton,2019,Drew Hollingshead / Zack Lankford,Tyson Summers
2023,Western Michigan Broncos,Lance Taylor,2023,Billy Cosh,Lou Esposito
2023,Wisconsin Badgers,Luke Fickell,2023,Phil Longo,Colin Hitschler / Mike Tressel
2023,Wyoming Cowboys,Craig Bohl,2014,Tim Polasek,Jay Sawvel
2024,Air Force Falcons,Troy Calhoun,2007,Mike Thiessen,Brian Knorr
2024,Akron Zips,Joe Moorhead,2022,Taylor Housewright,Tim Tibesar
2024,Alabama Crimson Tide,Kalen DeBoer,2024,Nick Sheridan,Kane Wommack / Maurice Linguist
2024,Appalachian State Mountaineers,Shawn Clark,2020,Frank Ponce,Scott Sloan
2024,Arizona State Sun Devils,Kenny Dillingham,2023,Marcus Arroyo,Brian Ward
2024,Arizona Wildcats,Brent Brennan,2024,Dino Babers,Duane Akina
2024,Arkansas Razorbacks,Sam Pittman,2020,Bobby Petrino,Travis Williams / Marcus Woodson
2024,Arkansas State Red Wolves,Butch Jones,2021,Keith Heckendorf,Rob Harley
2024,Army Black Knights,Jeff Monken,2014,Cody Worley,Nate Woody
2024,Auburn Tigers,Hugh Freeze,2023,Derrick Nix,D. J. Durkin / Charles Kelly
2024,BYU Cougars,Kalani Sitake,2016,Aaron Roderick,Jay Hill
2024,Ball State Cardinals,Mike Neu,2016,Jared Elliott / Kevin Lynch,Jeff Knowles
2024,Baylor Bears,Dave Aranda,2020,Jake Spavital,Matt Powledge
2024,Boise State Broncos,Spencer Danielson,2023,Dirk Koetter / Nate Potter,Erik Chinander / Tyler Stockton
2024,Boston College Eagles,Bill O'Brien,2024,Will Lawing,Tim Lewis
2024,Bowling Green Falcons,Scot Loeffler,2019,Greg Nosal / Max Warner,Sammy Lawanson / Steve Morrison
2024,Buffalo Bulls,Pete Lembo,2024,Dave Patenaude,Joe Bowen
2024,California Golden Bears,Justin Wilcox,2017,Mike Bloesch,Peter Sirmon
2024,Central Michigan Chippewas,Jim McElwain,2019,Tavita Thompson,Robb Akey
2024,Charlotte 49ers,Biff Poggi,2023,Mike Miller,Ryan Osborn
2024,Cincinnati Bearcats,Scott Satterfield,2023,Brad Glenn,Nate Fuqua / Tyson Veidt
2024,Clemson Tigers,Dabo Swinney,2009,Garrett Riley,Mickey Conn / Wes Goodwin
2024,Coastal Carolina Chanticleers,Tim Beck,2023,Travis Trickett,Craig Naivar
2024,Colorado Buffaloes,Deion Sanders,2023,Pat Shurmur,Robert Livingston
2024,Colorado State Rams,Jay Norvell,2022,Matt Mumme,Freddie Banks
2024,Duke Blue Devils,Manny Diaz,2024,Jonathan Brewer,Jonathan Patke
2024,East Carolina Pirates,Mike Houston,2019,John David Baker,Blake Harrell
2024,Eastern Michigan Eagles,Chris Creighton,2014,Mike Piatkowski,Ben Needham
2024,Florida Atlantic Owls,Tom Herman,2023,Charlie Frye,Roc Bellantoni
2024,Florida Gators,Billy Napier,2022,Rob Sale,Austin Armstrong / Ron Roberts
2024,Florida International Golden Panthers,Mike MacIntyre,2022,David Yost,Jovan Dewitt
2024,Florida State Seminoles,Mike Norvell,2020,Alex Atkins,Adam Fuller
2024,Fresno State Bulldogs,Tim Skipper (interim),2024,Pat McCann,Kevin Coyle
2024,Georgia Bulldogs,Kirby Smart,2016,Mike Bobo,Glenn Schumann / Travaris Robinson
2024,Georgia Southern Eagles,Clay Helton,2022,Ryan Aplin,Brandon Bailey
2024,Georgia State Panthers,Dell McGee,2024,Jim Chaney,Kevin Sherrer
2024,Georgia Tech Yellow Jackets,Brent Key,2022,Buster Faulkner,Tyler Santucci
2024,Hawai'i Rainbow Warriors,Timmy Chang,2022,Timmy Chang,Dennis Thurman
2024,Houston Cougars,Willie Fritz,2024,Kevin Barbay,Shiel Wood
2024,Illinois Fighting Illini,Bret Bielema,2021,Barry Lunney Jr.,Aaron Henry
2024,Indiana Hoosiers,Curt Cignetti,2024,Mike Shanahan,Bryant Haines
2024,Iowa Hawkeyes,Kirk Ferentz,1999,Tim Lester,Phil Parker
2024,Iowa State Cyclones,Matt Campbell,2016,Taylor Mouser,Jon Heacock
2024,Jacksonville State Gamecocks,Rich Rodriguez,2022,Rod Smith,Luke Olson
2024,James Madison Dukes,Bob Chesney,2024,Dean Kennedy,Lyle Hemphill
2024,Kansas Jayhawks,Lance Leipold,2021,Jeff Grimes / Jim Zebrowski,Brian Borland / D.K. McDonald
2024,Kansas State Wildcats,Chris Klieman,2019,Conor Riley / Matt Wells,Joe Klanderman
2024,Kennesaw State Owls,Brian Bohannon,2015,Chandler Burks / Stewart Cook,Greg Harris
2024,Kent State Golden Flashes,Kenni Burns,2023,Mark Carney,David Duggan / Kody Morgan
2024,Kentucky Wildcats,Mark Stoops,2013,Bush Hamdan,Brad White
2024,LSU Tigers,Brian Kelly,2022,Joe Sloan / Cortez Hankton,Blake Baker
2024,Liberty Flames,Jamey Chadwell,2023,Newland Isaac / Willy Korn,Jack Curtis / Skylor Magee
2024,Louisiana Monroe Warhawks,Bryant Vincent,2024,Bryant Vincent,Earnest Hill
2024,Louisiana Ragin' Cajuns,Michael Desormeaux,2022,Tim Leger,Jim Salgado
2024,Louisiana Tech Bulldogs,Sonny Cumbie,2022,Scott Parr / Nathan Young,Jeremiah Johnson
2024,Louisville Cardinals,Jeff Brohm,2023,Brian Brohm,Ron English
2024,Marshall Thundering Herd,Charles Huff,2021,Seth Doege,Jason Semore
2024,Maryland Terrapins,Mike Locksley,,Josh Gattis / Kevin Sumlin,Aazaar Abdul-Rahim / Brian Williams
2024,Memphis Tigers,Ryan Silverfield,2020,Tim Cramsey,Jordon Hankins / Spence Nowinsky
2024,Miami (OH) RedHawks,Chuck Martin,2014,Patrick Welsh,Bill Brechin
2024,Miami Hurricanes,Mario Cristobal,2022,Shannon Dawson,Lance Guidry / Derek Nicholson
2024,Michigan State Spartans,Jonathan Smith,2024,Brian Lindgren,Joe Rossi
2024,Michigan Wolverines,Sherrone Moore,2024,Kirk Campbell,Don Martindale
2024,Middle Tennessee Blue Raiders,Derek Mason,2024,Bodie Reeder,Brian Stewart
2024,Minnesota Golden Gophers,P. J. Fleck,2017,Greg Harbaugh Jr. / Matt Simon,Corey Hetherman
2024,Mississippi State Bulldogs,Jeff Lebby,2024,Jeff Lebby,Matt Barnes / Coleman Hutzler
2024,Missouri Tigers,Eliah Drinkwitz,2020,Kirby Moore,Corey Batoon
2024,NC State Wolfpack,Dave Doeren,2013,Robert Anae,Tony Gibson
2024,Navy Midshipmen,Brian Newberry,2023,Drew Cronic,P.J. Volker
2024,Nebraska Cornhuskers,Matt Rhule,2023,Marcus Satterfield,Tony White
2024,Nevada Wolf Pack,Jeff Choate,2024,Matt Lubick,Kane Ioane
2024,New Mexico Lobos,Bronco Mendenhall,2024,Jason Beck,Nick Howell
2024,New Mexico State Aggies,Tony Sanchez,2024,Tyler Wright,Joe Morris
2024,North Carolina Tar Heels,Mack Brown,,Chip Lindsey,Geoff Collins / Charlton Warren
2024,North Texas Mean Green,Eric Morris,2023,Jordan Davis,Matt Caponi
2024,Northern Illinois Huskies,Thomas Hammock,2019,Wesley Beschorner,Nick Benedetto
2024,Northwestern Wildcats,David Braun,2023,Zach Lujan,Tim McGarigle
2024,Notre Dame Fighting Irish,Marcus Freeman,2022,Mike Denbrock,Al Golden
2024,Ohio Bobcats,Tim Albin,2021,Brian Smith,John Hauser
2024,Ohio State Buckeyes,Ryan Day,2019,Chip Kelly / Brian Hartline,Jim Knowles
2024,Oklahoma Sooners,Brent Venables,2022,Joe Jon Finley / Seth Littrell,Zac Alley / Todd Bates / Jay Valai
2024,Oklahoma State Cowboys,Mike Gundy,2005,Kasey Dunn,Joe Bob Clements / Bryan Nardo
2024,Old Dominion Monarchs,Ricky Rahne,2020,Kevin Decker,Blake Seiler
2024,Ole Miss Rebels,Lane Kiffin,2020,Charlie Weis Jr.,Bryan Brown / Pete Golding
2024,Oregon Ducks,Dan Lanning,2022,Junior Adams / Will Stein,Chris Hampton / Tosh Lupoi
2024,Oregon State Beavers,Trent Bray,2024,Ryan Gunderson,Keith Heyward
2024,Penn State Nittany Lions,James Franklin,2014,Andy Kotelnicki,Tom Allen
2024,Pittsburgh Panthers,Pat Narduzzi,2015,Kade Bell,Randy Bates
2024,Purdue Boilermakers,Ryan Walters,2023,Graham Harrell,Kevin Kane
2024,Rice Owls,Mike Bloomgren,2018,Marques Tuiasosopo,Brian Smith
2024,Rutgers Scarlet Knights,Greg Schiano,,Kirk Ciarrocca,Joe Harasymiak
2024,SMU Mustangs,Rhett Lashlee,2022,Rob Likens / Casey Woods,Scott Symons
2024,Sam Houston State,K. C. Keeler,2014,Brad Cornelsen,Skyler Cassity
2024,San Diego State Aztecs,Sean Lewis,2024,Sean Lewis,Eric Schmidt
2024,San Jose State Spartans,Ken Niumatalolo,2024,Craig Stutzmann,Derrick Odum
2024,South Alabama Jaguars,Major Applewhite,2024,Rob Ezell,Will Windham
2024,South Carolina Gamecocks,Shane Beamer,2021,Dowell Loggains,Clayton White
2024,South Florida Bulls,Alex Golesh,2023,Joel Gordon,Todd Orlando
2024,Southern Mississippi Golden Eagles,Will Hall,2021,Chip Long,Clay Bignell
2024,Stanford Cardinal,Troy Taylor,2023,Troy Taylor,Bobby April III
2024,Syracuse Orange,Fran Brown,2024,Mike Johnson / Jeff Nixon,Elijah Robinson / Robert Wright
2024,TCU Horned Frogs,Sonny Dykes,2022,Kendal Briles / A. J. Ricker,Andy Avalos
2024,Temple Owls,Stan Drayton,2022,Danny Langsdorf,Everett Withers
2024,Tennessee Volunteers,Josh Heupel,2021,Joey Halzle,Tim Banks
2024,Texas A&M Aggies,Mike Elko,2024,Collin Klein / Holmon Wiggins,Jay Bateman
2024,Texas Longhorns,Steve Sarkisian,2021,Kyle Flood,Pete Kwiatkowski / Johnny Nansen
2024,Texas State Bobcats,G. J. Kinne,2023,Mack Leftwich,Dexter McCoil / Bradley Dale Peveto
2024,Texas Tech Red Raiders,Joey McGuire,2022,Zach Kittley,Tim DeRuyter
2024,Toledo Rockets,Jason Candle,2016,Mike Hallett / Robert Weiner,Vince Kehres / Ross Watson
2024,Troy Trojans,Gerad Parker,2024,Sean Reagan,Nathan Burton / Dontae Wright
2024,Tulane Green Wave,Jon Sumrall,2024,Joe Craddock / Evan McKissack,Greg Gasparato / Tayler Polk
2024,Tulsa Golden Hurricane,Kevin Wilson,2023,Steve Spurrier Jr.,Chris Polizzi
2024,UAB Blazers,Trent Dilfer,2023,Alex Mortensen,Sione Ta'ufo'ou
2024,UCF Knights,Gus Malzahn,2021,Tim Harris Jr.,Ted Roof / Addison Williams
2024,UCLA Bruins,DeShaun Foster,2024,Eric Bieniemy,Ikaika Malloe
2024,UConn Huskies,Jim L. Mora,2022,Gordon Sammis,Matt Brock
2024,UMass Minutemen,Don Brown,,Shane Montgomery,Keith Dudzinski
2024,UNLV Rebels,Barry Odom,2023,Brennan Marion,Michael Scherer
2024,USC Trojans,Lincoln Riley,2022,Josh Henson,D'Anton Lynn / Eric Henderson
2024,UTEP Miners,Scotty Walden,2024,Jake Brown / Ryan Stanchek,J. J. Clark / Kelvin Sigler
2024,UTSA Roadrunners,Jeff Traylor,2020,Justin Burke,Jess Loepp
2024,Utah State Aggies,Nate Dreiling (interim),2024,Kyle Cefalo / Cooper Bassett,Bobby McMillen
2024,Utah Utes,Kyle Whittingham,2005,Andy Ludwig,Morgan Scalley
2024,Vanderbilt Commodores,Clark Lea,2021,Tim Beck,Clark Lea
2024,Virginia Cavaliers,Tony Elliott,2022,Des Kitchings,John Rudzinski
2024,Virginia Tech Hokies,Brent Pry,2022,Tyler Bowen,Chris Marve
2024,Wake Forest Demon Deacons,Dave Clawson,2014,Warren Ruggiero,Brad Lambert
2024,Washington Huskies,Jedd Fisch,2024,Brennan Carroll,Stephen Belichick
2024,Washington State Cougars,Jake Dickert,2021,Ben Arbuckle,Jeff Schmedding
2024,West Virginia Mountaineers,Neal Brown,2019,Chad Scott,ShaDon Brown / Jordan Lesley
2024,Western Kentucky Hilltoppers,Tyson Helton,2019,Will Friend,Tyson Summers
2024,Western Michigan Broncos,Lance Taylor,2023,Walt Bell,Scott Power / Jeff Popovich
2024,Wisconsin Badgers,Luke Fickell,2023,Phil Longo,Mike Tressel / Alex Grinch
2024,Wyoming Cowboys,Jay Sawvel,2024,Jay Johnson,Aaron Bohl
2025,Air Force Falcons,Troy Calhoun,2007,Mike Thiessen,Brian Knorr
2025,Akron Zips,Joe Moorhead,2022,Joe Moorhead,Tim Tibesar
2025,Alabama Crimson Tide,Kalen DeBoer,2024,Ryan Grubb / Nick Sheridan,Maurice Linguist / Kane Wommack
2025,Appalachian State Mountaineers,Dowell Loggains,2025,Dowell Loggains,D. J. Smith
2025,Arizona State Sun Devils,Kenny Dillingham,2023,Marcus Arroyo,Brian Ward
2025,Arizona Wildcats,Brent Brennan,2024,Seth Doege,Danny Gonzales
2025,Arkansas Razorbacks,Sam Pittman,2020,Bobby Petrino,Travis Williams / Marcus Woodson
2025,Arkansas State Red Wolves,Butch Jones,2021,Keith Heckendorf,Griffin McCarley
2025,Army Black Knights,Jeff Monken,2014,Cody Worley,Nate Woody
2025,Auburn Tigers,Hugh Freeze,2023,Derrick Nix,D. J. Durkin
2025,BYU Cougars,Kalani Sitake,2016,Aaron Roderick,Jay Hill
2025,Ball State Cardinals,Mike Uremovich,2025,Mike Uremovich,Jeff Knowles
2025,Baylor Bears,Dave Aranda,2020,Jake Spavital,Matt Powledge
2025,Boise State Broncos,Spencer Danielson,2023,Matt Miller / Nate Potter,Erik Chinander / Tyler Stockton
2025,Boston College Eagles,Bill O'Brien,2024,Will Lawing,Tim Lewis
2025,Bowling Green Falcons,Eddie George,2025,Travis Partridge,Brandon Fisher
2025,Buffalo Bulls,Pete Lembo,2024,Dave Patenaude,Joe Bowen
2025,California Golden Bears,Justin Wilcox,2017,Bryan Harsin,Vic So'oto / Terrence Brown
2025,Central Michigan Chippewas,Matt Drinkall,2025,Jim Chapin / Derek Fulton,Sean Cronin
2025,Charlotte 49ers,Tim Albin,2025,Todd Fitch,Nate Faanes / Kurt Mattix
2025,Cincinnati Bearcats,Scott Satterfield,2023,Brad Glenn,Cortney Braswell / Tyson Veidt
2025,Clemson Tigers,Dabo Swinney,2009,Garrett Riley,Tom Allen / Mickey Conn
2025,Coastal Carolina Chanticleers,Tim Beck,2023,Drew Hollingshead,Jeremiah Johnson
2025,Colorado Buffaloes,Deion Sanders,2023,Pat Shurmur,Robert Livingston
2025,Colorado State Rams,Jay Norvell,2022,Matt Mumme,Tyson Summers
2025,Delaware Fightin' Blue Hens,Ryan Carty,2022,Terence Archer,Manny Rojas
2025,Duke Blue Devils,Manny Diaz,2024,Jonathan Brewer,Jonathan Patke
2025,East Carolina Pirates,Blake Harrell,2024,John David Baker,Josh Aldridge
2025,Eastern Michigan Eagles,Chris Creighton,2014,Mike Piatkowski,Ben Needham
2025,Florida Atlantic Owls,Zach Kittley,2025,Vacant,Brett Dewhurst
2025,Florida Gators,Billy Napier,2022,Russ Callaway,Robert Bala / Ron Roberts / Vinnie Sunseri
2025,Florida International Golden Panthers,Willie Simmons,2025,Nick Coleman,Jovan Dewitt
2025,Florida State Seminoles,Mike Norvell,2020,Gus Malzahn,Tony White
2025,Fresno State Bulldogs,Matt Entz,2025,Josh Davis,Nick Benedetto
2025,Georgia Bulldogs,Kirby Smart,2016,Mike Bobo,Travaris Robinson / Glenn Schumann
2025,Georgia Southern Eagles,Clay Helton,2022,Ryan Aplin,Brandon Bailey
2025,Georgia State Panthers,Dell McGee,2024,Hue Jackson,Travis Pearson
2025,Georgia Tech Yellow Jackets,Brent Key,2022,Buster Faulkner,Blake Gideon
2025,Hawai'i Rainbow Warriors,Timmy Chang,2022,Anthony Arceneaux,Dennis Thurman
2025,Houston Cougars,Willie Fritz,2024,Slade Nagle,Austin Armstrong
2025,Illinois Fighting Illini,Bret Bielema,2021,Barry Lunney Jr.,Aaron Henry
2025,Indiana Hoosiers,Curt Cignetti,2024,Mike Shanahan / Chandler Whitmer,Bryant Haines
2025,Iowa Hawkeyes,Kirk Ferentz,1999,Tim Lester,Phil Parker
2025,Iowa State Cyclones,Matt Campbell,2016,Taylor Mouser,Jon Heacock
2025,Jacksonville State Gamecocks,Charles Kelly,2025,Clint Trickett,Brian Williams
2025,James Madison Dukes,Bob Chesney,2024,Dean Kennedy,Colin Hitschler
2025,Kansas Jayhawks,Lance Leipold,2021,Matt Lubick / Jim Zebrowski,D.K. McDonald
2025,Kansas State Wildcats,Chris Klieman,2019,Matt Wells,Joe Klanderman
2025,Kennesaw State Owls,Jerry Mack,2025,Mitch Militello,Marc Mattioli
2025,Kent State Golden Flashes,Mark Carney,2025,Clay Patterson,Cherokee Valeria
2025,Kentucky Wildcats,Mark Stoops,2013,Bush Hamdan,Brad White
2025,LSU Tigers,Brian Kelly,2022,Cortez Hankton / Joe Sloan,Blake Baker
2025,Liberty Flames,Jamey Chadwell,2023,Newland Isaac / Willy Korn,Jack Curtis / Skylor Magee
2025,Louisiana Monroe Warhawks,Bryant Vincent,2024,Bryant Vincent,Earnest Hill
2025,Louisiana Ragin' Cajuns,Michael Desormeaux,2022,Tim Leger,Jim Salgado
2025,Louisiana Tech Bulldogs,Sonny Cumbie,2022,Tony Franklin,Luke Olson
2025,Louisville Cardinals,Jeff Brohm,2023,Brian Brohm,Ron English
2025,Marshall Thundering Herd,Tony Gibson,2025,Rod Smith,Shannon Morrison
2025,Maryland Terrapins,Mike Locksley,2019,Pep Hamilton,Ted Monachino / Aazaar Abdul-Rahim
2025,Memphis Tigers,Ryan Silverfield,2020,Tim Cramsey,Jordon Hankins
2025,Miami (OH) RedHawks,Chuck Martin,2014,Patrick Welsh,Bill Brechin
2025,Miami Hurricanes,Mario Cristobal,2022,Shannon Dawson,Corey Hetherman
2025,Michigan State Spartans,Jonathan Smith,2024,Brian Lindgren,Joe Rossi
2025,Michigan Wolverines,Sherrone Moore,2024,Chip Lindsey / Steve Casula,Don Martindale
2025,Middle Tennessee Blue Raiders,Derek Mason,2024,Bodie Reeder,Brian Stewart
2025,Minnesota Golden Gophers,P. J. Fleck,2017,Greg Harbaugh Jr. / Matt Simon,Danny Collins
2025,Mississippi State Bulldogs,Jeff Lebby,2024,Jeff Lebby,Matt Barnes / Coleman Hutzler
2025,Missouri State Bears,Ryan Beard,2023,Nick Petrino,L.D. Scott
2025,Missouri Tigers,Eli Drinkwitz,2020,Kirby Moore,Corey Batoon
2025,NC State Wolfpack,Dave Doeren,2013,Kurt Roper,D. J. Eliot / Charlton Warren
2025,Navy Midshipmen,Brian Newberry,2023,Drew Cronic,P.J. Volker
2025,Nebraska Cornhuskers,Matt Rhule,2023,Dana Holgorsen,John Butler
2025,Nevada Wolf Pack,Jeff Choate,2024,David Gilbertson,Kane Ioane
2025,New Mexico Lobos,Jason Eck,2025,Luke Schleusner,Spence Nowinsky
2025,New Mexico State Aggies,Tony Sanchez,2024,David Yost,Joe Morris
2025,North Carolina Tar Heels,Bill Belichick,2025,Freddie Kitchens,Stephen Belichick
2025,North Texas Mean Green,Eric Morris,2023,Jordan Davis,Skyler Cassity
2025,Northern Illinois Huskies,Thomas Hammock,2019,Quinn Sanders,Rob Harley
2025,Northwestern Wildcats,David Braun,2023,Zach Lujan,Tim McGarigle
2025,Notre Dame Fighting Irish,Marcus Freeman,2022,Mike Denbrock,Chris Ash / Mike Mickens
2025,Ohio Bobcats,Brian Smith,2024,Scott Isphording,John Hauser
2025,Ohio State Buckeyes,Ryan Day,2019,Keenan Bailey / Brian Hartline,Matt Patricia / Tim Walton
2025,Oklahoma Sooners,Brent Venables,2022,Ben Arbuckle,Todd Bates / Jay Valai
2025,Oklahoma State Cowboys,Mike Gundy,2005,Doug Meacham,Todd Grantham
2025,Old Dominion Monarchs,Ricky Rahne,2020,Kevin Decker,Blake Seiler
2025,Ole Miss Rebels,Lane Kiffin,2020,Charlie Weis Jr.,Bryan Brown / Pete Golding
2025,Oregon Ducks,Dan Lanning,2022,Will Stein,Chris Hampton / Tosh Lupoi
2025,Oregon State Beavers,Trent Bray,2024,Ryan Gunderson,Trent Bray / Rod Chance
2025,Penn State Nittany Lions,James Franklin,2014,Andy Kotelnicki,Jim Knowles / Anthony Poindexter
2025,Pittsburgh Panthers,Pat Narduzzi,2015,Kade Bell,Randy Bates
2025,Purdue Boilermakers,Barry Odom,2025,Josh Henson,Michael Scherer
2025,Rice Owls,Scott Abell,2025,Vince Munch,Jon Kay
2025,Rutgers Scarlet Knights,Greg Schiano,2020,Kirk Ciarrocca,Robb Smith / Zach Sparber
2025,SMU Mustangs,Rhett Lashlee,2022,Rob Likens / Casey Woods,Scott Symons
2025,Sam Houston Bearkats,Phil Longo,2025,Zack Patterson,Freddie Aughtry-Lindsay
2025,San Diego State Aztecs,Sean Lewis,2024,Sean Lewis,Rob Aurich
2025,San Jose State Spartans,Ken Niumatalolo,2024,Craig Stutzmann,Derrick Odum
2025,South Alabama Jaguars,Major Applewhite,2024,Paul Petrino,Jason Washington / Will Windham
2025,South Carolina Gamecocks,Shane Beamer,2021,Mike Shula,Clayton White
2025,South Florida Bulls,Alex Golesh,2023,Kodi Burns / Joel Gordon,Todd Orlando
2025,Southern Mississippi Golden Eagles,Charles Huff,2025,Blake Anderson,Jason Semore
2025,Stanford Cardinal,Frank Reich,2025,Nate Byham,Bobby April III / Andy Thompson
2025,Syracuse Orange,Fran Brown,2024,Mike Johnson / Jeff Nixon,Elijah Robinson / Robert Wright
2025,TCU Horned Frogs,Sonny Dykes,2022,Kendal Briles / A. J. Ricker,Andy Avalos
2025,Temple Owls,K. C. Keeler,2025,Tyler Walker,Brian Smith
2025,Tennessee Volunteers,Josh Heupel,2021,Joey Halzle,Tim Banks
2025,Texas A&M Aggies,Mike Elko,2024,Collin Klein / Holmon Wiggins,Jay Bateman
2025,Texas Longhorns,Steve Sarkisian,2021,Kyle Flood,Pete Kwiatkowski / Johnny Nansen
2025,Texas State Bobcats,G. J. Kinne,2023,Landon Keopple,Dexter McCoil / Bradley Dale Peveto
2025,Texas Tech Red Raiders,Joey McGuire,2022,Mack Leftwich,Shiel Wood
2025,Toledo Rockets,Jason Candle,2016,Mike Hallett / Robert Weiner,Vince Kehres / Ross Watson
2025,Troy Trojans,Gerad Parker,2024,Sean Reagan,Nathan Burton / Dontae Wright
2025,Tulane Green Wave,Jon Sumrall,2024,Joe Craddock,Greg Gasparato / Tayler Polk
2025,Tulsa Golden Hurricane,Tre Lamb,2025,Ty Darlington / Brad Robbins,Mike Gray / Josh Reardon
2025,UAB Blazers,Trent Dilfer,2023,Alex Mortensen,Steve Russ
2025,UCF Knights,Scott Frost,2025,Steve Cooper,Alex Grinch
2025,UCLA Bruins,DeShaun Foster,2024,Tino Sunseri,Ikaika Malloe
2025,UConn Huskies,Jim Mora,2022,Gordon Sammis,Matt Brock
2025,UMass Minutemen,Joe Harasymiak,2025,Mike Bajakian,Jared Keyte
2025,UNLV Rebels,Dan Mullen,2025,Corey Dennis,Paul Guenther
2025,USC Trojans,Lincoln Riley,2022,Luke Huard,Eric Henderson / D'Anton Lynn
2025,UTEP Miners,Scotty Walden,2024,Mark Cala / Ryan Stanchek,Bobby Daly / Kelvin Sigler
2025,UTSA Roadrunners,Jeff Traylor,2020,Justin Burke,Jess Loepp
2025,Utah State Aggies,Bronco Mendenhall,2025,Kevin McGiven,Nick Howell
2025,Utah Utes,Kyle Whittingham,2005,Jason Beck,Morgan Scalley
2025,Vanderbilt Commodores,Clark Lea,2021,Tim Beck,Steve Gregory
2025,Virginia Cavaliers,Tony Elliott,2022,Des Kitchings,John Rudzinski
2025,Virginia Tech Hokies,Brent Pry,2022,Philip Montgomery,Sam Siefkes
2025,Wake Forest Demon Deacons,Jake Dickert,2025,Rob Ezell,Scottie Hazelton
2025,Washington Huskies,Jedd Fisch,2024,Jimmie Dougherty,Ryan Walters
2025,Washington State Cougars,Jimmy Rogers,2025,Danny Freund,Jesse Bobbit
2025,West Virginia Mountaineers,Rich Rodriguez,2025,Rich Rodriguez,Zac Alley
2025,Western Kentucky Hilltoppers,Tyson Helton,2019,Rick Bowie,Da'Von Brown / Davis Merritt
2025,Western Michigan Broncos,Lance Taylor,2023,Walt Bell,Chris O'Leary
2025,Wisconsin Badgers,Luke Fickell,2023,Jeff Grimes,Mike Tressel
2025,Wyoming Cowboys,Jay Sawvel,2024,Jay Johnson,Aaron Bohl
2026,Air Force Falcons,Troy Calhoun,2007,Mike Thiessen,Steve Russ
2026,Akron Zips,Joe Moorhead,2022,Joe Moorhead,Tim Tibesar
2026,Alabama Crimson Tide,Kalen DeBoer,2024,Ryan Grubb,Maurice Linguist / Kane Wommack
2026,Appalachian State Mountaineers,Dowell Loggains,2025,Mike Anthony,D. J. Smith
2026,Arizona State Sun Devils,Kenny Dillingham,2023,Marcus Arroyo,Brian Ward
2026,Arizona Wildcats,Brent Brennan,2024,Seth Doege,Danny Gonzales
2026,Arkansas Razorbacks,Ryan Silverfield,2026,Tim Cramsey,Ron Roberts
2026,Arkansas State Red Wolves,Butch Jones,2021,Garrett Altman,Griffin McCarley
2026,Army Black Knights,Jeff Monken,2014,Cody Worley,Daryl Dixon / Scot Sloan
2026,Auburn Tigers,Alex Golesh,2026,Kodi Burns / Joel Gordon,D.J. Durkin
2026,BYU Cougars,Kalani Sitake,2016,Aaron Roderick,Kelly Poppinga
2026,Ball State Cardinals,Mike Uremovich,2025,Mike Uremovich,Jeff Knowles
2026,Baylor Bears,Dave Aranda,2020,Jake Spavital,Joe Klanderman
2026,Boise State Broncos,Spencer Danielson,2023,Nate Potter,Erik Chinander
2026,Boston College Eagles,Bill O'Brien,2024,Bill O'Brien,Ted Roof
2026,Bowling Green Falcons,Eddie George,2025,Greg Nosal,Joe Bowden
2026,Buffalo Bulls,Pete Lembo,2024,Tony Tokarz,Brian Dougherty
2026,California Golden Bears,Tosh Lupoi,2026,Jordan Somerville,Da'Von Brown / Michael Hutchings
2026,Central Michigan Chippewas,Matt Drinkall,2025,Jim Chapin / Derek Fulton,Sean Cronin
2026,Charlotte 49ers,Tim Albin,2025,Todd Fitch,Nate Faanes
2026,Cincinnati Bearcats,Scott Satterfield,2023,Nic Cardwell / Pete Thomas,Nate Woody
2026,Clemson Tigers,Dabo Swinney,2009,Chad Morris,Tom Allen
2026,Coastal Carolina Chanticleers,Ryan Beard,2026,Nick Petrino,LD Scott
2026,Colorado Buffaloes,Deion Sanders,2023,Brennan Marion,Chris Marve
2026,Colorado State Rams,Jim Mora,2026,Pryce Tracy,Tyson Summers
2026,Delaware Fightin' Blue Hens,Ryan Carty,2022,Terence Archer,Manny Rojas
2026,Duke Blue Devils,Manny Diaz,2024,Jonathan Brewer,Jonathan Patke
2026,East Carolina Pirates,Blake Harrell,2024,Jordan Davis,Jordan Hankins
2026,Eastern Michigan Eagles,Chris Creighton,2014,Mike Piatkowski,Tate Omli / Kasey Teegardin
2026,Florida Atlantic Owls,Zach Kittley,2025,Zach Kittley,Brett Dewhurst
2026,Florida Gators,Jon Sumrall,2026,Buster Faulkner,Brad White
2026,Florida International Golden Panthers,Willie Simmons,2025,Nick Coleman,Jovan Dewitt
2026,Florida State Seminoles,Mike Norvell,2020,Tim Harris Jr.,Tony White
2026,Fresno State Bulldogs,Matt Entz,2025,Josh Davis,Nick Benedetto
2026,Georgia Bulldogs,Kirby Smart,2016,Mike Bobo,Travaris Robinson / Glenn Schumann
2026,Georgia Southern Eagles,Clay Helton,2022,Ryan Aplin,Mike Mutz
2026,Georgia State Panthers,Dell McGee,2024,Hue Jackson,Cam Clark / John Haneline
2026,Georgia Tech Yellow Jackets,Brent Key,2022,George Godsey / Chris Weinke,Jason Semore
2026,Hawai'i Rainbow Warriors,Timmy Chang,2022,Anthony Arceneaux,Dennis Thurman
2026,Houston Cougars,Willie Fritz,2024,Slade Nagle,Austin Armstrong
2026,Illinois Fighting Illini,Bret Bielema,2021,Barry Lunney Jr.,Bobby Hauck
2026,Indiana Hoosiers,Curt Cignetti,2024,Mike Shanahan,Bryant Haines
2026,Iowa Hawkeyes,Kirk Ferentz,1999,Tim Lester,Phil Parker
2026,Iowa State Cyclones,Jimmy Rogers,2026,Tyler Roehl,Jesse Bobbit
2026,Jacksonville State Gamecocks,Charles Kelly,2025,Taylor Housewright,Brian Williams
2026,James Madison Dukes,Billy Napier,2026,Cam Aiken,Robert Bala / Josh Linam
2026,Kansas Jayhawks,Lance Leipold,2021,Andy Kotelnicki / Matt Lubick,D.K. McDonald
2026,Kansas State Wildcats,Collin Klein,2026,Sean Gleeson,Jordan Peterson
2026,Kennesaw State Owls,Jerry Mack,2025,Mitch Militello,Marc Mattioli
2026,Kent State Golden Flashes,Mark Carney,2025,Clay Patterson,Cherokee Valeria
2026,Kentucky Wildcats,Will Stein,2026,Joe Sloan,Jay Bateman
2026,LSU Tigers,Lane Kiffin,2026,Charlie Weis Jr.,Blake Baker
2026,Liberty Flames,Jamey Chadwell,2023,Newland Isaac,Skylor Magee
2026,Louisiana Monroe Warhawks,Bryant Vincent,2024,Jesse Montalto,Troy Reffett
2026,Louisiana Ragin' Cajuns,Michael Desormeaux,2022,Tim Leger,Jim Salgado
2026,Louisiana Tech Bulldogs,Sonny Cumbie,2022,Nathan Young,Luke Olson
2026,Louisville Cardinals,Jeff Brohm,2023,Brian Brohm,Steve Ellis / Mark Ivey
2026,Marshall Thundering Herd,Tony Gibson,2025,Rod Smith,Brad Lambert
2026,Maryland Terrapins,Mike Locksley,2019,Clint Trickett,Aazaar Abdul-Rahim / Ted Monachino
2026,Memphis Tigers,Charles Huff,2026,Kevin Decker / David Weeks,Lance Guidry
2026,Miami (OH) RedHawks,Chuck Martin,2014,Gus Ragland,Bill Brechin
2026,Miami Hurricanes,Mario Cristobal,2022,Shannon Dawson,Corey Hetherman
2026,Michigan State Spartans,Pat Fitzgerald,2026,Nick Sheridan,Max Bullough / Joe Rossi
2026,Michigan Wolverines,Kyle Whittingham,2026,Jason Beck,Jay Hill
2026,Middle Tennessee Blue Raiders,Derek Mason,2024,Anthony Scelfo,Brian Stewart
2026,Minnesota Golden Gophers,P. J. Fleck,2017,Greg Harbaugh Jr. / Matt Simon,Danny Collins
2026,Mississippi State Bulldogs,Jeff Lebby,2024,Jeff Lebby,Zach Arnett / Matt Brock
2026,Missouri State Bears,Casey Woods,2026,Mark Cala,Jack Curtis
2026,Missouri Tigers,Eli Drinkwitz,2020,Chip Lindsey,Corey Batoon / Derek Nicholson
2026,NC State Wolfpack,Dave Doeren,2013,Kurt Roper,D. J. Eliot / Charlton Warren
2026,Navy Midshipmen,Brian Newberry,2023,Drew Cronic,Ricky Brown / Eric Lewis
2026,Nebraska Cornhuskers,Matt Rhule,2023,Dana Holgorsen,Rob Aurich
2026,Nevada Wolf Pack,Jeff Choate,2024,Bret Bartalone,Kane Ioane
2026,New Mexico Lobos,Jason Eck,2025,Luke Schleusner,Spence Nowinsky
2026,New Mexico State Aggies,Tony Sanchez,2024,David Yost,Joe Morris
2026,North Carolina Tar Heels,Bill Belichick,2025,Bobby Petrino,Stephen Belichick
2026,North Dakota State Bison,Tim Polasek,2024,Dan Larson,Grant Olson
2026,North Texas Mean Green,Neal Brown,2026,Mike Bloesch,Bradley Dale Peveto / Matt Powledge
2026,Northern Illinois Huskies,Rob Harley (interim),2026,Tony Petersen,D. J. Bland
2026,Northwestern Wildcats,David Braun,2023,Chip Kelly,Tim McGarigle
2026,Notre Dame Fighting Irish,Marcus Freeman,2022,Mike Denbrock,Chris Ash / Aaron Henry
2026,Ohio Bobcats,John Hauser,2025,Scott Isophording,Kurt Mattix
2026,Ohio State Buckeyes,Ryan Day,2019,Keenan Bailey / Arthur Smith,Matt Patricia / Tim Walton
2026,Oklahoma Sooners,Brent Venables,2022,Ben Arbuckle,Todd Bates
2026,Oklahoma State Cowboys,Eric Morris,2026,Sean Brophy,Skyler Cassity
2026,Old Dominion Monarchs,Ricky Rahne,2020,Kody Cook / Alex Huettel,Blake Seiler
2026,Ole Miss Rebels,Pete Golding,2025,John David Baker,Bryan Brown
2026,Oregon Ducks,Dan Lanning,2022,Drew Mehringer,Chris Hampton
2026,Oregon State Beavers,JaMarcus Shephard,2026,Mitch Dahlen,Mike MacIntyre
2026,Penn State Nittany Lions,Matt Campbell,2026,Taylor Mouser,D'Anton Lynn
2026,Pittsburgh Panthers,Pat Narduzzi,2015,Kade Bell,Cory Sanders
2026,Purdue Boilermakers,Barry Odom,2025,Josh Henson,Kevin Kane
2026,Rice Owls,Scott Abell,2025,Vince Munch,Jon Kay
2026,Rutgers Scarlet Knights,Greg Schiano,2020,Kirk Ciarrocca,Travis Johansen
2026,SMU Mustangs,Rhett Lashlee,2022,Garin Justice / D'Eriq King / Rob Likens,Maurice Crum Jr. / Rickey Hunley Jr.
2026,Sacramento State Hornets,Alonzo Carter,2026,Eric Kiesau / Eric Scott,Adam Clark / Kenwick Thompson
2026,Sam Houston Bearkats,Phil Longo,2025,Zack Patterson,Freddie Aughtry-Lindsay
2026,San Diego State Aztecs,Sean Lewis,2024,Sean Lewis,Demetrius Sumler
2026,San Jose State Spartans,Ken Niumatalolo,2024,Craig Stutzmann,Bojay Filimoeatu
2026,South Alabama Jaguars,Major Applewhite,2024,Major Applewhite,Todd Orlando / Jason Washington
2026,South Carolina Gamecocks,Shane Beamer,2021,Kendal Briles,Torrian Gray / Clayton White
2026,South Florida Bulls,Brian Hartline,2026,Tim Beck,Josh Aldridge
2026,Southern Mississippi Golden Eagles,Blake Anderson,2025,Kyle Cefalo,Joe Bolden
2026,Stanford Cardinal,Tavita Pritchard,2026,Terry Heffernan,Kris Richard
2026,Syracuse Orange,Fran Brown,2024,Mike Johnson / Jeff Nixon,Vince Kehres
2026,TCU Horned Frogs,Sonny Dykes,2022,A. J. Ricker / Gordon Sammis,Andy Avalos
2026,Temple Owls,K. C. Keeler,2025,Tyler Walker,Brian Smith
2026,Tennessee Volunteers,Josh Heupel,2021,Joey Halzle,Jim Knowles
2026,Texas A&M Aggies,Mike Elko,2024,Holmon Wiggins,Lyle Hemphill / Elijah Robinson
2026,Texas Longhorns,Steve Sarkisian,2021,Kyle Flood,Will Muschamp / Johnny Nansen
2026,Texas State Bobcats,G. J. Kinne,2023,Landon Keopple,Will Windham
2026,Texas Tech Red Raiders,Joey McGuire,2022,Mack Leftwich,Rob Greene / Shiel Wood
2026,Toledo Rockets,Mike Jacobs,2026,Cris Reisert,Jahmal Brown
2026,Troy Trojans,Gerad Parker,2024,Adam Austin,Dontae Wright
2026,Tulane Green Wave,Will Hall,2026,Russ Callaway,Nate Fuqua / Tayler Polk
2026,Tulsa Golden Hurricane,Tre Lamb,2025,Kevin Barbay / Ty Darlington,Mike Gray / Josh Reardon
2026,UAB Blazers,Alex Mortensen,2025,Alex Mortensen,Todd Grantham
2026,UCF Knights,Scott Frost,2025,Steve Cooper,Alex Grinch
2026,UCLA Bruins,Bob Chesney,2026,Dean Kennedy,Colin Hitschler
2026,UConn Huskies,Jason Candle,2026,Marquel Blackwell / Nunzio Campanile,Ryan Manalac
2026,UMass Minutemen,Joe Harasymiak,2025,Max Warner,Jared Keyte
2026,UNLV Rebels,Dan Mullen,2025,Corey Dennis,Paul Guenther
2026,USC Trojans,Lincoln Riley,2022,Luke Huard,Gary Patterson
2026,UTEP Miners,Scotty Walden,2024,Joe Pappalardo / Lanear Sampson,Kyle Beyer / Kelvin Sigler
2026,UTSA Roadrunners,Jeff Traylor,2020,Rick Bowie,Jess Loepp
2026,Utah State Aggies,Bronco Mendenhall,2025,Robert Anae,Nick Howell
2026,Utah Utes,Morgan Scalley,2026,Kevin McGiven,Colton Swan
2026,Vanderbilt Commodores,Clark Lea,2021,Tim Beck,Steve Gregory
2026,Virginia Cavaliers,Tony Elliott,2022,Desmond Kitchings,John Rudzinski
2026,Virginia Tech Hokies,James Franklin,2026,Ty Howle,Brent Pry
2026,Wake Forest Demon Deacons,Jake Dickert,2025,Rob Ezell,Scottie Hazelton
2026,Washington Huskies,Jedd Fisch,2024,Jedd Fisch,Ryan Walters
2026,Washington State Cougars,Kirby Moore,2026,Matt Miller,Trent Bray
2026,West Virginia Mountaineers,Rich Rodriguez,2025,Rich Rodriguez,Zac Alley
2026,Western Kentucky Hilltoppers,Tyson Helton,2019,Joe Bernardi / Bodie Reeder,Davis Merritt
2026,Western Michigan Broncos,Lance Taylor,2023,Walt Bell,Greer Martini / Duane Vaughn
2026,Wisconsin Badgers,Luke Fickell,2023,Jeff Grimes,Mike Tressel
2026,Wyoming Cowboys,Jay Sawvel,2024,Christian Taylor,Aaron Bohl
