season,school_mascot,head_coach,first_season,offensive_coordinators,defensive_coordinators,source_title,source_revid
2002,Air Force Falcons,Fisher DeBerry,1984,,Richard Bell,2002 Air Force Falcons football team,1330389250
2002,Akron Zips,Lee Owens,1995,Paul Winters,Joe Tresey,2002 Akron Zips football team,1339376862
2002,Alabama Crimson Tide,Dennis Franchione,2001,Les Koenning,Carl Torbush,2002 Alabama Crimson Tide football team,1339602321
2002,Arizona State Sun Devils,Dirk Koetter,2001,,Brent Guy,2002 Arizona State Sun Devils football team,1362996894
2002,Arizona Wildcats,John Mackovic,2001,Rick Dykes,Larry Mac Duff,2002 Arizona Wildcats football team,1339129105
2002,Arkansas Razorbacks,Houston Nutt,1998,,Dave Wommack,2002 Arkansas Razorbacks football team,1368146061
2002,Arkansas State Red Wolves,Steve Roberts,2002,Doug Ruse,Kevin Corless / Jack Curtis,2002 Arkansas State Indians football team,1332278267
2002,Army Black Knights,Todd Berry,2000,John Bond,Dennis Therrell,2002 Army Black Knights football team,1340738271
2002,Auburn Tigers,Tommy Tuberville,1999,Bobby Petrino,Gene Chizik,2002 Auburn Tigers football team,1369650098
2002,BYU Cougars,Gary Crowton,2001,Mike Borich,Ken Schmidt,2002 BYU Cougars football team,1363038668
2002,Ball State Cardinals,Bill Lynch,1995,,,2002 Ball State Cardinals football team,1340703344
2002,Baylor Bears,Kevin Steele,1999,Dave Baldwin,Bob Trott,2002 Baylor Bears football team,1334658649
2002,Boise State Broncos,Dan Hawkins,2001,Chris Petersen,Ron Collins,2002 Boise State Broncos football team,1338870435
2002,Boston College Eagles,Tom O'Brien,1997,Dana Bible,Frank Spaziani,2002 Boston College Eagles football team,1374761233
2002,Bowling Green Falcons,Urban Meyer,2001,Gregg Brandon,Tim Beckman,2002 Bowling Green Falcons football team,1339602358
2002,Buffalo Bulls,Jim Hofher,2001,,,2002 Buffalo Bulls football team,1339602367
2002,California Golden Bears,Jeff Tedford,2002,George Cortez,Bob Gregory,2002 California Golden Bears football team,1368150327
2002,Central Michigan Chippewas,Mike DeBord,2000,,,2002 Central Michigan Chippewas football team,1340705277
2002,Cincinnati Bearcats,Rick Minter,1994,Rusty Burns,A. J. Christoff,2002 Cincinnati Bearcats football team,1363020257
2002,Clemson Tigers,Tommy Bowden,1999,Brad Scott,John Lovett,2002 Clemson Tigers football team,1348503523
2002,Colorado Buffaloes,Gary Barnett,1999,Shawn Watson,Tom McMahon / Vince Okruch,2002 Colorado Buffaloes football team,1327597494
2002,Colorado State Rams,Sonny Lubick,1993,John Benton / Dan Hammerschmidt,Larry Kerr,2002 Colorado State Rams football team,1330375461
2002,Duke Blue Devils,Carl Franks,1999,,Ted Roof,2002 Duke Blue Devils football team,1338061856
2002,East Carolina Pirates,Steve Logan,1992,Doug Martin,Tim Rose,2002 East Carolina Pirates football team,1339602406
2002,Eastern Michigan Eagles,Jeff Woodruff,2000,Pete Alamar,,2002 Eastern Michigan Eagles football team,1359741342
2002,Florida Gators,Ron Zook,2002,Ed Zaunbrecher,John Thompson,2002 Florida Gators football team,1366230005
2002,Florida State Seminoles,Bobby Bowden,1976,Jeff Bowden,Mickey Andrews,2002 Florida State Seminoles football team,1335932912
2002,Fresno State Bulldogs,Pat Hill,1997,Frank Cignetti Jr.,Dan Brown,2002 Fresno State Bulldogs football team,1370159610
2002,Georgia Bulldogs,Mark Richt,2001,Neil Callaway,Brian VanGorder,2002 Georgia Bulldogs football team,1336804603
2002,Georgia Tech Yellow Jackets,Chan Gailey,2002,Bill O'Brien,Jon Tenuta,2002 Georgia Tech Yellow Jackets football team,1339602436
2002,Hawai'i Rainbow Warriors,June Jones,1999,,Kevin Lempa,2002 Hawaii Warriors football team,1338727615
2002,Houston Cougars,Dana Dimel,2000,Dave Warner / Clancy Barone,Dick Bumpas / Bradley Dale Peveto,2002 Houston Cougars football team,1339224762
2002,Illinois Fighting Illini,Ron Turner,1997,,Mike Cassity,2002 Illinois Fighting Illini football team,1339602444
2002,Indiana Hoosiers,Gerry DiNardo,2002,Al Borges,Tim Kish,2002 Indiana Hoosiers football team,1338061652
2002,Iowa Hawkeyes,Kirk Ferentz,1999,Ken O'Keefe,Norm Parker,2002 Iowa Hawkeyes football team,1373764106
2002,Iowa State Cyclones,Dan McCarney,1995,Steve Brickey,John Skladany,2002 Iowa State Cyclones football team,1339455134
2002,Kansas Jayhawks,Mark Mangino,2002,Nick Quartaro,Bill Young,2002 Kansas Jayhawks football team,1339602452
2002,Kansas State Wildcats,Bill Snyder,1989,Ron Hudson,Bret Bielema / Bob Elliott,2002 Kansas State Wildcats football team,1339452132
2002,Kent State Golden Flashes,Dean Pees,1998,,,2002 Kent State Golden Flashes football team,1347165330
2002,Kentucky Wildcats,Guy Morriss,2001,Brent Pease,John Goodner,2002 Kentucky Wildcats football team,1371608225
2002,LSU Tigers,Nick Saban,2000,Jimbo Fisher,Will Muschamp,2002 LSU Tigers football team,1338051713
2002,Louisiana Ragin' Cajuns,Rickey Bustle,2002,Rob Christophel,Brent Pry,2002 Louisiana–Lafayette Ragin' Cajuns football team,1340994944
2002,Louisiana Tech Bulldogs,Jack Bicknell Jr.,1999,Conroy Hines,Rick Smith / Randy Bates,2002 Louisiana Tech Bulldogs football team,1358110429
2002,Louisville Cardinals,John L. Smith,1998,John Pettas,Chris Smeland,2002 Louisville Cardinals football team,1350929711
2002,Marshall Thundering Herd,Bob Pruett,1996,Mark McHale / Larry Kueck,Bill Wilt,2002 Marshall Thundering Herd football team,1339280131
2002,Maryland Terrapins,Ralph Friedgen,2001,Charlie Taaffe,Gary Blackney,2002 Maryland Terrapins football team,1333754582
2002,Memphis Tigers,Tommy West,2001,Randy Fichtner,Rick Whitt,2002 Memphis Tigers football team,1339602496
2002,Miami (OH) RedHawks,Terry Hoeppner,2000,Shane Montgomery,Jon Wauford,2002 Miami RedHawks football team,1339602515
2002,Miami Hurricanes,Larry Coker,2001,Rob Chudzinski,Randy Shannon,2002 Miami Hurricanes football team,1339602505
2002,Michigan State Spartans,Bobby Williams,2000,Morris Watts,Bill Miller,2002 Michigan State Spartans football team,1339602528
2002,Michigan Wolverines,Lloyd Carr,1995,Terry Malone,Jim Herrmann,2002 Michigan Wolverines football team,1353064157
2002,Middle Tennessee Blue Raiders,Andy McCollum,1999,Steve Campbell / Blake Anderson,Steve Davis,2002 Middle Tennessee Blue Raiders football team,1362606896
2002,Minnesota Golden Gophers,Glen Mason,1997,Mitch Browning / Tony Petersen,Moe Ankney,2002 Minnesota Golden Gophers football team,1345485111
2002,Mississippi State Bulldogs,Jackie Sherrill,1991,Sparky Woods,Joe Lee Dunn,2002 Mississippi State Bulldogs football team,1337604346
2002,Missouri Tigers,Gary Pinkel,2001,Dave Christensen,Matt Eberflus,2002 Missouri Tigers football team,1332978354
2002,NC State Wolfpack,Chuck Amato,2000,Marty Galbraith,Chuck Amato,2002 NC State Wolfpack football team,1339602538
2002,Navy Midshipmen,Paul Johnson,2002,,Buddy Green,2002 Navy Midshipmen football team,1331025299
2002,Nebraska Cornhuskers,Frank Solich,1998,,Craig Bohl,2002 Nebraska Cornhuskers football team,1370115879
2002,Nevada Wolf Pack,Chris Tormey,2000,Phil Earley,Jeff Mills,2002 Nevada Wolf Pack football team,1363038559
2002,New Mexico Lobos,Rocky Long,1998,Dan Dodd,Bronco Mendenhall,2002 New Mexico Lobos football team,1355888913
2002,New Mexico State Aggies,Tony Samuel,1997,Barney Cotton,Steve Stanard,2002 New Mexico State Aggies football team,1339602565
2002,North Carolina Tar Heels,John Bunting,2001,Gary Tranquill,Dave Huxtable,2002 North Carolina Tar Heels football team,1336647631
2002,North Texas Mean Green,Darrell Dickey,1998,Ramon Flanigan,Gary DeLoach,2002 North Texas Mean Green football team,1340738337
2002,Northern Illinois Huskies,Joe Novak,1996,Dan Roushar,,2002 Northern Illinois Huskies football team,1339450912
2002,Northwestern Wildcats,Randy Walker,1999,Mike Dunbar,Greg Colby,2002 Northwestern Wildcats football team,1339602576
2002,Notre Dame Fighting Irish,Tyrone Willingham,2002,Bill Diedrick,Kent Baer,2002 Notre Dame Fighting Irish football team,1368182937
2002,Ohio Bobcats,Brian Knorr,2001,Greg Gregory,Tim DeRuyter,2002 Ohio Bobcats football team,1339602584
2002,Ohio State Buckeyes,Jim Tressel,2001,Jim Bollman,Mark Dantonio,2002 Ohio State Buckeyes football team,1342581278
2002,Oklahoma Sooners,Bob Stoops,1999,Chuck Long / Kevin Wilson,Mike Stoops / Brent Venables,2002 Oklahoma Sooners football team,1374438395
2002,Oklahoma State Cowboys,Les Miles,2001,Mike Gundy,Bill Clay,2002 Oklahoma State Cowboys football team,1339835421
2002,Ole Miss Rebels,David Cutcliffe,1999,John Latina,Chuck Driesbach,2002 Ole Miss Rebels football team,1332815034
2002,Oregon Ducks,Mike Bellotti,1995,Andy Ludwig,Nick Aliotti,2002 Oregon Ducks football team,1365737742
2002,Oregon State Beavers,Dennis Erickson,1999,Tim Lappano,Craig Bray,2002 Oregon State Beavers football team,1336501137
2002,Penn State Nittany Lions,Joe Paterno,1966,Fran Ganter,Tom Bradley,2002 Penn State Nittany Lions football team,1368186899
2002,Pittsburgh Panthers,Walt Harris,1997,J. D. Brookhart,Paul Rhoads,2002 Pittsburgh Panthers football team,1339291497
2002,Purdue Boilermakers,Joe Tiller,1997,Jim Chaney,Brock Spack,2002 Purdue Boilermakers football team,1351781540
2002,Rice Owls,Ken Hatfield,1994,Scott Wachenheim,Roger Hinshaw,2002 Rice Owls football team,1339602594
2002,Rutgers Scarlet Knights,Greg Schiano,2001,Bill Cubit,Paul Ferraro,2002 Rutgers Scarlet Knights football team,1334037930
2002,SMU Mustangs,Phil Bennett,2002,Larry Edmondson,Jim Gush,2002 SMU Mustangs football team,1339379295
2002,San Diego State Aztecs,Tom Craft,2002,,Thom Kaumeyer,2002 San Diego State Aztecs football team,1374099391
2002,San José State Spartans,Fitz Hill,2001,Norman Joseph,Ronnie Lee,2002 San Jose State Spartans football team,1330401211
2002,South Carolina Gamecocks,Lou Holtz,1999,Skip Holtz,Charlie Strong,2002 South Carolina Gamecocks football team,1350904210
2002,South Florida Bulls,Jim Leavitt,1997,Mike Hobbie,Rick Kravitz / Wally Burnham,2002 South Florida Bulls football team,1339602616
2002,Southern Miss Golden Eagles,Jeff Bower,1990,Chris Klenakis,Tyrone Nix,2002 Southern Miss Golden Eagles football team,1339602625
2002,Stanford Cardinal,Buddy Teevens,2002,Mike Sanford,Tom Williams,2002 Stanford Cardinal football team,1366428732
2002,Syracuse Orange,Paul Pasqualoni,1991,George DeLeone,Chris Rippon,2002 Syracuse Orangemen football team,1374458561
2002,TCU Horned Frogs,Gary Patterson,2001,Mike Schultz,David Bailiff,2002 TCU Horned Frogs football team,1339456545
2002,Temple Owls,Bobby Wallace,1998,Dave Brock,Raymond Monica,2002 Temple Owls football team,1339602632
2002,Tennessee Volunteers,Phillip Fulmer,1993,Randy Sanders,John Chavis,2002 Tennessee Volunteers football team,1368564669
2002,Texas A&M Aggies,R. C. Slocum,1989,Dino Babers / Kevin Sumlin,Mike Hankwitz,2002 Texas A&M Aggies football team,1339602653
2002,Texas Longhorns,Mack Brown,1998,Greg Davis,Carl Reese,2002 Texas Longhorns football team,1337681469
2002,Texas Tech Red Raiders,Mike Leach,2000,,Greg McMackin,2002 Texas Tech Red Raiders football team,1369865800
2002,Toledo Rockets,Tom Amstutz,2001,Rob Spence,Lou West,2002 Toledo Rockets football team,1339602672
2002,Troy Trojans,Larry Blakeney,1991,John Shannon,Wayne Bolt,2002 Troy State Trojans football team,1374763070
2002,Tulane Green Wave,Chris Scelfo,1999,Frank Scelfo,Eric Schumann,2002 Tulane Green Wave football team,1339602716
2002,Tulsa Golden Hurricane,Keith Burns,2000,Dan Lounsbury,Keith Burns,2002 Tulsa Golden Hurricane football team,1339602728
2002,UAB Blazers,Watson Brown,1995,Pat Sullivan,John Neal,2002 UAB Blazers football team,1339602740
2002,UCF Knights,Mike Kruczek,1998,Robert McFarland,Bill D'Ottavio,2002 UCF Golden Knights football team,1339602751
2002,UCLA Bruins,Bob Toledo,1996,Kelly Skipper,Phil Snow,2002 UCLA Bruins football team,1375108425
2002,UConn Huskies,Randy Edsall,1999,Norries Wilson,Hank Hughes,2002 Connecticut Huskies football team,1339602399
2002,UL Monroe Warhawks,Bobby Keasler,1999,Tommy Condell,Mike Collins,2002 Louisiana–Monroe Indians football team,1339602484
2002,UNLV Rebels,John Robinson,1999,Rob Boras,Mike Bradeson,2002 UNLV Rebels football team,1339602785
2002,USC Trojans,Pete Carroll,2001,Norm Chow,,2002 USC Trojans football team,1339228692
2002,UTEP Miners,Gary Nord,2000,Patrick Higgins,Troy Reffett,2002 UTEP Miners football team,1339602803
2002,Utah State Aggies,Mick Dennehy,2000,Bob Cole,Kraig Paulson,2002 Utah State Aggies football team,1341085777
2002,Utah Utes,Ron McBride,1990,Craig Ver Steeg,Kyle Whittingham,2002 Utah Utes football team,1339602812
2002,Vanderbilt Commodores,Bobby Johnson,2002,Ted Cain,Bruce Fowler,2002 Vanderbilt Commodores football team,1360219247
2002,Virginia Cavaliers,Al Groh,2001,Bill Musgrave,Al Golden,2002 Virginia Cavaliers football team,1355948403
2002,Virginia Tech Hokies,Frank Beamer,1987,Bryan Stinespring,Bud Foster,2002 Virginia Tech Hokies football team,1339602849
2002,Wake Forest Demon Deacons,Jim Grobe,2001,Troy Calhoun,Dean Hood,2002 Wake Forest Demon Deacons football team,1336289132
2002,Washington Huskies,Rick Neuheisel,1999,Keith Gilbertson,Tim Hundley,2002 Washington Huskies football team,1339602862
2002,Washington State Cougars,Mike Price,1989,Mike Levenseller,Bill Doba,2002 Washington State Cougars football team,1368219511
2002,West Virginia Mountaineers,Rich Rodriguez,2001,,Jeff Casteel / Todd Graham,2002 West Virginia Mountaineers football team,1371347801
2002,Western Michigan Broncos,Gary Darnell,1997,Brian Rock,,2002 Western Michigan Broncos football team,1340738389
2002,Wisconsin Badgers,Barry Alvarez,1990,Brian White,Kevin Cosgrove,2002 Wisconsin Badgers football team,1339602886
2002,Wyoming Cowboys,Vic Koenning,2000,Lawrence Livington / Rob Phenicie,Matt Wallerstedt,2002 Wyoming Cowboys football team,1339027469
2003,Air Force Falcons,Fisher DeBerry,1984,,Richard Bell,2003 Air Force Falcons football team,1338061687
2003,Akron Zips,Lee Owens,1995,Paul Winters,Joe Tresey,2003 Akron Zips football team,1339376894
2003,Alabama Crimson Tide,Mike Shula,2003,David Rader,Joe Kines,2003 Alabama Crimson Tide football team,1339602906
2003,Arizona State Sun Devils,Dirk Koetter,2001,,Brent Guy,2003 Arizona State Sun Devils football team,1374472585
2003,Arizona Wildcats,John Mackovic,2001,Mike Deal,Mike Hankwitz,2003 Arizona Wildcats football team,1341870563
2003,Arkansas Razorbacks,Houston Nutt,1998,Roy Wittke,Dave Wommack,2003 Arkansas Razorbacks football team,1339602928
2003,Arkansas State Red Wolves,Steve Roberts,2002,Doug Ruse,Kevin Corless / Jack Curtis,2003 Arkansas State Indians football team,1332278235
2003,Army Black Knights,Todd Berry,2000,John Bond,Dennis Therrell,2003 Army Black Knights football team,1340738399
2003,Auburn Tigers,Tommy Tuberville,1999,Hugh Nall,Gene Chizik,2003 Auburn Tigers football team,1369651174
2003,BYU Cougars,Gary Crowton,2001,Robbie Bosco / Todd Bradford,Bronco Mendenhall,2003 BYU Cougars football team,1339133257
2003,Ball State Cardinals,Brady Hoke,2003,Don Treadwell,,2003 Ball State Cardinals football team,1340703363
2003,Baylor Bears,Guy Morriss,2003,Brent Pease,John Goodner,2003 Baylor Bears football team,1334658714
2003,Boise State Broncos,Dan Hawkins,2001,Chris Petersen,Ron Collins,2003 Boise State Broncos football team,1338870462
2003,Boston College Eagles,Tom O'Brien,1997,Dana Bible,Frank Spaziani,2003 Boston College Eagles football team,1334837451
2003,Bowling Green Falcons,Gregg Brandon,2003,Greg Studrawa,Tim Beckman,2003 Bowling Green Falcons football team,1372907140
2003,Buffalo Bulls,Jim Hofher,2001,,,2003 Buffalo Bulls football team,1339602950
2003,California Golden Bears,Jeff Tedford,2002,George Cortez,Bob Gregory,2003 California Golden Bears football team,1369095304
2003,Central Michigan Chippewas,Mike DeBord,2000,,Bob Bartolomeo,2003 Central Michigan Chippewas football team,1340705287
2003,Cincinnati Bearcats,Rick Minter,1994,Rusty Burns,Mike Kolakowski / Mark Criner,2003 Cincinnati Bearcats football team,1339773056
2003,Clemson Tigers,Tommy Bowden,1999,Brad Scott,John Lovett,2003 Clemson Tigers football team,1348503574
2003,Colorado Buffaloes,Gary Barnett,1999,Shawn Watson,Vince Okruch,2003 Colorado Buffaloes football team,1327597466
2003,Colorado State Rams,Sonny Lubick,1993,Dan Hammerschmidt,Steve Stanard,2003 Colorado State Rams football team,1330375483
2003,Duke Blue Devils,Carl Franks,1999,Jim Pry,Ted Roof,2003 Duke Blue Devils football team,1335923370
2003,East Carolina Pirates,John Thompson,2003,Rick Stockstill,Jerry Odom,2003 East Carolina Pirates football team,1339602980
2003,Eastern Michigan Eagles,Jeff Woodruff,2000,Tim Salem,Tim Rose,2003 Eastern Michigan Eagles football team,1339602996
2003,Florida Gators,Ron Zook,2002,Ed Zaunbrecher,Charlie Strong,2003 Florida Gators football team,1374897774
2003,Florida State Seminoles,Bobby Bowden,1976,Jeff Bowden,Mickey Andrews,2003 Florida State Seminoles football team,1335932945
2003,Fresno State Bulldogs,Pat Hill,1997,Frank Cignetti Jr.,Dan Brown,2003 Fresno State Bulldogs football team,1370159605
2003,Georgia Bulldogs,Mark Richt,2001,Neil Callaway,Brian VanGorder,2003 Georgia Bulldogs football team,1337686692
2003,Georgia Tech Yellow Jackets,Chan Gailey,2002,Patrick Nix / Buddy Geis,Jon Tenuta,2003 Georgia Tech Yellow Jackets football team,1339603029
2003,Hawai'i Rainbow Warriors,June Jones,1999,,George Lumpkin,2003 Hawaii Warriors football team,1338727638
2003,Houston Cougars,Art Briles,2003,,Ron Harris,2003 Houston Cougars football team,1360484846
2003,Illinois Fighting Illini,Ron Turner,1997,,Mike Cassity,2003 Illinois Fighting Illini football team,1344850863
2003,Indiana Hoosiers,Gerry DiNardo,2002,Al Borges,Tim Kish,2003 Indiana Hoosiers football team,1333316063
2003,Iowa Hawkeyes,Kirk Ferentz,1999,Ken O'Keefe,Norm Parker,2003 Iowa Hawkeyes football team,1355006980
2003,Iowa State Cyclones,Dan McCarney,1995,Steve Brickey,John Skladany,2003 Iowa State Cyclones football team,1339455149
2003,Kansas Jayhawks,Mark Mangino,2002,Nick Quartaro,Bill Young,2003 Kansas Jayhawks football team,1374160074
2003,Kansas State Wildcats,Bill Snyder,1989,Del Miller / Greg Peterson,Bret Bielema / Bob Elliott,2003 Kansas State Wildcats football team,1339452157
2003,Kent State Golden Flashes,Dean Pees,1998,Doug Martin,,2003 Kent State Golden Flashes football team,1347165870
2003,Kentucky Wildcats,Rich Brooks,2003,Ron Hudson,Mike Archer,2003 Kentucky Wildcats football team,1338011319
2003,LSU Tigers,Nick Saban,2000,Jimbo Fisher,Will Muschamp,2003 LSU Tigers football team,1338051736
2003,Louisiana Ragin' Cajuns,Rickey Bustle,2002,Rob Christophel,Brent Pry,2003 Louisiana–Lafayette Ragin' Cajuns football team,1340994980
2003,Louisiana Tech Bulldogs,Jack Bicknell Jr.,1999,Conroy Hines,Rick Smith / Randy Bates,2003 Louisiana Tech Bulldogs football team,1343686229
2003,Louisville Cardinals,Bobby Petrino,2003,Paul Petrino,Mike Gillhamer,2003 Louisville Cardinals football team,1336993822
2003,Marshall Thundering Herd,Bob Pruett,1996,Mark McHale / Larry Kueck,Bill Wilt,2003 Marshall Thundering Herd football team,1339280174
2003,Maryland Terrapins,Ralph Friedgen,2001,Charlie Taaffe,Gary Blackney,2003 Maryland Terrapins football team,1333326551
2003,Memphis Tigers,Tommy West,2001,Randy Fichtner,Joe Lee Dunn,2003 Memphis Tigers football team,1339603084
2003,Miami (OH) RedHawks,Terry Hoeppner,1999,Shane Montgomery,Pat Narduzzi,2003 Miami RedHawks football team,1339603118
2003,Miami Hurricanes,Larry Coker,2001,Rob Chudzinski,Randy Shannon,2003 Miami Hurricanes football team,1369665077
2003,Michigan State Spartans,John L. Smith,2003,Dave Baldwin,Chris Smeland,2003 Michigan State Spartans football team,1339603126
2003,Michigan Wolverines,Lloyd Carr,1995,Terry Malone,Jim Herrmann,2003 Michigan Wolverines football team,1353064148
2003,Middle Tennessee Blue Raiders,Andy McCollum,1999,Darin Hinshaw / Blake Anderson,Steve Davis,2003 Middle Tennessee Blue Raiders football team,1341085896
2003,Minnesota Golden Gophers,Glen Mason,1997,Mitch Browning / Tony Petersen,Greg Hudson,2003 Minnesota Golden Gophers football team,1338613095
2003,Mississippi State Bulldogs,Jackie Sherrill,1991,Morris Watts,Ron Cooper,2003 Mississippi State Bulldogs football team,1337604407
2003,Missouri Tigers,Gary Pinkel,2001,Dave Christensen,Matt Eberflus,2003 Missouri Tigers football team,1374160183
2003,NC State Wolfpack,Chuck Amato,2000,Noel Mazzone,Chuck Amato,2003 NC State Wolfpack football team,1339603137
2003,Navy Midshipmen,Paul Johnson,2002,,Buddy Green,2003 Navy Midshipmen football team,1331025323
2003,Nebraska Cornhuskers,Frank Solich,1998,Barney Cotton,Bo Pelini,2003 Nebraska Cornhuskers football team,1369840531
2003,Nevada Wolf Pack,Chris Tormey,2000,Phil Earley,Jeff Mills,2003 Nevada Wolf Pack football team,1338768484
2003,New Mexico Lobos,Rocky Long,1998,Dan Dodd,Osia Lewis,2003 New Mexico Lobos football team,1330386928
2003,New Mexico State Aggies,Tony Samuel,1997,Gerry Gdowski,Ross Els,2003 New Mexico State Aggies football team,1339603160
2003,North Carolina Tar Heels,John Bunting,2001,Gary Tranquill,Dave Huxtable,2003 North Carolina Tar Heels football team,1336647658
2003,North Texas Mean Green,Darrell Dickey,1998,Ramon Flanigan,Kenny Evans,2003 North Texas Mean Green football team,1340738461
2003,Northern Illinois Huskies,Joe Novak,1996,Matt Canada,,2003 Northern Illinois Huskies football team,1339450935
2003,Northwestern Wildcats,Randy Walker,1999,Mike Dunbar,Greg Colby,2003 Northwestern Wildcats football team,1339603175
2003,Notre Dame Fighting Irish,Tyrone Willingham,2002,Bill Diedrick,Kent Baer,2003 Notre Dame Fighting Irish football team,1368969360
2003,Ohio Bobcats,Brian Knorr,2001,Greg Gregory,Tim DeRuyter,2003 Ohio Bobcats football team,1339603181
2003,Ohio State Buckeyes,Jim Tressel,2001,Jim Bollman,Mark Dantonio,2003 Ohio State Buckeyes football team,1359931933
2003,Oklahoma Sooners,Bob Stoops,1999,Chuck Long / Kevin Wilson,Mike Stoops / Brent Venables,2003 Oklahoma Sooners football team,1338162433
2003,Oklahoma State Cowboys,Les Miles,2001,Mike Gundy,Bill Clay,2003 Oklahoma State Cowboys football team,1339453578
2003,Ole Miss Rebels,David Cutcliffe,1999,John Latina,Chuck Driesbach,2003 Ole Miss Rebels football team,1332815180
2003,Oregon Ducks,Mike Bellotti,1995,Andy Ludwig,Nick Aliotti,2003 Oregon Ducks football team,1365737663
2003,Oregon State Beavers,Mike Riley,2001,Paul Chryst,Mark Banker,2003 Oregon State Beavers football team,1328281857
2003,Penn State Nittany Lions,Joe Paterno,1966,Fran Ganter,Tom Bradley,2003 Penn State Nittany Lions football team,1366433847
2003,Pittsburgh Panthers,Walt Harris,1997,J. D. Brookhart,Paul Rhoads,2003 Pittsburgh Panthers football team,1339291473
2003,Purdue Boilermakers,Joe Tiller,1997,Jim Chaney,Brock Spack,2003 Purdue Boilermakers football team,1363422983
2003,Rice Owls,Ken Hatfield,1994,Scott Wachenheim,Roger Hinshaw,2003 Rice Owls football team,1339603195
2003,Rutgers Scarlet Knights,Greg Schiano,2001,Craig Ver Steeg,Paul Ferraro,2003 Rutgers Scarlet Knights football team,1360524497
2003,SMU Mustangs,Phil Bennett,2002,Larry Edmondson,Jim Gush,2003 SMU Mustangs football team,1339379249
2003,San Diego State Aztecs,Tom Craft,2002,,Thom Kaumeyer,2003 San Diego State Aztecs football team,1374099482
2003,San José State Spartans,Fitz Hill,2001,Charlie Roche / Barry Lunney Jr.,Chris Wilkerson,2003 San Jose State Spartans football team,1330401178
2003,South Carolina Gamecocks,Lou Holtz,1999,Skip Holtz,Chris Cosh,2003 South Carolina Gamecocks football team,1339603215
2003,South Florida Bulls,Jim Leavitt,1997,Mike Hobbie,Rick Kravitz / Wally Burnham,2003 South Florida Bulls football team,1339603222
2003,Southern Miss Golden Eagles,Jeff Bower,1990,Rip Scherer,Tyrone Nix,2003 Southern Miss Golden Eagles football team,1339603234
2003,Stanford Cardinal,Buddy Teevens,2002,Bill Cubit,A. J. Christoff,2003 Stanford Cardinal football team,1366428614
2003,Syracuse Orange,Paul Pasqualoni,1991,George DeLeone,Chris Rippon,2003 Syracuse Orangemen football team,1336460716
2003,TCU Horned Frogs,Gary Patterson,2001,Mike Schultz,David Bailiff,2003 TCU Horned Frogs football team,1339456518
2003,Temple Owls,Bobby Wallace,1998,Dave Brock,Raymond Monica,2003 Temple Owls football team,1339603244
2003,Tennessee Volunteers,Phillip Fulmer,1993,Randy Sanders,John Chavis,2003 Tennessee Volunteers football team,1339603255
2003,Texas A&M Aggies,Dennis Franchione,2003,Les Koenning,Carl Torbush,2003 Texas A&M Aggies football team,1339603263
2003,Texas Longhorns,Mack Brown,1998,Greg Davis,Carl Reese,2003 Texas Longhorns football team,1337681494
2003,Texas Tech Red Raiders,Mike Leach,2000,,Lyle Setencich,2003 Texas Tech Red Raiders football team,1369865792
2003,Toledo Rockets,Tom Amstutz,2001,Rob Spence,Lou West,2003 Toledo Rockets football team,1339603283
2003,Troy Trojans,Larry Blakeney,1991,Mark Fleetwood,Vic Koenning,2003 Troy State Trojans football team,1340738473
2003,Tulane Green Wave,Chris Scelfo,1999,Frank Scelfo,Eric Schumann,2003 Tulane Green Wave football team,1339603294
2003,Tulsa Golden Hurricane,Steve Kragthorpe,2003,Charlie Stubbs,Todd Graham,2003 Tulsa Golden Hurricane football team,1339603306
2003,UAB Blazers,Watson Brown,1995,Pat Sullivan,Wayne Bolt,2003 UAB Blazers football team,1339603313
2003,UCF Knights,Mike Kruczek,1998,Robert McFarland,Bill D'Ottavio,2003 UCF Golden Knights football team,1339603321
2003,UCLA Bruins,Karl Dorrell,2003,Steve Axman,Larry Kerr,2003 UCLA Bruins football team,1375108997
2003,UConn Huskies,Randy Edsall,1999,Norries Wilson,Hank Hughes,2003 Connecticut Huskies football team,1339602969
2003,UL Monroe Warhawks,Charlie Weatherbie,2003,Tommy Condell,Bob Trott,2003 Louisiana–Monroe Indians football team,1339603075
2003,UNLV Rebels,John Robinson,1999,Rob Boras,Mike Bradeson,2003 UNLV Rebels football team,1339603348
2003,USC Trojans,Pete Carroll,2001,Norm Chow,,2003 USC Trojans football team,1339228723
2003,UTEP Miners,Gary Nord,2000,Patrick Higgins,Troy Reffett,2003 UTEP Miners football team,1339603353
2003,Utah State Aggies,Mick Dennehy,2000,Bob Cole,David Kotulski,2003 Utah State Aggies football team,1341086080
2003,Utah Utes,Urban Meyer,2003,Mike Sanford,Kyle Whittingham,2003 Utah Utes football team,1339603363
2003,Vanderbilt Commodores,Bobby Johnson,2002,Ted Cain,Bruce Fowler,2003 Vanderbilt Commodores football team,1360221886
2003,Virginia Cavaliers,Al Groh,2001,Ron Prince,Al Golden,2003 Virginia Cavaliers football team,1339603394
2003,Virginia Tech Hokies,Frank Beamer,1987,Bryan Stinespring,Bud Foster,2003 Virginia Tech Hokies football team,1373764325
2003,Wake Forest Demon Deacons,Jim Grobe,2001,Steed Lobotzke,Dean Hood,2003 Wake Forest Demon Deacons football team,1336289167
2003,Washington Huskies,Keith Gilbertson,2003,John Pettas,Tim Hundley / Phil Snow,2003 Washington Huskies football team,1370186645
2003,Washington State Cougars,Bill Doba,2003,Mike Levenseller,Robb Akey,2003 Washington State Cougars football team,1339603432
2003,West Virginia Mountaineers,Rich Rodriguez,2001,,Jeff Casteel,2003 West Virginia Mountaineers football team,1372897690
2003,Western Michigan Broncos,Gary Darnell,1997,Brian Rock,,2003 Western Michigan Broncos football team,1340738824
2003,Wisconsin Badgers,Barry Alvarez,1990,Brian White,Kevin Cosgrove,2003 Wisconsin Badgers football team,1339603441
2003,Wyoming Cowboys,Joe Glenn,2003,Billy Cockhill,Mike Breske,2003 Wyoming Cowboys football team,1339027478
2004,Air Force Falcons,Fisher DeBerry,1984,,Richard Bell,2004 Air Force Falcons football team,1360834651
2004,Akron Zips,J. D. Brookhart,2004,Jim Pry,Jim Fleming,2004 Akron Zips football team,1339376939
2004,Alabama Crimson Tide,Mike Shula,2003,David Rader,Joe Kines,2004 Alabama Crimson Tide football team,1343034652
2004,Arizona State Sun Devils,Dirk Koetter,2001,,Brent Guy,2004 Arizona State Sun Devils football team,1339603466
2004,Arizona Wildcats,Mike Stoops,2004,Mike Canales,Mark Stoops,2004 Arizona Wildcats football team,1339129175
2004,Arkansas Razorbacks,Houston Nutt,1998,Roy Wittke,Dave Wommack,2004 Arkansas Razorbacks football team,1339603476
2004,Arkansas State Red Wolves,Steve Roberts,2002,Doug Ruse,Kevin Corless / Jack Curtis,2004 Arkansas State Indians football team,1332278202
2004,Army Black Knights,Bobby Ross,2004,Kevin Ross,John Mumford,2004 Army Black Knights football team,1340738842
2004,Auburn Tigers,Tommy Tuberville,1999,Al Borges,Gene Chizik,2004 Auburn Tigers football team,1371966197
2004,BYU Cougars,Gary Crowton,2001,Todd Bradford,Bronco Mendenhall,2004 BYU Cougars football team,1339133295
2004,Ball State Cardinals,Brady Hoke,2003,,,2004 Ball State Cardinals football team,1340703379
2004,Baylor Bears,Guy Morriss,2003,Brent Pease,Bill Bradley,2004 Baylor Bears football team,1368402843
2004,Boise State Broncos,Dan Hawkins,2001,Chris Petersen,Ron Collins,2004 Boise State Broncos football team,1338870484
2004,Boston College Eagles,Tom O'Brien,1997,Dana Bible,Frank Spaziani,2004 Boston College Eagles football team,1334837487
2004,Bowling Green Falcons,Gregg Brandon,2003,Greg Studrawa,Tim Beckman,2004 Bowling Green Falcons football team,1339603486
2004,Buffalo Bulls,Jim Hofher,2001,,,2004 Buffalo Bulls football team,1339603496
2004,California Golden Bears,Jeff Tedford,2002,George Cortez,Bob Gregory,2004 California Golden Bears football team,1332768364
2004,Central Michigan Chippewas,Brian Kelly,2004,Jeff Quinn,,2004 Central Michigan Chippewas football team,1340705300
2004,Cincinnati Bearcats,Mark Dantonio,2004,Don Treadwell,Pat Narduzzi,2004 Cincinnati Bearcats football team,1339603509
2004,Clemson Tigers,Tommy Bowden,1999,Mike O'Cain,John Lovett,2004 Clemson Tigers football team,1348503685
2004,Colorado Buffaloes,Gary Barnett,1999,Shawn Watson,Mike Hankwitz,2004 Colorado Buffaloes football team,1327597436
2004,Colorado State Rams,Sonny Lubick,1993,Dan Hammerschmidt,Steve Stanard,2004 Colorado State Rams football team,1330375513
2004,Duke Blue Devils,Ted Roof,2004,Marty Galbraith,Scott Brown / Jerry Azzinaro,2004 Duke Blue Devils football team,1335923408
2004,East Carolina Pirates,John Thompson,2003,Noah Brindise,Jerry Odom,2004 East Carolina Pirates football team,1339604233
2004,Eastern Michigan Eagles,Jeff Genyk,2004,Howard Feggins,,2004 Eastern Michigan Eagles football team,1340670304
2004,Florida Atlantic Owls,Howard Schnellenberger,2001,Larry Seiple,Kirk Hoza,2004 Florida Atlantic Owls football team,1339604238
2004,Florida Gators,Ron Zook,2002,Larry Fedora,Charlie Strong,2004 Florida Gators football team,1359873778
2004,Florida International Panthers,Don Strock,2002,Greg Briner,Bernard Clark,2004 FIU Golden Panthers football team,1340738861
2004,Florida State Seminoles,Bobby Bowden,1976,Jeff Bowden,Mickey Andrews,2004 Florida State Seminoles football team,1335932973
2004,Fresno State Bulldogs,Pat Hill,1997,Frank Cignetti Jr.,Dan Brown,2004 Fresno State Bulldogs football team,1338770552
2004,Georgia Bulldogs,Mark Richt,2001,Neil Callaway,Brian VanGorder,2004 Georgia Bulldogs football team,1337686723
2004,Georgia Tech Yellow Jackets,Chan Gailey,2002,Patrick Nix,Jon Tenuta,2004 Georgia Tech Yellow Jackets football team,1342294529
2004,Hawai'i Rainbow Warriors,June Jones,1999,,George Lumpkin,2004 Hawaii Warriors football team,1338727668
2004,Houston Cougars,Art Briles,2003,,Ron Harris,2004 Houston Cougars football team,1360484817
2004,Idaho Vandals,Nick Holt,2004,Nate Kaczor / Joel Thomas,,2004 Idaho Vandals football team,1374758229
2004,Illinois Fighting Illini,Ron Turner,1997,Dan Roushar,Mike Mallory,2004 Illinois Fighting Illini football team,1366068622
2004,Indiana Hoosiers,Gerry DiNardo,2002,Steve Addazio,Joe Cullen,2004 Indiana Hoosiers football team,1338061639
2004,Iowa Hawkeyes,Kirk Ferentz,1999,Ken O'Keefe,Norm Parker,2004 Iowa Hawkeyes football team,1331020351
2004,Iowa State Cyclones,Dan McCarney,1995,Barney Cotton,John Skladany,2004 Iowa State Cyclones football team,1339455183
2004,Kansas Jayhawks,Mark Mangino,2002,Nick Quartaro,Bill Young,2004 Kansas Jayhawks football team,1339604275
2004,Kansas State Wildcats,Bill Snyder,1989,Del Miller / Greg Peterson,Bob Elliott,2004 Kansas State Wildcats football team,1339452190
2004,Kent State Golden Flashes,Doug Martin,2004,,Pete Rekstis,2004 Kent State Golden Flashes football team,1347165997
2004,Kentucky Wildcats,Rich Brooks,2003,Ron Hudson,Mike Archer,2004 Kentucky Wildcats football team,1366813209
2004,LSU Tigers,Nick Saban,2000,Jimbo Fisher,Will Muschamp,2004 LSU Tigers football team,1355399267
2004,Louisiana Ragin' Cajuns,Rickey Bustle,2002,Rob Christophel,Brent Pry,2004 Louisiana–Lafayette Ragin' Cajuns football team,1360985168
2004,Louisiana Tech Bulldogs,Jack Bicknell Jr.,1999,Conroy Hines,Tim Rose,2004 Louisiana Tech Bulldogs football team,1342034272
2004,Louisville Cardinals,Bobby Petrino,2003,Paul Petrino,Mike Cassity,2004 Louisville Cardinals football team,1368807268
2004,Marshall Thundering Herd,Bob Pruett,1996,Mark McHale / Larry Kueck,Bill Wilt,2004 Marshall Thundering Herd football team,1339280218
2004,Maryland Terrapins,Ralph Friedgen,2001,Charlie Taaffe,Gary Blackney,2004 Maryland Terrapins football team,1333326575
2004,Memphis Tigers,Tommy West,2001,Randy Fichtner,Joe Lee Dunn,2004 Memphis Tigers football team,1339604313
2004,Miami (OH) RedHawks,Terry Hoeppner,1999,Shane Montgomery,Brian George / Joe Palcic,2004 Miami RedHawks football team,1339604328
2004,Miami Hurricanes,Larry Coker,2001,Dan Werner,Randy Shannon,2004 Miami Hurricanes football team,1369767753
2004,Michigan State Spartans,John L. Smith,2003,Dave Baldwin,Chris Smeland,2004 Michigan State Spartans football team,1339604335
2004,Michigan Wolverines,Lloyd Carr,1995,Terry Malone,Jim Herrmann,2004 Michigan Wolverines football team,1353064110
2004,Middle Tennessee Blue Raiders,Andy McCollum,1999,Blake Anderson / Darin Hinshaw,Bradley Dale Peveto,2004 Middle Tennessee Blue Raiders football team,1341086222
2004,Minnesota Golden Gophers,Glen Mason,1997,Mitch Browning / Tony Petersen,Greg Hudson,2004 Minnesota Golden Gophers football team,1338613111
2004,Mississippi State Bulldogs,Sylvester Croom,2004,Woody McCorvey,Ellis Johnson,2004 Mississippi State Bulldogs football team,1337604459
2004,Missouri Tigers,Gary Pinkel,2001,Dave Christensen,Matt Eberflus,2004 Missouri Tigers football team,1332978408
2004,NC State Wolfpack,Chuck Amato,2000,Noel Mazzone,Reggie Herring,2004 NC State Wolfpack football team,1339604350
2004,Navy Midshipmen,Paul Johnson,2002,,Buddy Green,2004 Navy Midshipmen football team,1331025349
2004,Nebraska Cornhuskers,Bill Callahan,2004,Jay Norvell,Kevin Cosgrove,2004 Nebraska Cornhuskers football team,1373233141
2004,Nevada Wolf Pack,Chris Ault,1985,Chris Klenakis,Dave Fipp / Barry Sacks,2004 Nevada Wolf Pack football team,1338768503
2004,New Mexico Lobos,Rocky Long,1998,Dan Dodd,Osia Lewis,2004 New Mexico Lobos football team,1330386970
2004,New Mexico State Aggies,Tony Samuel,1997,Gerry Gdowski,Ross Els,2004 New Mexico State Aggies football team,1339604368
2004,North Carolina Tar Heels,John Bunting,2001,Gary Tranquill,John Gutekunst / Marvin Sanders,2004 North Carolina Tar Heels football team,1336647683
2004,North Texas Mean Green,Darrell Dickey,1998,Ramon Flanigan,Kenny Evans,2004 North Texas Mean Green football team,1340738928
2004,Northern Illinois Huskies,Joe Novak,1996,John Bond,Denny Doornbos,2004 Northern Illinois Huskies football team,1339450957
2004,Northwestern Wildcats,Randy Walker,1999,Mike Dunbar,Greg Colby,2004 Northwestern Wildcats football team,1368458538
2004,Notre Dame Fighting Irish,Tyrone Willingham,2002,Bill Diedrick,Kent Baer,2004 Notre Dame Fighting Irish football team,1369839052
2004,Ohio Bobcats,Brian Knorr,2001,Phil Earley,Tim DeRuyter,2004 Ohio Bobcats football team,1339604388
2004,Ohio State Buckeyes,Jim Tressel,2001,Jim Bollman,Mark Snyder / Mel Tucker,2004 Ohio State Buckeyes football team,1338058488
2004,Oklahoma Sooners,Bob Stoops,1999,Chuck Long / Kevin Wilson,Brent Venables / Bo Pelini,2004 Oklahoma Sooners football team,1350988395
2004,Oklahoma State Cowboys,Les Miles,2001,Mike Gundy,Bill Clay,2004 Oklahoma State Cowboys football team,1373671373
2004,Ole Miss Rebels,David Cutcliffe,1999,John Latina,Chuck Driesbach,2004 Ole Miss Rebels football team,1332815325
2004,Oregon Ducks,Mike Bellotti,1995,Andy Ludwig,Nick Aliotti,2004 Oregon Ducks football team,1365737612
2004,Oregon State Beavers,Mike Riley,2001,Paul Chryst,Mark Banker,2004 Oregon State Beavers football team,1328281807
2004,Penn State Nittany Lions,Joe Paterno,1966,Galen Hall,Tom Bradley,2004 Penn State Nittany Lions football team,1363048261
2004,Pittsburgh Panthers,Walt Harris,1997,Walt Harris,Paul Rhoads,2004 Pittsburgh Panthers football team,1339291446
2004,Purdue Boilermakers,Joe Tiller,1997,Jim Chaney,Brock Spack,2004 Purdue Boilermakers football team,1369093315
2004,Rice Owls,Ken Hatfield,1994,Scott Wachenheim,Roger Hinshaw,2004 Rice Owls football team,1339604496
2004,Rutgers Scarlet Knights,Greg Schiano,2001,Craig Ver Steeg,Paul Ferraro,2004 Rutgers Scarlet Knights football team,1347346343
2004,SMU Mustangs,Phil Bennett,2002,Rusty Burns,Jim Gush,2004 SMU Mustangs football team,1339379215
2004,San Diego State Aztecs,Tom Craft,2002,,Thom Kaumeyer,2004 San Diego State Aztecs football team,1374099557
2004,San José State Spartans,Fitz Hill,2001,Barry Lunney Jr.,Keith Burns,2004 San Jose State Spartans football team,1330401129
2004,South Carolina Gamecocks,Lou Holtz,1999,Skip Holtz,Rick Minter,2004 South Carolina Gamecocks football team,1368480342
2004,South Florida Bulls,Jim Leavitt,1997,Mike Hobbie,Rick Kravitz / Wally Burnham,2004 South Florida Bulls football team,1339604538
2004,Southern Miss Golden Eagles,Jeff Bower,1990,Rip Scherer,Tyrone Nix,2004 Southern Miss Golden Eagles football team,1339604544
2004,Stanford Cardinal,Buddy Teevens,2002,Bill Cubit,A. J. Christoff,2004 Stanford Cardinal football team,1366428556
2004,Syracuse Orange,Paul Pasqualoni,1991,George DeLeone,Steve Dunlap,2004 Syracuse Orange football team,1370796551
2004,TCU Horned Frogs,Gary Patterson,2001,Mike Schultz,Dick Bumpas,2004 TCU Horned Frogs football team,1339456500
2004,Temple Owls,Bobby Wallace,1998,Willie J. Slater,Raymond Monica,2004 Temple Owls football team,1339604553
2004,Tennessee Volunteers,Phillip Fulmer,1993,Randy Sanders,John Chavis,2004 Tennessee Volunteers football team,1339604565
2004,Texas A&M Aggies,Dennis Franchione,2003,Les Koenning,Carl Torbush,2004 Texas A&M Aggies football team,1343683643
2004,Texas Longhorns,Mack Brown,1998,Greg Davis,Greg Robinson,2004 Texas Longhorns football team,1374458642
2004,Texas Tech Red Raiders,Mike Leach,2000,,Lyle Setencich,2004 Texas Tech Red Raiders football team,1369865770
2004,Toledo Rockets,Tom Amstutz,2001,Rob Spence,Lou West,2004 Toledo Rockets football team,1339604608
2004,Troy Trojans,Larry Blakeney,1991,Mark Fleetwood,Vic Koenning,2004 Troy State Trojans football team,1340738945
2004,Tulane Green Wave,Chris Scelfo,1999,Frank Scelfo,Eric Schumann,2004 Tulane Green Wave football team,1339604612
2004,Tulsa Golden Hurricane,Steve Kragthorpe,2003,Charlie Stubbs,Todd Graham,2004 Tulsa Golden Hurricane football team,1339604634
2004,UAB Blazers,Watson Brown,1995,Pat Sullivan,Wayne Bolt,2004 UAB Blazers football team,1339604638
2004,UCF Knights,George O'Leary,2004,Tim Salem,Lance Thompson,2004 UCF Golden Knights football team,1361395206
2004,UCLA Bruins,Karl Dorrell,2003,Tom Cable,Larry Kerr,2004 UCLA Bruins football team,1375109184
2004,UConn Huskies,Randy Edsall,1999,Norries Wilson,Hank Hughes,2004 Connecticut Huskies football team,1372652621
2004,UL Monroe Warhawks,Charlie Weatherbie,2003,Todd Berry,Bob Trott,2004 Louisiana–Monroe Indians football team,1339604303
2004,UNLV Rebels,John Robinson,1999,Bruce Snyder,Mike Bradeson,2004 UNLV Rebels football team,1356770862
2004,USC Trojans,Pete Carroll,2001,Norm Chow,,2004 USC Trojans football team,1368924856
2004,UTEP Miners,Mike Price,2004,Eric Price,Tim Hundley,2004 UTEP Miners football team,1339604683
2004,Utah State Aggies,Mick Dennehy,2000,Bob Cole,David Kotulski,2004 Utah State Aggies football team,1341086316
2004,Utah Utes,Urban Meyer,2003,Mike Sanford,Kyle Whittingham,2004 Utah Utes football team,1339604693
2004,Vanderbilt Commodores,Bobby Johnson,2002,Ted Cain,Bruce Fowler,2004 Vanderbilt Commodores football team,1360225414
2004,Virginia Cavaliers,Al Groh,2001,Ron Prince,Al Golden,2004 Virginia Cavaliers football team,1343685526
2004,Virginia Tech Hokies,Frank Beamer,1987,Bryan Stinespring,Bud Foster,2004 Virginia Tech Hokies football team,1368590225
2004,Wake Forest Demon Deacons,Jim Grobe,2001,Steed Lobotzke,Dean Hood,2004 Wake Forest Demon Deacons football team,1336289190
2004,Washington Huskies,Keith Gilbertson,2003,John Pettas,Phil Snow,2004 Washington Huskies football team,1339604748
2004,Washington State Cougars,Bill Doba,2003,Mike Levenseller,Robb Akey,2004 Washington State Cougars football team,1366337624
2004,West Virginia Mountaineers,Rich Rodriguez,2001,Calvin Magee,Jeff Casteel,2004 West Virginia Mountaineers football team,1339225637
2004,Western Michigan Broncos,Gary Darnell,1997,Brian Rock,,2004 Western Michigan Broncos football team,1339604771
2004,Wisconsin Badgers,Barry Alvarez,1990,Brian White,Bret Bielema,2004 Wisconsin Badgers football team,1361470571
2004,Wyoming Cowboys,Joe Glenn,2003,Billy Cockhill,Mike Breske,2004 Wyoming Cowboys football team,1366431277
2005,Air Force Falcons,Fisher DeBerry,1984,,Richard Bell,2005 Air Force Falcons football team,1330389178
2005,Akron Zips,J. D. Brookhart,2004,Jim Pry,Jim Fleming,2005 Akron Zips football team,1339376979
2005,Alabama Crimson Tide,Mike Shula,2003,David Rader,Joe Kines,2005 Alabama Crimson Tide football team,1339604798
2005,Arizona State Sun Devils,Dirk Koetter,2001,,Bill Miller,2005 Arizona State Sun Devils football team,1339604807
2005,Arizona Wildcats,Mike Stoops,2004,Mike Canales,Mark Stoops,2005 Arizona Wildcats football team,1339129213
2005,Arkansas Razorbacks,Houston Nutt,1998,Roy Wittke,Reggie Herring,2005 Arkansas Razorbacks football team,1339604814
2005,Arkansas State Red Wolves,Steve Roberts,2002,Doug Ruse,Kevin Corless / Jack Curtis,2005 Arkansas State Indians football team,1367533572
2005,Army Black Knights,Bobby Ross,2004,Kevin Ross,John Mumford,2005 Army Black Knights football team,1359976335
2005,Auburn Tigers,Tommy Tuberville,1999,Al Borges,David Gibbs,2005 Auburn Tigers football team,1365507871
2005,BYU Cougars,Bronco Mendenhall,2005,Robert Anae,,2005 BYU Cougars football team,1339133314
2005,Ball State Cardinals,Brady Hoke,2003,,,2005 Ball State Cardinals football team,1339604837
2005,Baylor Bears,Guy Morriss,2003,Brent Pease,Bill Bradley,2005 Baylor Bears football team,1334658786
2005,Boise State Broncos,Dan Hawkins,2001,Chris Petersen,Ron Collins,2005 Boise State Broncos football team,1338870508
2005,Boston College Eagles,Tom O'Brien,1997,Dana Bible,Frank Spaziani,2005 Boston College Eagles football team,1334837517
2005,Bowling Green Falcons,Gregg Brandon,2003,Greg Studrawa,John Lovett,2005 Bowling Green Falcons football team,1339604848
2005,Buffalo Bulls,Jim Hofher,2001,,,2005 Buffalo Bulls football team,1339604858
2005,California Golden Bears,Jeff Tedford,2002,George Cortez,Bob Gregory,2005 California Golden Bears football team,1342774724
2005,Central Michigan Chippewas,Brian Kelly,2004,Jeff Quinn,,2005 Central Michigan Chippewas football team,1343194485
2005,Cincinnati Bearcats,Mark Dantonio,2004,Don Treadwell,Pat Narduzzi,2005 Cincinnati Bearcats football team,1339773171
2005,Clemson Tigers,Tommy Bowden,1999,Rob Spence,Vic Koenning,2005 Clemson Tigers football team,1335917513
2005,Colorado Buffaloes,Gary Barnett,2000,Shawn Watson,Mike Hankwitz,2005 Colorado Buffaloes football team,1361724990
2005,Colorado State Rams,Sonny Lubick,1993,Dan Hammerschmidt,Steve Stanard,2005 Colorado State Rams football team,1330375546
2005,Duke Blue Devils,Ted Roof,2004,Bill O'Brien,Scott Brown / Jerry Azzinaro,2005 Duke Blue Devils football team,1335923441
2005,East Carolina Pirates,Skip Holtz,2005,Steve Shankweiler,Greg Hudson,2005 East Carolina Pirates football team,1339604886
2005,Eastern Michigan Eagles,Jeff Genyk,2004,Howard Feggins,,2005 Eastern Michigan Eagles football team,1339604897
2005,Florida Atlantic Owls,Howard Schnellenberger,2001,Gary Nord,Kirk Hoza,2005 Florida Atlantic Owls football team,1339604905
2005,Florida Gators,Urban Meyer,2005,Dan Mullen,Greg Mattison / Charlie Strong,2005 Florida Gators football team,1339604923
2005,Florida International Panthers,Don Strock,2002,Greg Briner,Bernard Clark,2005 FIU Golden Panthers football team,1345005248
2005,Florida State Seminoles,Bobby Bowden,1976,Jeff Bowden,Mickey Andrews,2005 Florida State Seminoles football team,1335933009
2005,Fresno State Bulldogs,Pat Hill,1997,Frank Cignetti Jr.,Dan Brown,2005 Fresno State Bulldogs football team,1338770577
2005,Georgia Bulldogs,Mark Richt,2001,Neil Callaway,Willie Martinez,2005 Georgia Bulldogs football team,1373946770
2005,Georgia Tech Yellow Jackets,Chan Gailey,2002,Patrick Nix,Jon Tenuta,2005 Georgia Tech Yellow Jackets football team,1342294454
2005,Hawai'i Rainbow Warriors,June Jones,1999,,Jerry Glanville,2005 Hawaii Warriors football team,1338727686
2005,Houston Cougars,Art Briles,2003,,Ron Harris,2005 Houston Cougars football team,1360484770
2005,Idaho Vandals,Nick Holt,2004,Nate Kaczor / Joel Thomas,,2005 Idaho Vandals football team,1339604945
2005,Illinois Fighting Illini,Ron Zook,2005,Mike Locksley,Mike Mallory,2005 Illinois Fighting Illini football team,1344850859
2005,Indiana Hoosiers,Terry Hoeppner,2005,Bill Lynch,Brian George / Joe Palcic,2005 Indiana Hoosiers football team,1358306442
2005,Iowa Hawkeyes,Kirk Ferentz,1999,Ken O'Keefe,Norm Parker,2005 Iowa Hawkeyes football team,1357968489
2005,Iowa State Cyclones,Dan McCarney,1995,Barney Cotton,John Skladany,2005 Iowa State Cyclones football team,1339455213
2005,Kansas Jayhawks,Mark Mangino,2002,Nick Quartaro,Bill Young,2005 Kansas Jayhawks football team,1346751153
2005,Kansas State Wildcats,Bill Snyder,1989,Del Miller,Bob Elliott,2005 Kansas State Wildcats football team,1339452207
2005,Kent State Golden Flashes,Doug Martin,2004,,Pete Rekstis,2005 Kent State Golden Flashes football team,1347166274
2005,Kentucky Wildcats,Rich Brooks,2003,Joker Phillips,Mike Archer,2005 Kentucky Wildcats football team,1366813400
2005,LSU Tigers,Les Miles,2005,Jimbo Fisher,Bo Pelini,2005 LSU Tigers football team,1364025211
2005,Louisiana Ragin' Cajuns,Rickey Bustle,2002,Rob Christophel,Brent Pry,2005 Louisiana–Lafayette Ragin' Cajuns football team,1341200469
2005,Louisiana Tech Bulldogs,Jack Bicknell Jr.,1999,Conroy Hines,Randy Bates,2005 Louisiana Tech Bulldogs football team,1343686738
2005,Louisville Cardinals,Bobby Petrino,2003,Paul Petrino,Mike Cassity,2005 Louisville Cardinals football team,1336994067
2005,Marshall Thundering Herd,Mark Snyder,2005,Larry Kueck,Jim Collins,2005 Marshall Thundering Herd football team,1339280255
2005,Maryland Terrapins,Ralph Friedgen,2001,,,2005 Maryland Terrapins football team,1333326596
2005,Memphis Tigers,Tommy West,2001,Randy Fichtner,Joe Lee Dunn,2005 Memphis Tigers football team,1339605076
2005,Miami (OH) RedHawks,Shane Montgomery,2005,,Taver Johnson,2005 Miami RedHawks football team,1339605093
2005,Miami Hurricanes,Larry Coker,2001,Dan Werner,Randy Shannon,2005 Miami Hurricanes football team,1339605084
2005,Michigan State Spartans,John L. Smith,2003,Dave Baldwin,Chris Smeland,2005 Michigan State Spartans football team,1339605104
2005,Michigan Wolverines,Lloyd Carr,1995,Terry Malone,Jim Herrmann,2005 Michigan Wolverines football team,1368574973
2005,Middle Tennessee Blue Raiders,Andy McCollum,1999,Darin Hinshaw,Mark Criner,2005 Middle Tennessee Blue Raiders football team,1340738998
2005,Minnesota Golden Gophers,Glen Mason,1997,Mitch Browning / Tony Petersen,David Lockwood,2005 Minnesota Golden Gophers football team,1338613135
2005,Mississippi State Bulldogs,Sylvester Croom,2004,Woody McCorvey,Ellis Johnson,2005 Mississippi State Bulldogs football team,1337604499
2005,Missouri Tigers,Gary Pinkel,2001,Dave Christensen,Matt Eberflus,2005 Missouri Tigers football team,1332978435
2005,NC State Wolfpack,Chuck Amato,2000,Marc Trestman,Steve Dunlap,2005 NC State Wolfpack football team,1339605113
2005,Navy Midshipmen,Paul Johnson,2002,,Buddy Green,2005 Navy Midshipmen football team,1331025374
2005,Nebraska Cornhuskers,Bill Callahan,2004,Jay Norvell,Kevin Cosgrove,2005 Nebraska Cornhuskers football team,1370159563
2005,Nevada Wolf Pack,Chris Ault,1985,Chris Klenakis,Tim DeRuyter / Barry Sacks,2005 Nevada Wolf Pack football team,1372715811
2005,New Mexico Lobos,Rocky Long,1998,Dan Dodd,Osia Lewis,2005 New Mexico Lobos football team,1330387004
2005,New Mexico State Aggies,Hal Mumme,2005,Gary Goff / Matt Mumme,Woody Widenhofer,2005 New Mexico State Aggies football team,1339605266
2005,North Carolina Tar Heels,John Bunting,2001,Gary Tranquill,Marvin Sanders,2005 North Carolina Tar Heels football team,1371300911
2005,North Texas Mean Green,Darrell Dickey,1998,Ramon Flanigan,Kenny Evans,2005 North Texas Mean Green football team,1340739047
2005,Northern Illinois Huskies,Joe Novak,1996,John Bond,Denny Doornbos,2005 Northern Illinois Huskies football team,1339451000
2005,Northwestern Wildcats,Randy Walker,1999,Mike Dunbar,Greg Colby,2005 Northwestern Wildcats football team,1342955542
2005,Notre Dame Fighting Irish,Charlie Weis,2005,Michael Haywood,Rick Minter,2005 Notre Dame Fighting Irish football team,1368584309
2005,Ohio Bobcats,Frank Solich,2005,Tim Albin,Jim Burrow,2005 Ohio Bobcats football team,1339605308
2005,Ohio State Buckeyes,Jim Tressel,2001,Jim Bollman,Jim Heacock / Luke Fickell,2005 Ohio State Buckeyes football team,1365774433
2005,Oklahoma Sooners,Bob Stoops,1999,Chuck Long / Kevin Wilson,Brent Venables,2005 Oklahoma Sooners football team,1370697091
2005,Oklahoma State Cowboys,Mike Gundy,2005,Larry Fedora,Vance Bedford,2005 Oklahoma State Cowboys football team,1339453542
2005,Ole Miss Rebels,Ed Orgeron,2005,Noel Mazzone,,2005 Ole Miss Rebels football team,1343696441
2005,Oregon Ducks,Mike Bellotti,1995,Gary Crowton,Nick Aliotti,2005 Oregon Ducks football team,1365737540
2005,Oregon State Beavers,Mike Riley,2001,Danny Langsdorf,Mark Banker,2005 Oregon State Beavers football team,1328281740
2005,Penn State Nittany Lions,Joe Paterno,1966,Galen Hall,Tom Bradley,2005 Penn State Nittany Lions football team,1363048201
2005,Pittsburgh Panthers,Dave Wannstedt,2005,Matt Cavanaugh,Paul Rhoads,2005 Pittsburgh Panthers football team,1339291424
2005,Purdue Boilermakers,Joe Tiller,1997,Jim Chaney,Brock Spack,2005 Purdue Boilermakers football team,1358306384
2005,Rice Owls,Ken Hatfield,1994,Scott Wachenheim,Roger Hinshaw,2005 Rice Owls football team,1339605319
2005,Rutgers Scarlet Knights,Greg Schiano,2001,Craig Ver Steeg,,2005 Rutgers Scarlet Knights football team,1334038087
2005,SMU Mustangs,Phil Bennett,2002,Rusty Burns,Jim Gush,2005 SMU Mustangs football team,1339379170
2005,San Diego State Aztecs,Tom Craft,2002,,Thom Kaumeyer,2005 San Diego State Aztecs football team,1374099622
2005,San José State Spartans,Dick Tomey,2005,Ken Margerum,Dave Fipp,2005 San Jose State Spartans football team,1330401090
2005,South Carolina Gamecocks,Steve Spurrier,2005,,Tyrone Nix / John Thompson,2005 South Carolina Gamecocks football team,1373946800
2005,South Florida Bulls,Jim Leavitt,1997,Rod Smith,Rick Kravitz / Wally Burnham,2005 South Florida Bulls football team,1339605349
2005,Southern Miss Golden Eagles,Jeff Bower,1990,Jay Johnson,Jay Hopson,2005 Southern Miss Golden Eagles football team,1339605390
2005,Stanford Cardinal,Walt Harris,2005,,Tom Hayes,2005 Stanford Cardinal football team,1366428491
2005,Syracuse Orange,Greg Robinson,2005,Brian Pariani,,2005 Syracuse Orange football team,1336460776
2005,TCU Horned Frogs,Gary Patterson,2001,Mike Schultz,Dick Bumpas,2005 TCU Horned Frogs football team,1339456482
2005,Temple Owls,Bobby Wallace,1998,Willie J. Slater,Raymond Monica,2005 Temple Owls football team,1339605401
2005,Tennessee Volunteers,Phillip Fulmer,1993,Randy Sanders,John Chavis,2005 Tennessee Volunteers football team,1362309687
2005,Texas A&M Aggies,Dennis Franchione,2003,Les Koenning,Carl Torbush,2005 Texas A&M Aggies football team,1339605423
2005,Texas Longhorns,Mack Brown,1998,Greg Davis,Gene Chizik / Duane Akina,2005 Texas Longhorns football team,1372653005
2005,Texas Tech Red Raiders,Mike Leach,2000,Sonny Dykes / Dana Holgorsen,Lyle Setencich,2005 Texas Tech Red Raiders football team,1369865757
2005,Toledo Rockets,Tom Amstutz,2001,John Shannon,Tim Rose,2005 Toledo Rockets football team,1339605441
2005,Troy Trojans,Larry Blakeney,1991,Mark Fleetwood,Ricky Logo,2005 Troy Trojans football team,1340739076
2005,Tulane Green Wave,Chris Scelfo,1999,Frank Scelfo,Eric Schumann,2005 Tulane Green Wave football team,1339605450
2005,Tulsa Golden Hurricane,Steve Kragthorpe,2003,Charlie Stubbs,Todd Graham,2005 Tulsa Golden Hurricane football team,1339605458
2005,UAB Blazers,Watson Brown,1995,Pat Sullivan,Wayne Bolt,2005 UAB Blazers football team,1339605466
2005,UCF Knights,George O'Leary,2004,Tim Salem,Lance Thompson,2005 UCF Golden Knights football team,1339605474
2005,UCLA Bruins,Karl Dorrell,2003,Tom Cable,Larry Kerr,2005 UCLA Bruins football team,1375109278
2005,UConn Huskies,Randy Edsall,1999,Norries Wilson,Todd Orlando,2005 Connecticut Huskies football team,1339604882
2005,UL Monroe Warhawks,Charlie Weatherbie,2003,Todd Berry,Kim Dameron,2005 Louisiana–Monroe Indians football team,1339604982
2005,UNLV Rebels,Mike Sanford Sr.,2005,Noah Brindise,Vic Shealy,2005 UNLV Rebels football team,1339605501
2005,USC Trojans,Pete Carroll,2001,Lane Kiffin,,2005 USC Trojans football team,1368232386
2005,UTEP Miners,Mike Price,2004,Eric Price,Tim Hundley,2005 UTEP Miners football team,1339605507
2005,Utah State Aggies,Brent Guy,2005,Mike Santiago,Mark Johnson,2005 Utah State Aggies football team,1341086536
2005,Utah Utes,Kyle Whittingham,2005,Andy Ludwig,Gary Andersen,2005 Utah Utes football team,1339605511
2005,Vanderbilt Commodores,Bobby Johnson,2002,Ted Cain,Bruce Fowler,2005 Vanderbilt Commodores football team,1339605524
2005,Virginia Cavaliers,Al Groh,2001,Ron Prince,Al Golden,2005 Virginia Cavaliers football team,1343696642
2005,Virginia Tech Hokies,Frank Beamer,1987,Bryan Stinespring,Bud Foster,2005 Virginia Tech Hokies football team,1368590502
2005,Wake Forest Demon Deacons,Jim Grobe,2001,Steed Lobotzke,Dean Hood,2005 Wake Forest Demon Deacons football team,1336289215
2005,Washington Huskies,Tyrone Willingham,2005,Tim Lappano,Kent Baer,2005 Washington Huskies football team,1339605571
2005,Washington State Cougars,Bill Doba,2003,Mike Levenseller,Robb Akey,2005 Washington State Cougars football team,1339605579
2005,West Virginia Mountaineers,Rich Rodriguez,2001,Calvin Magee,Jeff Casteel,2005 West Virginia Mountaineers football team,1374206947
2005,Western Michigan Broncos,Bill Cubit,2005,George McDonald,,2005 Western Michigan Broncos football team,1339605590
2005,Wisconsin Badgers,Barry Alvarez,1990,Brian White / Paul Chryst,Bret Bielema,2005 Wisconsin Badgers football team,1361470519
2005,Wyoming Cowboys,Joe Glenn,2003,Billy Cockhill,Mike Breske,2005 Wyoming Cowboys football team,1339027519
2006,Air Force Falcons,Fisher DeBerry,1984,,Richard Bell,2006 Air Force Falcons football team,1343195523
2006,Akron Zips,J. D. Brookhart,2004,Joe Moorhead,Jim Fleming,2006 Akron Zips football team,1339377031
2006,Alabama Crimson Tide,Mike Shula,2003,David Rader,Joe Kines,2006 Alabama Crimson Tide football team,1359200190
2006,Arizona State Sun Devils,Dirk Koetter,2001,Roy Wittke,Bill Miller,2006 Arizona State Sun Devils football team,1339605619
2006,Arizona Wildcats,Mike Stoops,2004,Mike Canales,Mark Stoops,2006 Arizona Wildcats football team,1339129245
2006,Arkansas Razorbacks,Houston Nutt,1998,Gus Malzahn,Reggie Herring,2006 Arkansas Razorbacks football team,1339605628
2006,Arkansas State Red Wolves,Steve Roberts,2002,Doug Ruse,Kevin Corless / Jack Curtis,2006 Arkansas State Indians football team,1332278137
2006,Army Black Knights,Bobby Ross,2004,Kevin Ross,John Mumford,2006 Army Black Knights football team,1339605635
2006,Auburn Tigers,Tommy Tuberville,1999,Al Borges,Will Muschamp,2006 Auburn Tigers football team,1374028546
2006,BYU Cougars,Bronco Mendenhall,2005,Robert Anae,,2006 BYU Cougars football team,1339133352
2006,Ball State Cardinals,Brady Hoke,2003,Eddie Faulkner,Mark Smith,2006 Ball State Cardinals football team,1339605640
2006,Baylor Bears,Guy Morriss,2003,Lee Hays,Bill Bradley,2006 Baylor Bears football team,1360398744
2006,Boise State Broncos,Chris Petersen,2006,Bryan Harsin,Justin Wilcox,2006 Boise State Broncos football team,1366591421
2006,Boston College Eagles,Tom O'Brien,1997,Dana Bible,Frank Spaziani,2006 Boston College Eagles football team,1334837550
2006,Bowling Green Falcons,Gregg Brandon,2003,Greg Studrawa,John Lovett,2006 Bowling Green Falcons football team,1339605652
2006,Buffalo Bulls,Turner Gill,2006,Gerald Carr,,2006 Buffalo Bulls football team,1339605657
2006,California Golden Bears,Jeff Tedford,2002,Mike Dunbar,Bob Gregory,2006 California Golden Bears football team,1370558026
2006,Central Michigan Chippewas,Brian Kelly,2004,Jeff Quinn,Joe Tresey,2006 Central Michigan Chippewas football team,1339605662
2006,Cincinnati Bearcats,Mark Dantonio,2004,Don Treadwell,Pat Narduzzi,2006 Cincinnati Bearcats football team,1339605671
2006,Clemson Tigers,Tommy Bowden,1999,Rob Spence,Vic Koenning,2006 Clemson Tigers football team,1366176854
2006,Colorado Buffaloes,Dan Hawkins,2006,Mark Helfrich,Ron Collins,2006 Colorado Buffaloes football team,1335878162
2006,Colorado State Rams,Sonny Lubick,1993,Dan Hammerschmidt,Steve Stanard,2006 Colorado State Rams football team,1330375574
2006,Duke Blue Devils,Ted Roof,2004,Bill O'Brien,Scott Brown / Jerry Azzinaro,2006 Duke Blue Devils football team,1335923463
2006,East Carolina Pirates,Skip Holtz,2005,Steve Shankweiler,Greg Hudson,2006 East Carolina Pirates football team,1339605702
2006,Eastern Michigan Eagles,Jeff Genyk,2004,Howard Feggins,,2006 Eastern Michigan Eagles football team,1339605707
2006,Florida Atlantic Owls,Howard Schnellenberger,2001,Gary Nord,Kirk Hoza,2006 Florida Atlantic Owls football team,1339605715
2006,Florida Gators,Urban Meyer,2005,Dan Mullen,Greg Mattison / Charlie Strong,2006 Florida Gators football team,1375016363
2006,Florida International Panthers,Don Strock,2002,Greg Briner,Kevin Fouquier,2006 FIU Golden Panthers football team,1340739117
2006,Florida State Seminoles,Bobby Bowden,1976,Jeff Bowden,Mickey Andrews,2006 Florida State Seminoles football team,1315150724
2006,Fresno State Bulldogs,Pat Hill,1997,Steve Hagen,Dan Brown,2006 Fresno State Bulldogs football team,1338770601
2006,Georgia Bulldogs,Mark Richt,2001,Neil Callaway,Willie Martinez,2006 Georgia Bulldogs football team,1344431146
2006,Georgia Tech Yellow Jackets,Chan Gailey,,Patrick Nix,Jon Tenuta,2006 Georgia Tech Yellow Jackets football team,1342294276
2006,Hawai'i Rainbow Warriors,June Jones,1999,,Jerry Glanville,2006 Hawaii Warriors football team,1370350785
2006,Houston Cougars,Art Briles,2003,,Alan Weddell,2006 Houston Cougars football team,1368935489
2006,Idaho Vandals,Dennis Erickson,2002,Dan Cozzetto,Jeff Mills,2006 Idaho Vandals football team,1374758124
2006,Illinois Fighting Illini,Ron Zook,2005,Mike Locksley,Vince Okruch,2006 Illinois Fighting Illini football team,1344850879
2006,Indiana Hoosiers,Terry Hoeppner,2005,Bill Lynch,Brian George / Joe Palcic,2006 Indiana Hoosiers football team,1361122897
2006,Iowa Hawkeyes,Kirk Ferentz,1999,Ken O'Keefe,Norm Parker,2006 Iowa Hawkeyes football team,1331020426
2006,Iowa State Cyclones,Dan McCarney,1995,Barney Cotton,John Skladany,2006 Iowa State Cyclones football team,1339455222
2006,Kansas Jayhawks,Mark Mangino,2002,Nick Quartaro,Bill Young,2006 Kansas Jayhawks football team,1367672124
2006,Kansas State Wildcats,Ron Prince,2006,James Franklin,Raheem Morris,2006 Kansas State Wildcats football team,1374532756
2006,Kent State Golden Flashes,Doug Martin,2004,,Pete Rekstis,2006 Kent State Golden Flashes football team,1339289181
2006,Kentucky Wildcats,Rich Brooks,2003,Joker Phillips,Mike Archer,2006 Kentucky Wildcats football team,1366813914
2006,LSU Tigers,Les Miles,2005,Jimbo Fisher,Bo Pelini,2006 LSU Tigers football team,1365508281
2006,Louisiana Ragin' Cajuns,Rickey Bustle,2002,Rob Christophel,Brent Pry,2006 Louisiana–Lafayette Ragin' Cajuns football team,1339605772
2006,Louisiana Tech Bulldogs,Jack Bicknell Jr.,1999,Conroy Hines,George Darlington,2006 Louisiana Tech Bulldogs football team,1341737117
2006,Louisville Cardinals,Bobby Petrino,2003,Paul Petrino,Mike Cassity,2006 Louisville Cardinals football team,1368815105
2006,Marshall Thundering Herd,Mark Snyder,2005,,,2006 Marshall Thundering Herd football team,1339280299
2006,Maryland Terrapins,Ralph Friedgen,2001,,Chris Cosh,2006 Maryland Terrapins football team,1333754576
2006,Memphis Tigers,Tommy West,2001,Randy Fichtner,Joe Lee Dunn,2006 Memphis Tigers football team,1339605785
2006,Miami (OH) RedHawks,Shane Montgomery,2005,,Taver Johnson,2006 Miami RedHawks football team,1363048260
2006,Miami Hurricanes,Larry Coker,2001,Rich Olson,Randy Shannon,2006 Miami Hurricanes football team,1339605796
2006,Michigan State Spartans,John L. Smith,2003,Dave Baldwin,Chris Smeland,2006 Michigan State Spartans football team,1339605814
2006,Michigan Wolverines,Lloyd Carr,1995,Mike DeBord,Ron English,2006 Michigan Wolverines football team,1353064026
2006,Middle Tennessee Blue Raiders,Rick Stockstill,2006,G. A. Mangus,Manny Diaz,2006 Middle Tennessee Blue Raiders football team,1339605825
2006,Minnesota Golden Gophers,Glen Mason,1997,Mitch Browning / Tony Petersen,David Lockwood,2006 Minnesota Golden Gophers football team,1363870589
2006,Mississippi State Bulldogs,Sylvester Croom,2004,Woody McCorvey,Ellis Johnson,2006 Mississippi State Bulldogs football team,1337604549
2006,Missouri Tigers,Gary Pinkel,2001,Dave Christensen,Matt Eberflus,2006 Missouri Tigers football team,1335917752
2006,NC State Wolfpack,Chuck Amato,2000,Marc Trestman,Steve Dunlap,2006 NC State Wolfpack football team,1339605832
2006,Navy Midshipmen,Paul Johnson,2002,,Buddy Green,2006 Navy Midshipmen football team,1339486850
2006,Nebraska Cornhuskers,Bill Callahan,2004,Jay Norvell,Kevin Cosgrove,2006 Nebraska Cornhuskers football team,1370159560
2006,Nevada Wolf Pack,Chris Ault,1985,Chris Klenakis,Tim DeRuyter / Barry Sacks,2006 Nevada Wolf Pack football team,1372716295
2006,New Mexico Lobos,Rocky Long,1998,Bob Toledo,Osia Lewis,2006 New Mexico Lobos football team,1330387047
2006,New Mexico State Aggies,Hal Mumme,2005,Gary Goff / Matt Mumme,Woody Widenhofer,2006 New Mexico State Aggies football team,1339605848
2006,North Carolina Tar Heels,John Bunting,2001,Frank Cignetti Jr.,Marvin Sanders,2006 North Carolina Tar Heels football team,1336647748
2006,North Texas Mean Green,Darrell Dickey,1998,Ramon Flanigan,Fred Bleil,2006 North Texas Mean Green football team,1339605867
2006,Northern Illinois Huskies,Joe Novak,1996,John Bond,Denny Doornbos,2006 Northern Illinois Huskies football team,1339451038
2006,Northwestern Wildcats,Pat Fitzgerald,2006,Garrick McGee,Greg Colby,2006 Northwestern Wildcats football team,1366334441
2006,Notre Dame Fighting Irish,Charlie Weis,2005,Michael Haywood,Rick Minter,2006 Notre Dame Fighting Irish football team,1369924439
2006,Ohio Bobcats,Frank Solich,2005,Tim Albin,Jim Burrow,2006 Ohio Bobcats football team,1339605889
2006,Ohio State Buckeyes,Jim Tressel,2001,Jim Bollman,Jim Heacock / Luke Fickell,2006 Ohio State Buckeyes football team,1369253714
2006,Oklahoma Sooners,Bob Stoops,1999,Kevin Wilson,Brent Venables,2006 Oklahoma Sooners football team,1372653139
2006,Oklahoma State Cowboys,Mike Gundy,2005,Larry Fedora,Vance Bedford,2006 Oklahoma State Cowboys football team,1367391775
2006,Ole Miss Rebels,Ed Orgeron,2005,Dan Werner,,2006 Ole Miss Rebels football team,1332815563
2006,Oregon Ducks,Mike Bellotti,1995,Gary Crowton,Nick Aliotti,2006 Oregon Ducks football team,1366185326
2006,Oregon State Beavers,Mike Riley,2001,Danny Langsdorf,Mark Banker,2006 Oregon State Beavers football team,1328281693
2006,Penn State Nittany Lions,Joe Paterno,1966,Galen Hall,Tom Bradley,2006 Penn State Nittany Lions football team,1374814506
2006,Pittsburgh Panthers,Dave Wannstedt,2005,Matt Cavanaugh,Paul Rhoads,2006 Pittsburgh Panthers football team,1339291395
2006,Purdue Boilermakers,Joe Tiller,1997,Bill Legg / Ed Zaunbrecher,Brock Spack,2006 Purdue Boilermakers football team,1368772434
2006,Rice Owls,Todd Graham,2006,Major Applewhite,Paul Randolph,2006 Rice Owls football team,1339605898
2006,Rutgers Scarlet Knights,Greg Schiano,2001,Craig Ver Steeg / John McNulty,,2006 Rutgers Scarlet Knights football team,1334038123
2006,SMU Mustangs,Phil Bennett,2002,Rusty Burns,Jim Gush,2006 SMU Mustangs football team,1339379143
2006,San Diego State Aztecs,Chuck Long,2006,Del Miller,Bob Elliott,2006 San Diego State Aztecs football team,1374099748
2006,San José State Spartans,Dick Tomey,2005,,Dave Fipp,2006 San Jose State Spartans football team,1330401044
2006,South Carolina Gamecocks,Steve Spurrier,2005,,Tyrone Nix,2006 South Carolina Gamecocks football team,1339605936
2006,South Florida Bulls,Jim Leavitt,1997,Rod Smith,Wally Burnham,2006 South Florida Bulls football team,1339605944
2006,Southern Miss Golden Eagles,Jeff Bower,1990,Jay Johnson,Jay Hopson,2006 Southern Miss Golden Eagles football team,1339605958
2006,Stanford Cardinal,Walt Harris,2005,,A. J. Christoff,2006 Stanford Cardinal football team,1366428355
2006,Syracuse Orange,Greg Robinson,2005,Brian White,,2006 Syracuse Orange football team,1370796687
2006,TCU Horned Frogs,Gary Patterson,2001,Mike Schultz,Dick Bumpas,2006 TCU Horned Frogs football team,1360396659
2006,Temple Owls,Al Golden,2006,George DeLeone,Mark D'Onofrio,2006 Temple Owls football team,1339605966
2006,Tennessee Volunteers,Phillip Fulmer,1993,David Cutcliffe,John Chavis,2006 Tennessee Volunteers football team,1373260943
2006,Texas A&M Aggies,Dennis Franchione,2003,Les Koenning,Gary Darnell,2006 Texas A&M Aggies football team,1339605986
2006,Texas Longhorns,Mack Brown,1998,Greg Davis,Gene Chizik / Duane Akina,2006 Texas Longhorns football team,1337681621
2006,Texas Tech Red Raiders,Mike Leach,2000,Sonny Dykes / Dana Holgorsen,Lyle Setencich,2006 Texas Tech Red Raiders football team,1369865182
2006,Toledo Rockets,Tom Amstutz,2001,John Shannon,Tim Rose,2006 Toledo Rockets football team,1339606014
2006,Troy Trojans,Larry Blakeney,1991,Tony Franklin,Jeremy Rowell,2006 Troy Trojans football team,1339606020
2006,Tulane Green Wave,Chris Scelfo,1999,Frank Scelfo,Eric Schumann,2006 Tulane Green Wave football team,1339606028
2006,Tulsa Golden Hurricane,Steve Kragthorpe,2003,Charlie Stubbs,Keith Patterson,2006 Tulsa Golden Hurricane football team,1339606035
2006,UAB Blazers,Watson Brown,1995,Pat Sullivan,Rick Christophel,2006 UAB Blazers football team,1339606040
2006,UCF Knights,George O'Leary,2004,Tim Salem,Lance Thompson,2006 UCF Golden Knights football team,1339606049
2006,UCLA Bruins,Karl Dorrell,2003,Jim Svoboda,DeWayne Walker,2006 UCLA Bruins football team,1375109476
2006,UConn Huskies,Randy Edsall,1999,Rob Ambrose,Todd Orlando,2006 Connecticut Huskies football team,1339605682
2006,UL Monroe Warhawks,Charlie Weatherbie,2003,Bob Leahy,Kim Dameron,2006 Louisiana–Monroe Warhawks football team,1339605776
2006,UNLV Rebels,Mike Sanford Sr.,2005,Noah Brindise,Vic Shealy,2006 UNLV Rebels football team,1339606073
2006,USC Trojans,Pete Carroll,2001,Lane Kiffin,Nick Holt,2006 USC Trojans football team,1365331837
2006,UTEP Miners,Mike Price,2004,Eric Price,Tim Hundley,2006 UTEP Miners football team,1339606085
2006,Utah State Aggies,Brent Guy,2005,Mike Santiago / Greg Stevens,Mark Johnson,2006 Utah State Aggies football team,1341086745
2006,Utah Utes,Kyle Whittingham,2005,Andy Ludwig,Gary Andersen,2006 Utah Utes football team,1367924549
2006,Vanderbilt Commodores,Bobby Johnson,2002,Ted Cain,Bruce Fowler,2006 Vanderbilt Commodores football team,1360538597
2006,Virginia Cavaliers,Al Groh,2001,Mike Groh,Mike London,2006 Virginia Cavaliers football team,1368415548
2006,Virginia Tech Hokies,Frank Beamer,1987,Bryan Stinespring,Bud Foster,2006 Virginia Tech Hokies football team,1363539945
2006,Wake Forest Demon Deacons,Jim Grobe,2001,Steed Lobotzke,Dean Hood,2006 Wake Forest Demon Deacons football team,1368813462
2006,Washington Huskies,Tyrone Willingham,2005,Tim Lappano,Kent Baer,2006 Washington Huskies football team,1339606131
2006,Washington State Cougars,Bill Doba,2003,Mike Levenseller,Robb Akey,2006 Washington State Cougars football team,1339606141
2006,West Virginia Mountaineers,Rich Rodriguez,2001,Calvin Magee,Jeff Casteel,2006 West Virginia Mountaineers football team,1368486310
2006,Western Michigan Broncos,Bill Cubit,2005,George McDonald,,2006 Western Michigan Broncos football team,1339606149
2006,Wisconsin Badgers,Bret Bielema,2006,Paul Chryst,Mike Hankwitz,2006 Wisconsin Badgers football team,1339606159
2006,Wyoming Cowboys,Joe Glenn,2003,Billy Cockhill,Mike Breske,2006 Wyoming Cowboys football team,1339027538
2007,Air Force Falcons,Troy Calhoun,2007,Clay Hendrix / Blane Morgan,Tim DeRuyter,2007 Air Force Falcons football team,1334673246
2007,Akron Zips,J. D. Brookhart,2004,Joe Moorhead,Jim Fleming,2007 Akron Zips football team,1339377116
2007,Alabama Crimson Tide,Nick Saban,2007,Major Applewhite,Kevin Steele,2007 Alabama Crimson Tide football team,1359200218
2007,Arizona State Sun Devils,Dennis Erickson,2007,Rich Olson,Craig Bray,2007 Arizona State Sun Devils football team,1342186940
2007,Arizona Wildcats,Mike Stoops,2004,Sonny Dykes,Mark Stoops,2007 Arizona Wildcats football team,1339129277
2007,Arkansas Razorbacks,Houston Nutt,1998,David Lee,Reggie Herring / Louis Campbell,2007 Arkansas Razorbacks football team,1361825609
2007,Arkansas State Red Wolves,Steve Roberts,2002,Doug Ruse,Kevin Corless / Jack Curtis,2007 Arkansas State Indians football team,1352503232
2007,Army Black Knights,Stan Brock,2007,Tim Walsh,John Mumford,2007 Army Black Knights football team,1339606207
2007,Auburn Tigers,Tommy Tuberville,1999,Al Borges / Tony Franklin,Will Muschamp,2007 Auburn Tigers football team,1369651496
2007,BYU Cougars,Bronco Mendenhall,2005,Robert Anae,,2007 BYU Cougars football team,1339133373
2007,Ball State Cardinals,Brady Hoke,2003,Stan Parrish,Mark Smith,2007 Ball State Cardinals football team,1339606217
2007,Baylor Bears,Guy Morriss,2003,Lee Hays,Larry Hoefer,2007 Baylor Bears football team,1360486910
2007,Boise State Broncos,Chris Petersen,2006,Bryan Harsin,Justin Wilcox,2007 Boise State Broncos football team,1366591541
2007,Boston College Eagles,Jeff Jagodzinski,2007,Steve Logan,Frank Spaziani,2007 Boston College Eagles football team,1334837579
2007,Bowling Green Falcons,Gregg Brandon,2003,Mick McCall,Mike Ward,2007 Bowling Green Falcons football team,1363048275
2007,Buffalo Bulls,Turner Gill,2006,Gerald Carr,,2007 Buffalo Bulls football team,1339606234
2007,California Golden Bears,Jeff Tedford,2002,Jim Michalczik,Bob Gregory,2007 California Golden Bears football team,1336313044
2007,Central Michigan Chippewas,Butch Jones,2007,Mike Bajakian,Tim Banks,2007 Central Michigan Chippewas football team,1339606241
2007,Cincinnati Bearcats,Brian Kelly,2007,Jeff Quinn,Joe Tresey,2007 Cincinnati Bearcats football team,1367456627
2007,Clemson Tigers,Tommy Bowden,1999,Rob Spence,Vic Koenning,2007 Clemson Tigers football team,1369498952
2007,Colorado Buffaloes,Dan Hawkins,2006,Mark Helfrich,Ron Collins,2007 Colorado Buffaloes football team,1361724886
2007,Colorado State Rams,Sonny Lubick,1993,Dan Hammerschmidt / Dave Lay,Steve Stanard,2007 Colorado State Rams football team,1330375606
2007,Duke Blue Devils,Ted Roof,2004,Peter Vaas,Scott Brown,2007 Duke Blue Devils football team,1338060321
2007,East Carolina Pirates,Skip Holtz,2005,Steve Shankweiler / Todd Fitch,Greg Hudson,2007 East Carolina Pirates football team,1339606318
2007,Eastern Michigan Eagles,Jeff Genyk,2004,Scott Isphording,,2007 Eastern Michigan Eagles football team,1357968572
2007,Florida Atlantic Owls,Howard Schnellenberger,2001,Gary Nord,Kirk Hoza,2007 Florida Atlantic Owls football team,1363000946
2007,Florida Gators,Urban Meyer,2005,Dan Mullen,Greg Mattison / Charlie Strong,2007 Florida Gators football team,1339606403
2007,Florida International Panthers,Mario Cristobal,2007,James Coley,Phil Galiano,2007 FIU Golden Panthers football team,1371533468
2007,Florida State Seminoles,Bobby Bowden,1976,Jimbo Fisher,Mickey Andrews,2007 Florida State Seminoles football team,1368930477
2007,Fresno State Bulldogs,Pat Hill,1997,Jim McElwain,Dan Brown,2007 Fresno State Bulldogs football team,1360585330
2007,Georgia Bulldogs,Mark Richt,2001,Mike Bobo,Willie Martinez,2007 Georgia Bulldogs football team,1373947129
2007,Georgia Tech Yellow Jackets,Chan Gailey,2002,John Bond,Jon Tenuta,2007 Georgia Tech Yellow Jackets football team,1368927980
2007,Hawai'i Rainbow Warriors,June Jones,1999,,Greg McMackin,2007 Hawaii Warriors football team,1354072456
2007,Houston Cougars,Art Briles,2003,Randy Clements / Philip Montgomery,Alan Weddell,2007 Houston Cougars football team,1360484927
2007,Illinois Fighting Illini,Ron Zook,2005,Mike Locksley,Dan Disch / Curt Mallory,2007 Illinois Fighting Illini football team,1344850903
2007,Indiana Hoosiers,Bill Lynch,2007,Matt Canada,Brian George / Joe Palcic,2007 Indiana Hoosiers football team,1338059650
2007,Iowa Hawkeyes,Kirk Ferentz,1999,Ken O'Keefe,Norm Parker,2007 Iowa Hawkeyes football team,1345370573
2007,Iowa State Cyclones,Gene Chizik,2007,Robert McFarland,Wayne Bolt,2007 Iowa State Cyclones football team,1339455243
2007,Kansas Jayhawks,Mark Mangino,2002,Ed Warinner,Clint Bowen / Bill Young,2007 Kansas Jayhawks football team,1370115951
2007,Kansas State Wildcats,Ron Prince,2006,James Franklin,Tim Tibesar,2007 Kansas State Wildcats football team,1357968534
2007,Kent State Golden Flashes,Doug Martin,2004,,Pete Rekstis,2007 Kent State Golden Flashes football team,1348135101
2007,Kentucky Wildcats,Rich Brooks,2003,Joker Phillips,Steve Brown,2007 Kentucky Wildcats football team,1371608495
2007,LSU Tigers,Les Miles,2005,Gary Crowton,Bo Pelini,2007 LSU Tigers football team,1367377976
2007,Louisiana Ragin' Cajuns,Rickey Bustle,2002,Blake Anderson,Kevin Fouquier,2007 Louisiana–Lafayette Ragin' Cajuns football team,1360985350
2007,Louisiana Tech Bulldogs,Derek Dooley,2007,Frank Scelfo,Tommy Spangler,2007 Louisiana Tech Bulldogs football team,1339606482
2007,Louisville Cardinals,Steve Kragthorpe,2007,Charlie Stubbs,Mike Cassity,2007 Louisville Cardinals football team,1336994251
2007,Marshall Thundering Herd,Mark Snyder,2005,,Steve Dunlap,2007 Marshall Thundering Herd football team,1339280340
2007,Maryland Terrapins,Ralph Friedgen,2001,,Chris Cosh,2007 Maryland Terrapins football team,1368625428
2007,Memphis Tigers,Tommy West,2001,Clay Helton,Rick Kravitz,2007 Memphis Tigers football team,1339606509
2007,Miami (OH) RedHawks,Shane Montgomery,2005,,Jay Hood,2007 Miami RedHawks football team,1363048264
2007,Miami Hurricanes,Randy Shannon,2007,Patrick Nix,Tim Walton,2007 Miami Hurricanes football team,1369771182
2007,Michigan State Spartans,Mark Dantonio,2007,Don Treadwell,Pat Narduzzi,2007 Michigan State Spartans football team,1360585602
2007,Michigan Wolverines,Lloyd Carr,1995,Mike DeBord,Ron English,2007 Michigan Wolverines football team,1371627557
2007,Middle Tennessee Blue Raiders,Rick Stockstill,2006,G. A. Mangus,Manny Diaz,2007 Middle Tennessee Blue Raiders football team,1339606711
2007,Minnesota Golden Gophers,Tim Brewster,2007,Mike Dunbar,Everett Withers,2007 Minnesota Golden Gophers football team,1338613178
2007,Mississippi State Bulldogs,Sylvester Croom,2004,Woody McCorvey,Ellis Johnson,2007 Mississippi State Bulldogs football team,1361289525
2007,Missouri Tigers,Gary Pinkel,2001,Dave Christensen,Matt Eberflus,2007 Missouri Tigers football team,1371603071
2007,NC State Wolfpack,Tom O'Brien,2007,Dana Bible,Mike Archer,2007 NC State Wolfpack football team,1339606719
2007,Navy Midshipmen,Paul Johnson,2002,,Buddy Green,2007 Navy Midshipmen football team,1331025423
2007,Nebraska Cornhuskers,Bill Callahan,2004,Shawn Watson,Kevin Cosgrove,2007 Nebraska Cornhuskers football team,1370159574
2007,Nevada Wolf Pack,Chris Ault,1985,Chris Klenakis,Ken Wilson,2007 Nevada Wolf Pack football team,1372716614
2007,New Mexico Lobos,Rocky Long,1998,Dave Baldwin,Osia Lewis,2007 New Mexico Lobos football team,1330387089
2007,New Mexico State Aggies,Hal Mumme,2005,Gary Goff / Matt Mumme,Woody Widenhofer,2007 New Mexico State Aggies football team,1339606735
2007,North Carolina Tar Heels,Butch Davis,2007,John Shoop,Chuck Pagano,2007 North Carolina Tar Heels football team,1336647768
2007,North Texas Mean Green,Todd Dodge,2007,Todd Ford,Ron Mendoza,2007 North Texas Mean Green football team,1339606762
2007,Northern Illinois Huskies,Joe Novak,1996,Roy Wittke,Denny Doornbos,2007 Northern Illinois Huskies football team,1339451064
2007,Northwestern Wildcats,Pat Fitzgerald,2006,Garrick McGee,Greg Colby,2007 Northwestern Wildcats football team,1339606775
2007,Notre Dame Fighting Irish,Charlie Weis,2005,Michael Haywood,Corwin Brown,2007 Notre Dame Fighting Irish football team,1369838411
2007,Ohio Bobcats,Frank Solich,2005,Tim Albin,Jim Burrow,2007 Ohio Bobcats football team,1339606783
2007,Ohio State Buckeyes,Jim Tressel,2001,Jim Bollman,Jim Heacock / Luke Fickell,2007 Ohio State Buckeyes football team,1339760841
2007,Oklahoma Sooners,Bob Stoops,1999,Kevin Wilson,Brent Venables,2007 Oklahoma Sooners football team,1373300460
2007,Oklahoma State Cowboys,Mike Gundy,2005,Larry Fedora,Tim Beckman,2007 Oklahoma State Cowboys football team,1368970905
2007,Ole Miss Rebels,Ed Orgeron,2005,Dan Werner,John Thompson,2007 Ole Miss Rebels football team,1332815636
2007,Oregon Ducks,Mike Bellotti,1995,Chip Kelly,Nick Aliotti,2007 Oregon Ducks football team,1365735782
2007,Oregon State Beavers,Mike Riley,2001,Danny Langsdorf,Mark Banker,2007 Oregon State Beavers football team,1368972992
2007,Penn State Nittany Lions,Joe Paterno,1966,Galen Hall,Tom Bradley,2007 Penn State Nittany Lions football team,1364674447
2007,Pittsburgh Panthers,Dave Wannstedt,2005,Matt Cavanaugh,Paul Rhoads,2007 Pittsburgh Panthers football team,1339291373
2007,Purdue Boilermakers,Joe Tiller,,Bill Legg / Ed Zaunbrecher,Brock Spack,2007 Purdue Boilermakers football team,1338609157
2007,Rice Owls,David Bailiff,2007,Tom Herman,Chuck Driesbach / Craig Naivar,2007 Rice Owls football team,1339606791
2007,Rutgers Scarlet Knights,Greg Schiano,2001,John McNulty,,2007 Rutgers Scarlet Knights football team,1334038174
2007,SMU Mustangs,Phil Bennett,2002,Rusty Burns,Jim Gush,2007 SMU Mustangs football team,1339379117
2007,San Diego State Aztecs,Chuck Long,2006,Del Miller,Bob Elliott,2007 San Diego State Aztecs football team,1374099819
2007,San José State Spartans,Dick Tomey,2005,Marcus Arroyo / Steve Morton,Dave Fipp,2007 San Jose State Spartans football team,1330400991
2007,South Carolina Gamecocks,Steve Spurrier,2005,,Tyrone Nix,2007 South Carolina Gamecocks football team,1373947241
2007,South Florida Bulls,Jim Leavitt,1997,Greg Gregory,Wally Burnham,2007 South Florida Bulls football team,1345453543
2007,Southern Miss Golden Eagles,Jeff Bower,1990,Jay Johnson,Jay Hopson,2007 Southern Miss Golden Eagles football team,1339606837
2007,Stanford Cardinal,Jim Harbaugh,2007,David Shaw,Scott Shafer,2007 Stanford Cardinal football team,1368946636
2007,Syracuse Orange,Greg Robinson,2005,Brian White,Steve Russ,2007 Syracuse Orange football team,1369008918
2007,TCU Horned Frogs,Gary Patterson,2001,Mike Schultz,Dick Bumpas,2007 TCU Horned Frogs football team,1339456425
2007,Temple Owls,Al Golden,2006,George DeLeone,Mark D'Onofrio,2007 Temple Owls football team,1339606846
2007,Tennessee Volunteers,Phillip Fulmer,1993,David Cutcliffe,John Chavis,2007 Tennessee Volunteers football team,1369010150
2007,Texas A&M Aggies,Dennis Franchione,2003,Les Koenning,Gary Darnell,2007 Texas A&M Aggies football team,1370116029
2007,Texas Longhorns,Mack Brown,1998,Greg Davis,Duane Akina / Larry Mac Duff,2007 Texas Longhorns football team,1369012932
2007,Texas Tech Red Raiders,Mike Leach,2000,Dana Holgorsen,Lyle Setencich / Ruffin McNeill,2007 Texas Tech Red Raiders football team,1369865203
2007,Toledo Rockets,Tom Amstutz,2001,John Shannon,Tim Rose,2007 Toledo Rockets football team,1339606996
2007,Troy Trojans,Larry Blakeney,1991,Tony Franklin,Jeremy Rowell,2007 Troy Trojans football team,1339607003
2007,Tulane Green Wave,Bob Toledo,2007,Dan Dodd,Thom Kaumeyer,2007 Tulane Green Wave football team,1339607014
2007,Tulsa Golden Hurricane,Todd Graham,2007,Gus Malzahn / Herb Hand,Keith Patterson / Paul Randolph,2007 Tulsa Golden Hurricane football team,1339607023
2007,UAB Blazers,Neil Callaway,2007,Kim Helton,Eric Schumann,2007 UAB Blazers football team,1339607041
2007,UCF Knights,George O'Leary,2004,Tim Salem,John Skladany,2007 UCF Knights football team,1339607052
2007,UCLA Bruins,Karl Dorrell,2003,Jay Norvell,DeWayne Walker,2007 UCLA Bruins football team,1375109751
2007,UConn Huskies,Randy Edsall,1999,Rob Ambrose,Todd Orlando,2007 Connecticut Huskies football team,1339606304
2007,UL Monroe Warhawks,Charlie Weatherbie,2003,Steve Farmer / Nate Kaczor,Kim Dameron,2007 Louisiana–Monroe Warhawks football team,1368946312
2007,UNLV Rebels,Mike Sanford Sr.,2005,Todd Berry,Kurt Barber / Vic Shealy,2007 UNLV Rebels football team,1352109079
2007,USC Trojans,Pete Carroll,2001,Steve Sarkisian,Nick Holt,2007 USC Trojans football team,1370116044
2007,UTEP Miners,Mike Price,2004,Eric Price,Tim Hundley,2007 UTEP Miners football team,1339607089
2007,Utah State Aggies,Brent Guy,2005,Darrell Dickey,Mark Johnson,2007 Utah State Aggies football team,1339607098
2007,Utah Utes,Kyle Whittingham,2005,Andy Ludwig,Gary Andersen,2007 Utah Utes football team,1339607106
2007,Vanderbilt Commodores,Bobby Johnson,2002,Ted Cain,Bruce Fowler,2007 Vanderbilt Commodores football team,1339607131
2007,Virginia Cavaliers,Al Groh,2001,Mike Groh,Mike London,2007 Virginia Cavaliers football team,1370450442
2007,Virginia Tech Hokies,Frank Beamer,1987,Bryan Stinespring,Bud Foster,2007 Virginia Tech Hokies football team,1339607152
2007,Wake Forest Demon Deacons,Jim Grobe,2001,Steed Lobotzke,Dean Hood,2007 Wake Forest Demon Deacons football team,1369028985
2007,Washington Huskies,Tyrone Willingham,2005,Tim Lappano,Kent Baer,2007 Washington Huskies football team,1339607159
2007,Washington State Cougars,Bill Doba,2003,Mike Levenseller,,2007 Washington State Cougars football team,1339607168
2007,West Virginia Mountaineers,Rich Rodriguez,2001,Calvin Magee,Jeff Casteel,2007 West Virginia Mountaineers football team,1369030672
2007,Western Kentucky Hilltoppers,David Elson,2003,Kevin Wright,Dennis Springer,2007 Western Kentucky Hilltoppers football team,1340739280
2007,Western Michigan Broncos,Bill Cubit,2005,,Bill Miller,2007 Western Michigan Broncos football team,1366313591
2007,Wisconsin Badgers,Bret Bielema,2006,Paul Chryst,Mike Hankwitz,2007 Wisconsin Badgers football team,1339607187
2007,Wyoming Cowboys,Joe Glenn,2003,Billy Cockhill,Mike Breske,2007 Wyoming Cowboys football team,1339027555
2008,Air Force Falcons,Troy Calhoun,2007,Clay Hendrix / Blane Morgan,Tim DeRuyter,2008 Air Force Falcons football team,1338030617
2008,Akron Zips,J. D. Brookhart,2004,Joe Moorhead,Jim Fleming,2008 Akron Zips football team,1345916994
2008,Alabama Crimson Tide,Nick Saban,2007,Jim McElwain,Kirby Smart,2008 Alabama Crimson Tide football team,1367246217
2008,Arizona State Sun Devils,Dennis Erickson,2007,Rich Olson,Craig Bray,2008 Arizona State Sun Devils football team,1339607218
2008,Arizona Wildcats,Mike Stoops,2004,Sonny Dykes,Mark Stoops,2008 Arizona Wildcats football team,1339129305
2008,Arkansas Razorbacks,Bobby Petrino,2008,Paul Petrino,Willy Robinson,2008 Arkansas Razorbacks football team,1369224421
2008,Arkansas State Red Wolves,Steve Roberts,2002,Doug Ruse,Kevin Corless / Jack Curtis,2008 Arkansas State Red Wolves football team,1332278087
2008,Army Black Knights,Stan Brock,2007,Tim Walsh,John Mumford,2008 Army Black Knights football team,1369123701
2008,Auburn Tigers,Tommy Tuberville,1999,Tony Franklin / Steve Ensminger,Paul Rhoads,2008 Auburn Tigers football team,1344431138
2008,BYU Cougars,Bronco Mendenhall,2005,Robert Anae,Jaime Hill,2008 BYU Cougars football team,1366348243
2008,Ball State Cardinals,Brady Hoke,2003,Stan Parrish,Mark Smith,2008 Ball State Cardinals football team,1360587198
2008,Baylor Bears,Art Briles,2008,Randy Clements / Philip Montgomery,Brian Norwood,2008 Baylor Bears football team,1369134518
2008,Boise State Broncos,Chris Petersen,2006,Bryan Harsin,Justin Wilcox,2008 Boise State Broncos football team,1372091374
2008,Boston College Eagles,Jeff Jagodzinski,2007,Steve Logan,Frank Spaziani,2008 Boston College Eagles football team,1369137222
2008,Bowling Green Falcons,Gregg Brandon,,Troy Rothenbuhler / Matt Campbell,Mike Ward,2008 Bowling Green Falcons football team,1344431196
2008,Buffalo Bulls,Turner Gill,2006,Turner Gill,,2008 Buffalo Bulls football team,1339607274
2008,California Golden Bears,Jeff Tedford,2002,Frank Cignetti Jr.,Bob Gregory,2008 California Golden Bears football team,1369143425
2008,Central Michigan Chippewas,Butch Jones,2007,Mike Bajakian,Tim Banks,2008 Central Michigan Chippewas football team,1339607283
2008,Cincinnati Bearcats,Brian Kelly,2007,Jeff Quinn,Joe Tresey,2008 Cincinnati Bearcats football team,1339607292
2008,Clemson Tigers,Tommy Bowden,1999,Rob Spence / Billy Napier / Dabo Swinney,Vic Koenning,2008 Clemson Tigers football team,1367435459
2008,Colorado Buffaloes,Dan Hawkins,2006,Mark Helfrich,Ron Collins,2008 Colorado Buffaloes football team,1369154389
2008,Colorado State Rams,Steve Fairchild,2008,Greg Peterson,Larry Kerr,2008 Colorado State Rams football team,1330375627
2008,Duke Blue Devils,David Cutcliffe,2008,Kurt Roper / Matt Luke,Mike MacIntyre / Marion Hobby,2008 Duke Blue Devils football team,1335923525
2008,East Carolina Pirates,Skip Holtz,2005,Steve Shankweiler / Todd Fitch,Greg Hudson,2008 East Carolina Pirates football team,1369929897
2008,Eastern Michigan Eagles,Jeff Genyk,2004,Scott Isphording,,2008 Eastern Michigan Eagles football team,1339607333
2008,Florida Atlantic Owls,Howard Schnellenberger,2001,Gary Nord,Kirk Hoza,2008 Florida Atlantic Owls football team,1339607353
2008,Florida Gators,Urban Meyer,2005,Dan Mullen,Charlie Strong,2008 Florida Gators football team,1373948888
2008,Florida International Panthers,Mario Cristobal,2007,Bill Legg,Phil Galiano,2008 FIU Golden Panthers football team,1339607339
2008,Florida State Seminoles,Bobby Bowden,1976,Jimbo Fisher,Mickey Andrews,2008 Florida State Seminoles football team,1368769921
2008,Fresno State Bulldogs,Pat Hill,1997,Doug Nussmeier,Dan Brown,2008 Fresno State Bulldogs football team,1338770652
2008,Georgia Bulldogs,Mark Richt,2001,Mike Bobo,Willie Martinez,2008 Georgia Bulldogs football team,1373948822
2008,Georgia Tech Yellow Jackets,Paul Johnson,2008,,Dave Wommack,2008 Georgia Tech Yellow Jackets football team,1360946592
2008,Hawai'i Rainbow Warriors,Greg McMackin,2008,Ron Lee,Cal Lee,2008 Hawaii Warriors football team,1338727746
2008,Houston Cougars,Kevin Sumlin,2008,Dana Holgorsen / Jason Phillips,John Skladany,2008 Houston Cougars football team,1369185078
2008,Illinois Fighting Illini,Ron Zook,2005,Mike Locksley,Dan Disch / Curt Mallory,2008 Illinois Fighting Illini football team,1363849054
2008,Indiana Hoosiers,Bill Lynch,2007,Matt Canada,Brian George / Joe Palcic,2008 Indiana Hoosiers football team,1344431178
2008,Iowa Hawkeyes,Kirk Ferentz,1999,Ken O'Keefe,Norm Parker,2008 Iowa Hawkeyes football team,1372653415
2008,Iowa State Cyclones,Gene Chizik,2007,Robert McFarland,Wayne Bolt,2008 Iowa State Cyclones football team,1339455287
2008,Kansas Jayhawks,Mark Mangino,2002,Ed Warinner,Clint Bowen,2008 Kansas Jayhawks football team,1340514618
2008,Kansas State Wildcats,Ron Prince,2006,Dave Brock,Tim Tibesar,2008 Kansas State Wildcats football team,1368785941
2008,Kent State Golden Flashes,Doug Martin,2004,A. J. Pratt,Pete Rekstis,2008 Kent State Golden Flashes football team,1348135061
2008,Kentucky Wildcats,Rich Brooks,2003,Joker Phillips,Steve Brown,2008 Kentucky Wildcats football team,1373949048
2008,LSU Tigers,Les Miles,2005,Gary Crowton,Doug Mallory / Bradley Dale Peveto,2008 LSU Tigers football team,1365740657
2008,Louisiana Ragin' Cajuns,Rickey Bustle,2002,Ron Hudson,Kevin Fouquier,2008 Louisiana–Lafayette Ragin' Cajuns football team,1339607462
2008,Louisiana Tech Bulldogs,Derek Dooley,2007,Frank Scelfo,Tommy Spangler,2008 Louisiana Tech Bulldogs football team,1344431190
2008,Louisville Cardinals,Steve Kragthorpe,2007,Jeff Brohm,Ron English,2008 Louisville Cardinals football team,1336994334
2008,Marshall Thundering Herd,Mark Snyder,2005,John Shannon,Rick Minter,2008 Marshall Thundering Herd football team,1339280380
2008,Maryland Terrapins,Ralph Friedgen,2001,James Franklin,Chris Cosh / Al Seamonson,2008 Maryland Terrapins football team,1370816531
2008,Memphis Tigers,Tommy West,2001,Clay Helton,Tim Walton,2008 Memphis Tigers football team,1339607492
2008,Miami (OH) RedHawks,Shane Montgomery,2005,,,2008 Miami RedHawks football team,1339607512
2008,Miami Hurricanes,Randy Shannon,2007,Patrick Nix,Bill Young,2008 Miami Hurricanes football team,1369771373
2008,Michigan State Spartans,Mark Dantonio,2007,Don Treadwell,Pat Narduzzi,2008 Michigan State Spartans football team,1369210697
2008,Michigan Wolverines,Rich Rodriguez,2008,Calvin Magee,Scott Shafer,2008 Michigan Wolverines football team,1345155710
2008,Middle Tennessee Blue Raiders,Rick Stockstill,2006,G. A. Mangus,Manny Diaz,2008 Middle Tennessee Blue Raiders football team,1354923890
2008,Minnesota Golden Gophers,Tim Brewster,2007,Mike Dunbar,Ted Roof,2008 Minnesota Golden Gophers football team,1369210769
2008,Mississippi State Bulldogs,Sylvester Croom,2004,Woody McCorvey,Charlie Harbison,2008 Mississippi State Bulldogs football team,1367603793
2008,Missouri Tigers,Gary Pinkel,2001,Dave Christensen,Matt Eberflus,2008 Missouri Tigers football team,1369135965
2008,NC State Wolfpack,Tom O'Brien,2007,Dana Bible,Mike Archer,2008 NC State Wolfpack football team,1367455820
2008,Navy Midshipmen,Ken Niumatalolo,2008,Ivin Jasper,Buddy Green,2008 Navy Midshipmen football team,1331025450
2008,Nebraska Cornhuskers,Bo Pelini,2008,Shawn Watson,Carl Pelini,2008 Nebraska Cornhuskers football team,1370116068
2008,Nevada Wolf Pack,Chris Ault,1985,Chris Klenakis,Nigel Burton,2008 Nevada Wolf Pack football team,1338768606
2008,New Mexico Lobos,Rocky Long,1998,Dave Baldwin,Troy Reffett,2008 New Mexico Lobos football team,1330387120
2008,New Mexico State Aggies,Hal Mumme,2005,Gary Goff / Matt Mumme,Joe Lee Dunn,2008 New Mexico State Aggies football team,1339607558
2008,North Carolina Tar Heels,Butch Davis,2007,John Shoop,Everett Withers,2008 North Carolina Tar Heels football team,1336647792
2008,North Texas Mean Green,Todd Dodge,2007,Todd Ford,Gary DeLoach,2008 North Texas Mean Green football team,1339607587
2008,Northern Illinois Huskies,Jerry Kill,2008,Matt Limegrover,Tracy Claeys,2008 Northern Illinois Huskies football team,1339451099
2008,Northwestern Wildcats,Pat Fitzgerald,2006,Mick McCall,Mike Hankwitz,2008 Northwestern Wildcats football team,1344431180
2008,Notre Dame Fighting Irish,Charlie Weis,2005,Michael Haywood,Corwin Brown,2008 Notre Dame Fighting Irish football team,1369838250
2008,Ohio Bobcats,Frank Solich,2005,Tim Albin,Jim Burrow,2008 Ohio Bobcats football team,1339607617
2008,Ohio State Buckeyes,Jim Tressel,2001,Jim Bollman,Jim Heacock / Luke Fickell,2008 Ohio State Buckeyes football team,1363849098
2008,Oklahoma Sooners,Bob Stoops,1999,Kevin Wilson,Brent Venables,2008 Oklahoma Sooners football team,1338162630
2008,Oklahoma State Cowboys,Mike Gundy,2005,Gunter Brewer / Trooper Taylor,Tim Beckman,2008 Oklahoma State Cowboys football team,1344431168
2008,Ole Miss Rebels,Houston Nutt,2008,Kent Austin,Tyrone Nix,2008 Ole Miss Rebels football team,1369237160
2008,Oregon Ducks,Mike Bellotti,1995,Chip Kelly,Nick Aliotti,2008 Oregon Ducks football team,1371217452
2008,Oregon State Beavers,Mike Riley,2001,Danny Langsdorf,Mark Banker,2008 Oregon State Beavers football team,1368449355
2008,Penn State Nittany Lions,Joe Paterno,1966,Galen Hall,Tom Bradley,2008 Penn State Nittany Lions football team,1363849168
2008,Pittsburgh Panthers,Dave Wannstedt,2005,Matt Cavanaugh,Phil Bennett,2008 Pittsburgh Panthers football team,1369428997
2008,Purdue Boilermakers,Joe Tiller,,Ed Zaunbrecher,Brock Spack,2008 Purdue Boilermakers football team,1344431171
2008,Rice Owls,David Bailiff,2007,Tom Herman,Chuck Driesbach / Craig Naivar,2008 Rice Owls football team,1369362112
2008,Rutgers Scarlet Knights,Greg Schiano,2001,John McNulty,,2008 Rutgers Scarlet Knights football team,1356301689
2008,SMU Mustangs,June Jones,2008,Dan Morrison,Tom Mason,2008 SMU Mustangs football team,1339379092
2008,San Diego State Aztecs,Chuck Long,2006,Del Miller,Bob Elliott,2008 San Diego State Aztecs football team,1339548634
2008,San José State Spartans,Dick Tomey,2005,Marcus Arroyo / Steve Morton,Keith Burns,2008 San Jose State Spartans football team,1330400931
2008,South Carolina Gamecocks,Steve Spurrier,2005,,Ellis Johnson,2008 South Carolina Gamecocks football team,1344431163
2008,South Florida Bulls,Jim Leavitt,1997,Greg Gregory,Wally Burnham,2008 South Florida Bulls football team,1339607674
2008,Southern Miss Golden Eagles,Larry Fedora,2008,Darrell Wyatt,Todd Bradford,2008 Southern Miss Golden Eagles football team,1359807192
2008,Stanford Cardinal,Jim Harbaugh,2007,David Shaw,Andy Buh / Ron Lynn,2008 Stanford Cardinal football team,1366427660
2008,Syracuse Orange,Greg Robinson,2005,Mitch Browning,Derrick Jackson,2008 Syracuse Orange football team,1369283694
2008,TCU Horned Frogs,Gary Patterson,2001,Mike Schultz,Dick Bumpas,2008 TCU Horned Frogs football team,1357514093
2008,Temple Owls,Al Golden,2006,Matt Rhule,Mark D'Onofrio,2008 Temple Owls football team,1339607697
2008,Tennessee Volunteers,Phillip Fulmer,1993,Dave Clawson,John Chavis,2008 Tennessee Volunteers football team,1369286472
2008,Texas A&M Aggies,Mike Sherman,2008,Nolan Cromwell,Joe Kines,2008 Texas A&M Aggies football team,1369947718
2008,Texas Longhorns,Mack Brown,1998,Greg Davis,Will Muschamp,2008 Texas Longhorns football team,1366703049
2008,Texas Tech Red Raiders,Mike Leach,2000,,Ruffin McNeill,2008 Texas Tech Red Raiders football team,1370816568
2008,Toledo Rockets,Tom Amstutz,2001,,Tim Rose,2008 Toledo Rockets football team,1339607765
2008,Troy Trojans,Larry Blakeney,1991,Neal Brown,Jeremy Rowell,2008 Troy Trojans football team,1339607771
2008,Tulane Green Wave,Bob Toledo,2007,Dan Dodd,O’Neil Gilbert,2008 Tulane Green Wave football team,1369930014
2008,Tulsa Golden Hurricane,Todd Graham,2007,Herb Hand / Gus Malzahn,Keith Patterson / Paul Randolph,2008 Tulsa Golden Hurricane football team,1369293882
2008,UAB Blazers,Neil Callaway,2007,Kim Helton,Eric Schumann,2008 UAB Blazers football team,1369294944
2008,UCF Knights,George O'Leary,2004,Tim Salem,Dave Huxtable,2008 UCF Knights football team,1339607815
2008,UCLA Bruins,Rick Neuheisel,2008,Norm Chow,DeWayne Walker,2008 UCLA Bruins football team,1375109835
2008,UConn Huskies,Randy Edsall,1999,Rob Ambrose,Todd Orlando,2008 Connecticut Huskies football team,1339607301
2008,UL Monroe Warhawks,Charlie Weatherbie,2003,Steve Farmer,Phil Elmassian / Manny Michel,2008 Louisiana–Monroe Warhawks football team,1339607470
2008,UNLV Rebels,Mike Sanford Sr.,2005,Todd Berry,Dennis Therrell,2008 UNLV Rebels football team,1339607843
2008,USC Trojans,Pete Carroll,2001,Steve Sarkisian,Nick Holt,2008 USC Trojans football team,1369297312
2008,UTEP Miners,Mike Price,2004,Bob Connelly,Osia Lewis,2008 UTEP Miners football team,1369298237
2008,Utah State Aggies,Brent Guy,2005,Darrell Dickey,Mark Johnson,2008 Utah State Aggies football team,1339607862
2008,Utah Utes,Kyle Whittingham,2005,Andy Ludwig,Gary Andersen,2008 Utah Utes football team,1375203568
2008,Vanderbilt Commodores,Bobby Johnson,2002,Ted Cain,Bruce Fowler,2008 Vanderbilt Commodores football team,1369726019
2008,Virginia Cavaliers,Al Groh,2001,Mike Groh,Bob Pruett,2008 Virginia Cavaliers football team,1368417670
2008,Virginia Tech Hokies,Frank Beamer,1987,Bryan Stinespring,Bud Foster,2008 Virginia Tech Hokies football team,1344611635
2008,Wake Forest Demon Deacons,Jim Grobe,2001,Steed Lobotzke,Brad Lambert,2008 Wake Forest Demon Deacons football team,1337896233
2008,Washington Huskies,Tyrone Willingham,2005,Tim Lappano,Ed Donatell,2008 Washington Huskies football team,1339607964
2008,Washington State Cougars,Paul Wulff,2008,Todd Sturdy,Chris Ball / Jody Sears,2008 Washington State Cougars football team,1339607975
2008,West Virginia Mountaineers,Bill Stewart,2008,Jeff Mullen,Jeff Casteel,2008 West Virginia Mountaineers football team,1339225570
2008,Western Kentucky Hilltoppers,David Elson,2003,Kevin Wright,,2008 Western Kentucky Hilltoppers football team,1357968794
2008,Western Michigan Broncos,Bill Cubit,2005,,Steve Morrison,2008 Western Michigan Broncos football team,1368771311
2008,Wisconsin Badgers,Bret Bielema,2006,Paul Chryst,Dave Doeren,2008 Wisconsin Badgers football team,1339608003
2008,Wyoming Cowboys,Joe Glenn,2003,Bob Cole,Mike Breske,2008 Wyoming Cowboys football team,1353324655
2009,Air Force Falcons,Troy Calhoun,2007,Clay Hendrix / Blane Morgan / Mike Thiessen,Tim DeRuyter / Matt Wallerstedt / Charlton Warren,2009 Air Force Falcons football team,1334671568
2009,Akron Zips,J. D. Brookhart,2004,Shane Montgomery,Jim Fleming,2009 Akron Zips football team,1372075584
2009,Alabama Crimson Tide,Nick Saban,2007,Jim McElwain,Kirby Smart,2009 Alabama Crimson Tide football team,1369451266
2009,Arizona State Sun Devils,Dennis Erickson,2007,Rich Olson,Craig Bray,2009 Arizona State Sun Devils football team,1339608040
2009,Arizona Wildcats,Mike Stoops,2004,Sonny Dykes,Mark Stoops,2009 Arizona Wildcats football team,1354915918
2009,Arkansas Razorbacks,Bobby Petrino,2008,Paul Petrino,Willy Robinson,2009 Arkansas Razorbacks football team,1369461063
2009,Arkansas State Red Wolves,Steve Roberts,2002,Doug Ruse,Kevin Corless,2009 Arkansas State Red Wolves football team,1332278066
2009,Army Black Knights,Rich Ellerson,2009,Gene McKeehan / Ian Shields,Payam Saadat / Chris Smeland,2009 Army Black Knights football team,1339608057
2009,Auburn Tigers,Gene Chizik,2009,Gus Malzahn,Ted Roof,2009 Auburn Tigers football team,1337873178
2009,BYU Cougars,Bronco Mendenhall,2005,Robert Anae,Jaime Hill,2009 BYU Cougars football team,1339133416
2009,Ball State Cardinals,Stan Parrish,2009,Eddie Faulkner,Doug Graber,2009 Ball State Cardinals football team,1344431188
2009,Baylor Bears,Art Briles,2008,Randy Clements / Philip Montgomery,Brian Norwood,2009 Baylor Bears football team,1367223240
2009,Boise State Broncos,Chris Petersen,2006,Bryan Harsin,Justin Wilcox,2009 Boise State Broncos football team,1366591639
2009,Boston College Eagles,Frank Spaziani,2009,Gary Tranquill,Bill McGovern,2009 Boston College Eagles football team,1334837681
2009,Bowling Green Falcons,Dave Clawson,2009,Warren Ruggiero,Shannon Morrison,2009 Bowling Green Falcons football team,1339608078
2009,Buffalo Bulls,Turner Gill,2006,,Fred Reed,2009 Buffalo Bulls football team,1339608083
2009,California Golden Bears,Jeff Tedford,2002,Andy Ludwig,Bob Gregory,2009 California Golden Bears football team,1336313238
2009,Central Michigan Chippewas,Butch Jones,2007,Mike Bajakian,Tim Banks,2009 Central Michigan Chippewas football team,1344431130
2009,Cincinnati Bearcats,Brian Kelly,2007,Jeff Quinn,Bob Diaco,2009 Cincinnati Bearcats football team,1371412869
2009,Clemson Tigers,Dabo Swinney,2009,Billy Napier,Kevin Steele,2009 Clemson Tigers football team,1348299786
2009,Colorado Buffaloes,Dan Hawkins,2006,Eric Kiesau,Ron Collins,2009 Colorado Buffaloes football team,1327597251
2009,Colorado State Rams,Steve Fairchild,2008,Greg Peterson,Larry Kerr,2009 Colorado State Rams football team,1330375646
2009,Duke Blue Devils,David Cutcliffe,2008,Kurt Roper / Matt Luke,Mike MacIntyre / Marion Hobby,2009 Duke Blue Devils football team,1335923564
2009,East Carolina Pirates,Skip Holtz,2005,Steve Shankweiler / Todd Fitch,Greg Hudson,2009 East Carolina Pirates football team,1339608122
2009,Eastern Michigan Eagles,Ron English,2009,Ken Karcher,Eric Lewis,2009 Eastern Michigan Eagles football team,1365697315
2009,Florida Atlantic Owls,Howard Schnellenberger,2001,Daryl Jackson,Kirk Hoza,2009 Florida Atlantic Owls football team,1339608171
2009,Florida Gators,Urban Meyer,2005,Steve Addazio,Charlie Strong,2009 Florida Gators football team,1339608177
2009,Florida International Panthers,Mario Cristobal,2007,Bill Legg,Phil Galiano,2009 FIU Golden Panthers football team,1339608164
2009,Florida State Seminoles,Bobby Bowden,1976,Jimbo Fisher,Mickey Andrews,2009 Florida State Seminoles football team,1368842161
2009,Fresno State Bulldogs,Pat Hill,1997,,Randy Stewart,2009 Fresno State Bulldogs football team,1338770670
2009,Georgia Bulldogs,Mark Richt,2001,Mike Bobo,Willie Martinez,2009 Georgia Bulldogs football team,1337686888
2009,Georgia Tech Yellow Jackets,Paul Johnson,2008,,Dave Wommack,2009 Georgia Tech Yellow Jackets football team,1311953969
2009,Hawai'i Rainbow Warriors,Greg McMackin,2008,Ron Lee,Cal Lee,2009 Hawaii Warriors football team,1338727761
2009,Houston Cougars,Kevin Sumlin,2008,Dana Holgorsen,John Skladany,2009 Houston Cougars football team,1339224906
2009,Illinois Fighting Illini,Ron Zook,2005,Mike Schultz,Dan Disch / Curt Mallory,2009 Illinois Fighting Illini football team,1339608219
2009,Indiana Hoosiers,Bill Lynch,2007,Matt Canada,Brian George / Joe Palcic,2009 Indiana Hoosiers football team,1338059173
2009,Iowa Hawkeyes,Kirk Ferentz,1999,Ken O'Keefe,Norm Parker,2009 Iowa Hawkeyes football team,1369521588
2009,Iowa State Cyclones,Paul Rhoads,2009,Tom Herman,Wally Burnham,2009 Iowa State Cyclones football team,1339455319
2009,Kansas Jayhawks,Mark Mangino,2001,Ed Warinner,Clint Bowen / Bill Miller,2009 Kansas Jayhawks football team,1344431148
2009,Kansas State Wildcats,Bill Snyder,1992,Dana Dimel / Del Miller,Chris Cosh / Vic Koenning,2009 Kansas State Wildcats football team,1357968473
2009,Kent State Golden Flashes,Doug Martin,2004,A. J. Pratt,Pete Rekstis,2009 Kent State Golden Flashes football team,1348135073
2009,Kentucky Wildcats,Rich Brooks,2003,Joker Phillips,Steve Brown,2009 Kentucky Wildcats football team,1344431142
2009,LSU Tigers,Les Miles,2005,Gary Crowton,John Chavis,2009 LSU Tigers football team,1369533445
2009,Louisiana Ragin' Cajuns,Rickey Bustle,2002,Ron Hudson,Kevin Fouquier,2009 Louisiana–Lafayette Ragin' Cajuns football team,1370116091
2009,Louisiana Tech Bulldogs,Derek Dooley,2007,Frank Scelfo,Tommy Spangler,2009 Louisiana Tech Bulldogs football team,1339608281
2009,Louisville Cardinals,Steve Kragthorpe,2007,,Brent Guy,2009 Louisville Cardinals football team,1336994421
2009,Marshall Thundering Herd,Mark Snyder,,John Shannon,Rick Minter,2009 Marshall Thundering Herd football team,1339280416
2009,Maryland Terrapins,Ralph Friedgen,2001,James Franklin,Don Brown,2009 Maryland Terrapins football team,1370816623
2009,Memphis Tigers,Tommy West,2001,Clay Helton,Kenny Ingram,2009 Memphis Tigers football team,1339608317
2009,Miami (OH) RedHawks,Michael Haywood,2009,Peter Vaas,Carl Reese,2009 Miami RedHawks football team,1344431177
2009,Miami Hurricanes,Randy Shannon,2007,Mark Whipple,John Lovett,2009 Miami Hurricanes football team,1369945892
2009,Michigan State Spartans,Mark Dantonio,2007,Don Treadwell,Pat Narduzzi,2009 Michigan State Spartans football team,1368860916
2009,Michigan Wolverines,Rich Rodriguez,2008,Calvin Magee,Greg Robinson,2009 Michigan Wolverines football team,1369826112
2009,Middle Tennessee Blue Raiders,Rick Stockstill,2006,Tony Franklin,Manny Diaz,2009 Middle Tennessee Blue Raiders football team,1369557562
2009,Minnesota Golden Gophers,Tim Brewster,2007,Jedd Fisch,Kevin Cosgrove / Ronnie Lee,2009 Minnesota Golden Gophers football team,1347813018
2009,Mississippi State Bulldogs,Dan Mullen,2009,Les Koenning,Carl Torbush,2009 Mississippi State Bulldogs football team,1337604718
2009,Missouri Tigers,Gary Pinkel,2001,David Yost,Dave Steckel,2009 Missouri Tigers football team,1369560608
2009,NC State Wolfpack,Tom O'Brien,2007,Dana Bible,Mike Archer,2009 NC State Wolfpack football team,1339779456
2009,Navy Midshipmen,Ken Niumatalolo,2008,Ivin Jasper,Buddy Green,2009 Navy Midshipmen football team,1331025471
2009,Nebraska Cornhuskers,Bo Pelini,2008,Shawn Watson,Carl Pelini,2009 Nebraska Cornhuskers football team,1370116103
2009,Nevada Wolf Pack,Chris Ault,1985,Chris Klenakis,Nigel Burton,2009 Nevada Wolf Pack football team,1372719534
2009,New Mexico Lobos,Mike Locksley,2009,Darrell Dickey,Doug Mallory,2009 New Mexico Lobos football team,1330387152
2009,New Mexico State Aggies,DeWayne Walker,2009,Timm Rosenbach,,2009 New Mexico State Aggies football team,1339779469
2009,North Carolina Tar Heels,Butch Davis,2007,John Shoop,Everett Withers,2009 North Carolina Tar Heels football team,1336647824
2009,North Texas Mean Green,Todd Dodge,2007,Todd Ford,Gary DeLoach,2009 North Texas Mean Green football team,1339779487
2009,Northern Illinois Huskies,Jerry Kill,2008,Matt Limegrover,Tracy Claeys,2009 Northern Illinois Huskies football team,1339451127
2009,Northwestern Wildcats,Pat Fitzgerald,2006,Mick McCall,Mike Hankwitz,2009 Northwestern Wildcats football team,1367233064
2009,Notre Dame Fighting Irish,Charlie Weis,2005,,Corwin Brown / Jon Tenuta,2009 Notre Dame Fighting Irish football team,1369837987
2009,Ohio Bobcats,Frank Solich,2005,Tim Albin / Gerry Gdowski,Jim Burrow,2009 Ohio Bobcats football team,1369579033
2009,Ohio State Buckeyes,Jim Tressel,2001,Jim Bollman,Jim Heacock / Luke Fickell,2009 Ohio State Buckeyes football team,1369579046
2009,Oklahoma Sooners,Bob Stoops,1999,Kevin Wilson,Brent Venables,2009 Oklahoma Sooners football team,1369948214
2009,Oklahoma State Cowboys,Mike Gundy,2005,Gunter Brewer,Bill Young,2009 Oklahoma State Cowboys football team,1368921623
2009,Ole Miss Rebels,Houston Nutt,2008,Kent Austin,Tyrone Nix,2009 Ole Miss Rebels football team,1357968456
2009,Oregon Ducks,Chip Kelly,2009,Mark Helfrich,Nick Aliotti,2009 Oregon Ducks football team,1365737373
2009,Oregon State Beavers,Mike Riley,2001,Danny Langsdorf,Mark Banker,2009 Oregon State Beavers football team,1356640470
2009,Penn State Nittany Lions,Joe Paterno,1966,Galen Hall,Tom Bradley,2009 Penn State Nittany Lions football team,1369585982
2009,Pittsburgh Panthers,Dave Wannstedt,2005,Frank Cignetti Jr.,Phil Bennett,2009 Pittsburgh Panthers football team,1363849382
2009,Purdue Boilermakers,Danny Hope,,Gary Nord,Donn Landholm,2009 Purdue Boilermakers football team,1369596099
2009,Rice Owls,David Bailiff,2007,Ed Zaunbrecher,Chuck Driesbach / Craig Naivar,2009 Rice Owls football team,1339779524
2009,Rutgers Scarlet Knights,Greg Schiano,2001,Kirk Ciarrocca / Kyle Flood,Bob Fraser / Ed Pinkham,2009 Rutgers Scarlet Knights football team,1334038289
2009,SMU Mustangs,June Jones,2008,Dan Morrison,Tom Mason,2009 SMU Mustangs football team,1365876325
2009,San Diego State Aztecs,Brady Hoke,2009,Al Borges,Rocky Long,2009 San Diego State Aztecs football team,1339548591
2009,San José State Spartans,Dick Tomey,2005,Brent Brennan / Steve Morton,Keith Burns,2009 San Jose State Spartans football team,1330400891
2009,South Carolina Gamecocks,Steve Spurrier,2005,,Ellis Johnson,2009 South Carolina Gamecocks football team,1369610057
2009,South Florida Bulls,Jim Leavitt,1997,Mike Canales,Joe Tresey / David Blackwell,2009 South Florida Bulls football team,1339779559
2009,Southern Miss Golden Eagles,Larry Fedora,2008,Darrell Wyatt,Todd Bradford,2009 Southern Miss Golden Eagles football team,1339779564
2009,Stanford Cardinal,Jim Harbaugh,2007,David Shaw,Andy Buh / Ron Lynn,2009 Stanford Cardinal football team,1366427326
2009,Syracuse Orange,Doug Marrone,2009,Rob Spence,Scott Shafer,2009 Syracuse Orange football team,1336460864
2009,TCU Horned Frogs,Gary Patterson,2001,Jarrett Anderson / Justin Fuente,Dick Bumpas,2009 TCU Horned Frogs football team,1339456318
2009,Temple Owls,Al Golden,2006,Matt Rhule,Mark D'Onofrio,2009 Temple Owls football team,1344431195
2009,Tennessee Volunteers,Lane Kiffin,2009,Jim Chaney,Monte Kiffin,2009 Tennessee Volunteers football team,1369623223
2009,Texas A&M Aggies,Mike Sherman,2008,Nolan Cromwell,Joe Kines,2009 Texas A&M Aggies football team,1339779587
2009,Texas Longhorns,Mack Brown,1998,Greg Davis,Will Muschamp,2009 Texas Longhorns football team,1342191341
2009,Texas Tech Red Raiders,Mike Leach,2000,Lincoln Riley,Ruffin McNeill,2009 Texas Tech Red Raiders football team,1369865826
2009,Toledo Rockets,Tim Beckman,2009,,,2009 Toledo Rockets football team,1344431197
2009,Troy Trojans,Larry Blakeney,1991,Neal Brown,Jeremy Rowell,2009 Troy Trojans football team,1339779613
2009,Tulane Green Wave,Bob Toledo,2007,Dan Dodd,Steve Stanard,2009 Tulane Green Wave football team,1339779617
2009,Tulsa Golden Hurricane,Todd Graham,2007,Herb Hand,Keith Patterson / Paul Randolph / Ron West,2009 Tulsa Golden Hurricane football team,1368921217
2009,UAB Blazers,Neil Callaway,2007,Kim Helton,Eric Schumann,2009 UAB Blazers football team,1369628440
2009,UCF Knights,George O'Leary,2004,Charlie Taaffe,Dave Huxtable,2009 UCF Knights football team,1369628460
2009,UCLA Bruins,Rick Neuheisel,2008,Norm Chow,Chuck Bullough,2009 UCLA Bruins football team,1375110142
2009,UConn Huskies,Randy Edsall,1999,Joe Moorhead,Todd Orlando,2009 Connecticut Huskies football team,1339608113
2009,UL Monroe Warhawks,Charlie Weatherbie,2003,Jonas Weatherbie / Vance Vice,Troy Reffett,2009 Louisiana–Monroe Warhawks football team,1339608311
2009,UNLV Rebels,Mike Sanford Sr.,2005,Todd Berry,Dennis Therrell,2009 UNLV Rebels football team,1360639608
2009,USC Trojans,Pete Carroll,2001,John Morton,Rocky Seto,2009 USC Trojans football team,1342296408
2009,UTEP Miners,Mike Price,2004,Bob Connelly,Osia Lewis,2009 UTEP Miners football team,1339779664
2009,Utah State Aggies,Gary Andersen,2009,Dave Baldwin,Bill Busch,2009 Utah State Aggies football team,1339779672
2009,Utah Utes,Kyle Whittingham,2005,Dave Schramm,Kalani Sitake,2009 Utah Utes football team,1367293533
2009,Vanderbilt Commodores,Bobby Johnson,2002,Ted Cain,Jamie Bryant,2009 Vanderbilt Commodores football team,1356138156
2009,Virginia Cavaliers,Al Groh,2001,Gregg Brandon,Al Groh,2009 Virginia Cavaliers football team,1339779708
2009,Virginia Tech Hokies,Frank Beamer,1987,Bryan Stinespring,Bud Foster,2009 Virginia Tech Hokies football team,1339779719
2009,Wake Forest Demon Deacons,Jim Grobe,2001,Steed Lobotzke,Brad Lambert,2009 Wake Forest Demon Deacons football team,1365356489
2009,Washington Huskies,Steve Sarkisian,2009,Doug Nussmeier,Nick Holt,2009 Washington Huskies football team,1339779727
2009,Washington State Cougars,Paul Wulff,2008,Todd Sturdy,Chris Ball / Jody Sears,2009 Washington State Cougars football team,1339779734
2009,West Virginia Mountaineers,Bill Stewart,2008,Jeff Mullen,Jeff Casteel,2009 West Virginia Mountaineers football team,1339225542
2009,Western Kentucky Hilltoppers,David Elson,2003,Walter Wells,Mike Dietzel,2009 Western Kentucky Hilltoppers football team,1339779739
2009,Western Michigan Broncos,Bill Cubit,2005,,Steve Morrison,2009 Western Michigan Broncos football team,1368855194
2009,Wisconsin Badgers,Bret Bielema,2006,Paul Chryst,Dave Doeren,2009 Wisconsin Badgers football team,1339779759
2009,Wyoming Cowboys,Dave Christensen,2009,Marcus Arroyo,Marty English,2009 Wyoming Cowboys football team,1339027592
2010,Air Force Falcons,Troy Calhoun,2007,Clay Hendrix / Blane Morgan / Mike Thiessen,Matt Wallerstedt / Charlton Warren,2010 Air Force Falcons football team,1334673801
2010,Akron Zips,Rob Ianello,2010,John Latina,Curt Mallory,2010 Akron Zips football team,1339377303
2010,Alabama Crimson Tide,Nick Saban,2007,Jim McElwain,Kirby Smart,2010 Alabama Crimson Tide football team,1369903881
2010,Arizona State Sun Devils,Dennis Erickson,2007,Noel Mazzone,Craig Bray,2010 Arizona State Sun Devils football team,1339779780
2010,Arizona Wildcats,Mike Stoops,2004,Bill Bedenbaugh / Seth Littrell,Greg Brown / Tim Kish,2010 Arizona Wildcats football team,1362147806
2010,Arkansas Razorbacks,Bobby Petrino,2008,Garrick McGee,Willy Robinson,2010 Arkansas Razorbacks football team,1349689052
2010,Arkansas State Red Wolves,Steve Roberts,2002,Hugh Freeze,Kevin Corless,2010 Arkansas State Red Wolves football team,1353100295
2010,Army Black Knights,Rich Ellerson,2009,Ian Shields,Payam Saadat / Chris Smeland,2010 Army Black Knights football team,1339779804
2010,Auburn Tigers,Gene Chizik,2009,Gus Malzahn,Ted Roof,2010 Auburn Tigers football team,1365600713
2010,BYU Cougars,Bronco Mendenhall,2005,Robert Anae,Jaime Hill,2010 BYU Cougars football team,1370114929
2010,Ball State Cardinals,Stan Parrish,2009,Eddie Faulkner,Jay Hood,2010 Ball State Cardinals football team,1339779812
2010,Baylor Bears,Art Briles,2008,Randy Clements / Philip Montgomery,Brian Norwood,2010 Baylor Bears football team,1369920021
2010,Boise State Broncos,Chris Petersen,2006,Bryan Harsin,Pete Kwiatkowski,2010 Boise State Broncos football team,1371206966
2010,Boston College Eagles,Frank Spaziani,2009,Gary Tranquill,Bill McGovern,2010 Boston College Eagles football team,1334837713
2010,Bowling Green Falcons,Dave Clawson,,Warren Ruggiero,Mike Elko,2010 Bowling Green Falcons football team,1339779830
2010,Buffalo Bulls,Jeff Quinn,2010,Greg Forest,William Inge,2010 Buffalo Bulls football team,1349866744
2010,California Golden Bears,Jeff Tedford,2002,Andy Ludwig,Clancy Pendergast,2010 California Golden Bears football team,1336313339
2010,Central Michigan Chippewas,Dan Enos,2010,Mike Cummings,Joe Tumpkin,2010 Central Michigan Chippewas football team,1339779853
2010,Cincinnati Bearcats,Butch Jones,2010,Mike Bajakian,Tim Banks / John Jancek,2010 Cincinnati Bearcats football team,1369945591
2010,Clemson Tigers,Dabo Swinney,2009,Billy Napier,Kevin Steele,2010 Clemson Tigers football team,1370521769
2010,Colorado Buffaloes,Dan Hawkins,2006,Eric Kiesau,Ron Collins,2010 Colorado Buffaloes football team,1369948329
2010,Colorado State Rams,Steve Fairchild,2008,Pat Meyer,Larry Kerr,2010 Colorado State Rams football team,1330375690
2010,Duke Blue Devils,David Cutcliffe,2008,Kurt Roper,Jim Knowles,2010 Duke Blue Devils football team,1335923592
2010,East Carolina Pirates,Ruffin McNeill,2010,Lincoln Riley,Brian Mitchell,2010 East Carolina Pirates football team,1339779898
2010,Eastern Michigan Eagles,Ron English,2009,Ken Karcher,Phil Snow,2010 Eastern Michigan Eagles football team,1369965103
2010,Florida Atlantic Owls,Howard Schnellenberger,2001,Daryl Jackson,Kurt Van Valkenburgh,2010 Florida Atlantic Owls football team,1339779933
2010,Florida Gators,Urban Meyer,2005,Steve Addazio,Teryl Austin,2010 Florida Gators football team,1373266571
2010,Florida International Panthers,Mario Cristobal,2007,Scott Satterfield,Geoff Collins,2010 FIU Panthers football team,1375114981
2010,Florida State Seminoles,Jimbo Fisher,2010,James Coley,Mark Stoops,2010 Florida State Seminoles football team,1335933148
2010,Fresno State Bulldogs,Pat Hill,1997,,Randy Stewart,2010 Fresno State Bulldogs football team,1338770702
2010,Georgia Bulldogs,Mark Richt,2001,Mike Bobo,Todd Grantham,2010 Georgia Bulldogs football team,1311540303
2010,Georgia Tech Yellow Jackets,Paul Johnson,2008,,Al Groh,2010 Georgia Tech Yellow Jackets football team,1339779969
2010,Hawai'i Rainbow Warriors,Greg McMackin,2008,Nick Rolovich,Dave Aranda,2010 Hawaii Warriors football team,1338727784
2010,Houston Cougars,Kevin Sumlin,2008,Jason Phillips / Kliff Kingsbury,Brian Stewart,2010 Houston Cougars football team,1360228855
2010,Illinois Fighting Illini,Ron Zook,2005,Paul Petrino,Vic Koenning,2010 Illinois Fighting Illini football team,1339779983
2010,Indiana Hoosiers,Bill Lynch,2007,Matt Canada,Brian George / Joe Palcic,2010 Indiana Hoosiers football team,1333316342
2010,Iowa Hawkeyes,Kirk Ferentz,1999,Ken O'Keefe,Norm Parker,2010 Iowa Hawkeyes football team,1338060386
2010,Iowa State Cyclones,Paul Rhoads,2009,Tom Herman,Wally Burnham,2010 Iowa State Cyclones football team,1339455344
2010,Kansas Jayhawks,Turner Gill,2010,Chuck Long,Carl Torbush,2010 Kansas Jayhawks football team,1357968565
2010,Kansas State Wildcats,Bill Snyder,1992,Dana Dimel / Del Miller,Chris Cosh,2010 Kansas State Wildcats football team,1354155977
2010,Kent State Golden Flashes,Doug Martin,2004,,Pete Rekstis,2010 Kent State Golden Flashes football team,1348135082
2010,Kentucky Wildcats,Joker Phillips,2010,Randy Sanders,Steve Brown,2010 Kentucky Wildcats football team,1344431157
2010,LSU Tigers,Les Miles,2005,Gary Crowton,John Chavis,2010 LSU Tigers football team,1338051909
2010,Louisiana Ragin' Cajuns,Rickey Bustle,2002,Ron Hudson,Kevin Fouquier,2010 Louisiana–Lafayette Ragin' Cajuns football team,1339780042
2010,Louisiana Tech Bulldogs,Sonny Dykes,2010,Tony Franklin,Tommy Spangler,2010 Louisiana Tech Bulldogs football team,1368397111
2010,Louisville Cardinals,Charlie Strong,2010,Mike Sanford,Vance Bedford,2010 Louisville Cardinals football team,1336994498
2010,Marshall Thundering Herd,Doc Holliday,2010,Bill Legg / Tony Petersen,Chris Rippon,2010 Marshall Thundering Herd football team,1339280459
2010,Maryland Terrapins,Ralph Friedgen,2001,James Franklin,Don Brown,2010 Maryland Terrapins football team,1370816683
2010,Memphis Tigers,Larry Porter,2010,Eric Price,Jay Hopson,2010 Memphis Tigers football team,1339780061
2010,Miami (OH) RedHawks,Michael Haywood,2009,Morris Watts,Carl Reese,2010 Miami RedHawks football team,1339780078
2010,Miami Hurricanes,Randy Shannon,2007,Mark Whipple,John Lovett,2010 Miami Hurricanes football team,1369942341
2010,Michigan State Spartans,Mark Dantonio,2007,Don Treadwell,Pat Narduzzi,2010 Michigan State Spartans football team,1367909280
2010,Michigan Wolverines,Rich Rodriguez,2008,Calvin Magee,Greg Robinson,2010 Michigan Wolverines football team,1348644075
2010,Middle Tennessee Blue Raiders,Rick Stockstill,2006,Mike Schultz,Randall McCray,2010 Middle Tennessee Blue Raiders football team,1370043474
2010,Minnesota Golden Gophers,Tim Brewster,2007,Jeff Horton / Thomas Hammock,Kevin Cosgrove / Ronnie Lee,2010 Minnesota Golden Gophers football team,1347813954
2010,Mississippi State Bulldogs,Dan Mullen,2009,Les Koenning,Manny Diaz / Chris Wilson,2010 Mississippi State Bulldogs football team,1337604759
2010,Missouri Tigers,Gary Pinkel,2001,David Yost,Dave Steckel,2010 Missouri Tigers football team,1368944799
2010,NC State Wolfpack,Tom O'Brien,2007,Dana Bible,Mike Archer,2010 NC State Wolfpack football team,1339780111
2010,Navy Midshipmen,Ken Niumatalolo,2008,Ivin Jasper,Buddy Green,2010 Navy Midshipmen football team,1373537710
2010,Nebraska Cornhuskers,Bo Pelini,2008,Shawn Watson,Carl Pelini,2010 Nebraska Cornhuskers football team,1370116119
2010,Nevada Wolf Pack,Chris Ault,1985,,Andy Buh,2010 Nevada Wolf Pack football team,1360308232
2010,New Mexico Lobos,Mike Locksley,2009,Darrell Dickey,Doug Mallory,2010 New Mexico Lobos football team,1330387184
2010,New Mexico State Aggies,DeWayne Walker,2009,Mike Dunbar,,2010 New Mexico State Aggies football team,1339780122
2010,North Carolina Tar Heels,Butch Davis,2007,John Shoop,Everett Withers,2010 North Carolina Tar Heels football team,1367407131
2010,North Texas Mean Green,Todd Dodge,2007,Mike Canales,Gary DeLoach,2010 North Texas Mean Green football team,1339780156
2010,Northern Illinois Huskies,Jerry Kill,2008,Matt Limegrover,Tracy Claeys,2010 Northern Illinois Huskies football team,1359161739
2010,Northwestern Wildcats,Pat Fitzgerald,2006,Mick McCall,Mike Hankwitz,2010 Northwestern Wildcats football team,1339780172
2010,Notre Dame Fighting Irish,Brian Kelly,2010,Charley Molnar,Bob Diaco,2010 Notre Dame Fighting Irish football team,1374514333
2010,Ohio Bobcats,Frank Solich,2005,Tim Albin / Gerry Gdowski,Jim Burrow,2010 Ohio Bobcats football team,1339780175
2010,Ohio State Buckeyes,Jim Tressel,2001,Jim Bollman,Jim Heacock / Luke Fickell,2010 Ohio State Buckeyes football team,1331017042
2010,Oklahoma Sooners,Bob Stoops,1999,Kevin Wilson / Josh Heupel / Jay Norvell,Brent Venables,2010 Oklahoma Sooners football team,1338162712
2010,Oklahoma State Cowboys,Mike Gundy,2005,Dana Holgorsen,Bill Young,2010 Oklahoma State Cowboys football team,1339453426
2010,Ole Miss Rebels,Houston Nutt,2008,David Rader,Tyrone Nix,2010 Ole Miss Rebels football team,1332815875
2010,Oregon Ducks,Chip Kelly,2009,Mark Helfrich,Nick Aliotti,2010 Oregon Ducks football team,1365737273
2010,Oregon State Beavers,Mike Riley,2001,Danny Langsdorf,Mark Banker,2010 Oregon State Beavers football team,1328117339
2010,Penn State Nittany Lions,Joe Paterno,1966,Galen Hall,Tom Bradley,2010 Penn State Nittany Lions football team,1370086297
2010,Pittsburgh Panthers,Dave Wannstedt,2005,Frank Cignetti Jr. / Brian Angelichio,Phil Bennett,2010 Pittsburgh Panthers football team,1370096023
2010,Purdue Boilermakers,Danny Hope,,Gary Nord,Gary Emanuel,2010 Purdue Boilermakers football team,1344431174
2010,Rice Owls,David Bailiff,2007,David Beaty,Chuck Driesbach,2010 Rice Owls football team,1339780196
2010,Rutgers Scarlet Knights,Greg Schiano,2001,Kirk Ciarrocca / Kyle Flood,Bob Fraser / Ed Pinkham,2010 Rutgers Scarlet Knights football team,1334038361
2010,SMU Mustangs,June Jones,2008,,Tom Mason,2010 SMU Mustangs football team,1339379027
2010,San Diego State Aztecs,Brady Hoke,2009,Al Borges,Rocky Long,2010 San Diego State Aztecs football team,1339548276
2010,San José State Spartans,Mike MacIntyre,2010,Tim Landis,Kent Baer,2010 San Jose State Spartans football team,1336313377
2010,South Carolina Gamecocks,Steve Spurrier,2005,,Ellis Johnson,2010 South Carolina Gamecocks football team,1370124580
2010,South Florida Bulls,Skip Holtz,2010,Todd Fitch,Mark Snyder,2010 South Florida Bulls football team,1339780228
2010,Southern Miss Golden Eagles,Larry Fedora,2008,Blake Anderson,Todd Bradford,2010 Southern Miss Golden Eagles football team,1339780243
2010,Stanford Cardinal,Jim Harbaugh,2007,David Shaw,Vic Fangio,2010 Stanford Cardinal football team,1370129590
2010,Syracuse Orange,Doug Marrone,2009,,Scott Shafer,2010 Syracuse Orange football team,1336460894
2010,TCU Horned Frogs,Gary Patterson,2001,Jarrett Anderson / Justin Fuente,Dick Bumpas,2010 TCU Horned Frogs football team,1343756347
2010,Temple Owls,Al Golden,2006,Matt Rhule,Mark D'Onofrio,2010 Temple Owls football team,1339780249
2010,Tennessee Volunteers,Derek Dooley,2010,Jim Chaney,Justin Wilcox,2010 Tennessee Volunteers football team,1369927649
2010,Texas A&M Aggies,Mike Sherman,2008,,Tim DeRuyter,2010 Texas A&M Aggies football team,1370136884
2010,Texas Longhorns,Mack Brown,1998,Greg Davis,Will Muschamp,2010 Texas Longhorns football team,1357968420
2010,Texas Tech Red Raiders,Tommy Tuberville,2010,Neal Brown,James Willis,2010 Texas Tech Red Raiders football team,1375060269
2010,Toledo Rockets,Tim Beckman,2009,,,2010 Toledo Rockets football team,1339780294
2010,Troy Trojans,Larry Blakeney,1991,Kenny Edenfield,Jeremy Rowell,2010 Troy Trojans football team,1339780304
2010,Tulane Green Wave,Bob Toledo,2007,Dan Dodd,Steve Stanard,2010 Tulane Green Wave football team,1339780309
2010,Tulsa Golden Hurricane,Todd Graham,2007,Chad Morris,Keith Patterson / Paul Randolph,2010 Tulsa Golden Hurricane football team,1339780315
2010,UAB Blazers,Neil Callaway,2007,Kim Helton,Eric Schumann,2010 UAB Blazers football team,1339780321
2010,UCF Knights,George O'Leary,2004,Charlie Taaffe,Dave Huxtable,2010 UCF Knights football team,1373942279
2010,UCLA Bruins,Rick Neuheisel,2008,Norm Chow,Chuck Bullough,2010 UCLA Bruins football team,1375111425
2010,UConn Huskies,Randy Edsall,1999,Joe Moorhead,Todd Orlando,2010 Connecticut Huskies football team,1369952086
2010,UL Monroe Warhawks,Todd Berry,2010,Steve Farmer,Troy Reffett,2010 Louisiana–Monroe Warhawks football team,1339780048
2010,UNLV Rebels,Bobby Hauck,2010,Rob Phenicie,Kraig Paulson,2010 UNLV Rebels football team,1339780362
2010,USC Trojans,Lane Kiffin,2010,Kennedy Pola,Ed Orgeron,2010 USC Trojans football team,1368528264
2010,UTEP Miners,Mike Price,2004,Bob Connelly,Andre Patterson,2010 UTEP Miners football team,1339780368
2010,Utah State Aggies,Gary Andersen,2009,Dave Baldwin,Bill Busch,2010 Utah State Aggies football team,1339780380
2010,Utah Utes,Kyle Whittingham,2005,Dave Schramm / Aaron Roderick,Kalani Sitake,2010 Utah Utes football team,1339780398
2010,Vanderbilt Commodores,Robbie Caldwell,2010,Jimmy Kiser / Desmond Kitchings,Jamie Bryant,2010 Vanderbilt Commodores football team,1339780410
2010,Virginia Cavaliers,Mike London,2010,Bill Lazor,Jim Reid,2010 Virginia Cavaliers football team,1339780424
2010,Virginia Tech Hokies,Frank Beamer,1987,Bryan Stinespring,Bud Foster,2010 Virginia Tech Hokies football team,1339780439
2010,Wake Forest Demon Deacons,Jim Grobe,2001,Steed Lobotzke,Brad Lambert,2010 Wake Forest Demon Deacons football team,1370201439
2010,Washington Huskies,Steve Sarkisian,2009,Doug Nussmeier,Nick Holt,2010 Washington Huskies football team,1360400988
2010,Washington State Cougars,Paul Wulff,2008,Todd Sturdy,Chris Ball / Jody Sears,2010 Washington State Cougars football team,1339780456
2010,West Virginia Mountaineers,Bill Stewart,2008,Jeff Mullen,Jeff Casteel,2010 West Virginia Mountaineers football team,1339225525
2010,Western Kentucky Hilltoppers,Willie Taggart,2010,,Clint Bowen,2010 Western Kentucky Hilltoppers football team,1339780464
2010,Western Michigan Broncos,Bill Cubit,2005,,Dave Cohen,2010 Western Michigan Broncos football team,1339780471
2010,Wisconsin Badgers,Bret Bielema,2006,Paul Chryst,Dave Doeren,2010 Wisconsin Badgers football team,1365467925
2010,Wyoming Cowboys,Dave Christensen,2009,Marcus Arroyo,Marty English,2010 Wyoming Cowboys football team,1339027613
2011,Air Force Falcons,Troy Calhoun,2007,Clay Hendrix / Blane Morgan / Mike Thiessen,Matt Wallerstedt / Charlton Warren,2011 Air Force Falcons football team,1334674260
2011,Akron Zips,Rob Ianello,2010,John Latina,Kevin Cosgrove,2011 Akron Zips football team,1339377335
2011,Alabama Crimson Tide,Nick Saban,2007,Jim McElwain,Kirby Smart,2011 Alabama Crimson Tide football team,1365252184
2011,Arizona State Sun Devils,Dennis Erickson,2007,Noel Mazzone,Craig Bray,2011 Arizona State Sun Devils football team,1339780526
2011,Arizona Wildcats,Mike Stoops,2004,Seth Littrell,Tim Kish,2011 Arizona Wildcats football team,1339129412
2011,Arkansas Razorbacks,Bobby Petrino,2008,Garrick McGee,Willy Robinson,2011 Arkansas Razorbacks football team,1375128231
2011,Arkansas State Red Wolves,Hugh Freeze,2011,,Dave Wommack,2011 Arkansas State Red Wolves football team,1358020669
2011,Army Black Knights,Rich Ellerson,2009,Ian Shields,Payam Saadat / Chris Smeland,2011 Army Black Knights football team,1340830996
2011,Auburn Tigers,Gene Chizik,2009,Gus Malzahn,Ted Roof,2011 Auburn Tigers football team,1337873240
2011,BYU Cougars,Bronco Mendenhall,2005,Brandon Doman,,2011 BYU Cougars football team,1339133442
2011,Ball State Cardinals,Pete Lembo,2011,Rich Skrosky,Jay Bateman,2011 Ball State Cardinals football team,1339780565
2011,Baylor Bears,Art Briles,2008,Randy Clements / Philip Montgomery,Phil Bennett,2011 Baylor Bears football team,1334659093
2011,Boise State Broncos,Chris Petersen,2006,Brent Pease,Pete Kwiatkowski,2011 Boise State Broncos football team,1370402961
2011,Boston College Eagles,Frank Spaziani,2009,Kevin Rogers,Bill McGovern,2011 Boston College Eagles football team,1338364859
2011,Bowling Green Falcons,Dave Clawson,2009,Warren Ruggiero,Mike Elko,2011 Bowling Green Falcons football team,1350761628
2011,Buffalo Bulls,Jeff Quinn,2010,Alex Wood,William Inge,2011 Buffalo Bulls football team,1339676581
2011,California Golden Bears,Jeff Tedford,2002,Jim Michalczik,Clancy Pendergast,2011 California Golden Bears football team,1351143965
2011,Central Michigan Chippewas,Dan Enos,2010,Mike Cummings,Joe Tumpkin,2011 Central Michigan Chippewas football team,1339780858
2011,Cincinnati Bearcats,Butch Jones,2010,Mike Bajakian,Tim Banks / John Jancek,2011 Cincinnati Bearcats football team,1339780879
2011,Clemson Tigers,Dabo Swinney,2009,Chad Morris,Kevin Steele / Charlie Harbison,2011 Clemson Tigers football team,1335917646
2011,Colorado Buffaloes,Jon Embree,2011,Eric Bieniemy,Greg Brown,2011 Colorado Buffaloes football team,1370441121
2011,Colorado State Rams,Steve Fairchild,2008,Pat Meyer,Larry Kerr,2011 Colorado State Rams football team,1330375739
2011,Duke Blue Devils,David Cutcliffe,2008,Kurt Roper,Jim Knowles,2011 Duke Blue Devils football team,1368578052
2011,East Carolina Pirates,Ruffin McNeill,2010,Lincoln Riley,Brian Mitchell,2011 East Carolina Pirates football team,1339780916
2011,Eastern Michigan Eagles,Ron English,2009,Ken Karcher,Phil Snow,2011 Eastern Michigan Eagles football team,1365697199
2011,Florida Atlantic Owls,Howard Schnellenberger,2001,Daryl Jackson,Kurt Van Valkenburgh,2011 Florida Atlantic Owls football team,1339780987
2011,Florida Gators,Will Muschamp,2011,Charlie Weis,Dan Quinn,2011 Florida Gators football team,1367510751
2011,Florida International Panthers,Mario Cristobal,2007,Scott Satterfield,Todd Orlando,2011 FIU Panthers football team,1375115030
2011,Florida State Seminoles,Jimbo Fisher,2010,James Coley,Mark Stoops,2011 Florida State Seminoles football team,1335933184
2011,Fresno State Bulldogs,Pat Hill,1997,,Randy Stewart,2011 Fresno State Bulldogs football team,1338770719
2011,Georgia Bulldogs,Mark Richt,2001,Mike Bobo,Todd Grantham,2011 Georgia Bulldogs football team,1337896050
2011,Georgia Tech Yellow Jackets,Paul Johnson,2008,,Al Groh,2011 Georgia Tech Yellow Jackets football team,1339781030
2011,Hawai'i Rainbow Warriors,Greg McMackin,2008,Nick Rolovich,Dave Aranda,2011 Hawaii Warriors football team,1338727800
2011,Houston Cougars,Kevin Sumlin,2008,Jason Phillips / Kliff Kingsbury,Brian Stewart,2011 Houston Cougars football team,1374753467
2011,Illinois Fighting Illini,Ron Zook,2005,Paul Petrino,Vic Koenning,2011 Illinois Fighting Illini football team,1369007717
2011,Indiana Hoosiers,Kevin Wilson,2011,Kevin Johns / Rod Smith,Mike Ekeler / Doug Mallory,2011 Indiana Hoosiers football team,1333984922
2011,Iowa Hawkeyes,Kirk Ferentz,1999,Ken O'Keefe,Norm Parker,2011 Iowa Hawkeyes football team,1370555615
2011,Iowa State Cyclones,Paul Rhoads,2009,Tom Herman,Wally Burnham,2011 Iowa State Cyclones football team,1339455372
2011,Kansas Jayhawks,Turner Gill,2010,Chuck Long,Vic Shealy,2011 Kansas Jayhawks football team,1349692051
2011,Kansas State Wildcats,Bill Snyder,1992,Dana Dimel / Del Miller,Chris Cosh,2011 Kansas State Wildcats football team,1354110011
2011,Kent State Golden Flashes,Darrell Hazell,2011,Brian Rock,Jon Heacock,2011 Kent State Golden Flashes football team,1348135091
2011,Kentucky Wildcats,Joker Phillips,2010,Randy Sanders,Rick Minter,2011 Kentucky Wildcats football team,1344431167
2011,LSU Tigers,Les Miles,2005,Greg Studrawa,John Chavis,2011 LSU Tigers football team,1366999854
2011,Louisiana Ragin' Cajuns,Mark Hudspeth,2011,Jay Johnson,Greg Stewart,2011 Louisiana–Lafayette Ragin' Cajuns football team,1339781173
2011,Louisiana Tech Bulldogs,Sonny Dykes,2010,Tony Franklin,Tommy Spangler,2011 Louisiana Tech Bulldogs football team,1370586180
2011,Louisville Cardinals,Charlie Strong,2010,Mike Sanford / Shawn Watson,Vance Bedford,2011 Louisville Cardinals football team,1336994585
2011,Marshall Thundering Herd,Doc Holliday,2010,Bill Legg / Tony Petersen,Chris Rippon,2011 Marshall Thundering Herd football team,1339280500
2011,Maryland Terrapins,Randy Edsall,2011,Gary Crowton,Todd Bradford,2011 Maryland Terrapins football team,1370590601
2011,Memphis Tigers,Larry Porter,2010,Eric Price,Jay Hopson,2011 Memphis Tigers football team,1339781194
2011,Miami (OH) RedHawks,Don Treadwell,2011,John Klacik,Pete Rekstis,2011 Miami RedHawks football team,1339781213
2011,Miami Hurricanes,Al Golden,2011,Jedd Fisch,Mark D'Onofrio,2011 Miami Hurricanes football team,1369771879
2011,Michigan State Spartans,Mark Dantonio,2007,Dan Roushar,Pat Narduzzi,2011 Michigan State Spartans football team,1369007674
2011,Michigan Wolverines,Brady Hoke,2011,Al Borges,Greg Mattison,2011 Michigan Wolverines football team,1348644063
2011,Middle Tennessee Blue Raiders,Rick Stockstill,2006,Willie Simmons,Steve Ellis,2011 Middle Tennessee Blue Raiders football team,1370594544
2011,Minnesota Golden Gophers,Jerry Kill,2011,Matt Limegrover,Tracy Claeys,2011 Minnesota Golden Gophers football team,1370595257
2011,Mississippi State Bulldogs,Dan Mullen,2009,Les Koenning,Chris Wilson / Geoff Collins,2011 Mississippi State Bulldogs football team,1337896240
2011,Missouri Tigers,Gary Pinkel,2001,David Yost,Dave Steckel,2011 Missouri Tigers football team,1369136474
2011,NC State Wolfpack,Tom O'Brien,2007,Dana Bible,Mike Archer,2011 NC State Wolfpack football team,1339781254
2011,Navy Midshipmen,Ken Niumatalolo,2008,Ivin Jasper,Buddy Green,2011 Navy Midshipmen football team,1370624482
2011,Nebraska Cornhuskers,Bo Pelini,2008,Tim Beck,Carl Pelini,2011 Nebraska Cornhuskers football team,1370116144
2011,Nevada Wolf Pack,Chris Ault,1985,,Andy Buh,2011 Nevada Wolf Pack football team,1338768693
2011,New Mexico Lobos,Mike Locksley,2009,David Reaves,George Barlow,2011 New Mexico Lobos football team,1330387217
2011,New Mexico State Aggies,DeWayne Walker,2009,Doug Martin,Dale Lindsey,2011 New Mexico State Aggies football team,1339781273
2011,North Carolina Tar Heels,Everett Withers,2011,John Shoop,Art Kaufman,2011 North Carolina Tar Heels football team,1336647904
2011,North Texas Mean Green,Dan McCarney,2011,Mike Canales,Clint Bowen,2011 North Texas Mean Green football team,1339789289
2011,Northern Illinois Huskies,Dave Doeren,2011,Matt Canada,Jay Niemann,2011 Northern Illinois Huskies football team,1339451183
2011,Northwestern Wildcats,Pat Fitzgerald,2006,Mick McCall,Mike Hankwitz,2011 Northwestern Wildcats football team,1339789402
2011,Notre Dame Fighting Irish,Brian Kelly,2010,Charley Molnar,Bob Diaco,2011 Notre Dame Fighting Irish football team,1374514340
2011,Ohio Bobcats,Frank Solich,2005,Tim Albin / Gerry Gdowski,Jim Burrow,2011 Ohio Bobcats football team,1339789409
2011,Ohio State Buckeyes,Luke Fickell,,Jim Bollman,Jim Heacock,2011 Ohio State Buckeyes football team,1331017066
2011,Oklahoma Sooners,Bob Stoops,1999,Josh Heupel / Jay Norvell,Brent Venables,2011 Oklahoma Sooners football team,1338162791
2011,Oklahoma State Cowboys,Mike Gundy,2005,Todd Monken,Bill Young / Glenn Spencer,2011 Oklahoma State Cowboys football team,1339453403
2011,Ole Miss Rebels,Houston Nutt,2008,David Lee,Tyrone Nix,2011 Ole Miss Rebels football team,1370632299
2011,Oregon Ducks,Chip Kelly,2009,Mark Helfrich,Nick Aliotti,2011 Oregon Ducks football team,1365737183
2011,Oregon State Beavers,Mike Riley,2001,Danny Langsdorf,Mark Banker,2011 Oregon State Beavers football team,1328117319
2011,Penn State Nittany Lions,Joe Paterno,1966,Galen Hall,Tom Bradley / Larry Johnson / Ron Vanderlinden,2011 Penn State Nittany Lions football team,1363849693
2011,Pittsburgh Panthers,Todd Graham,2011,Calvin Magee / Mike Norvell,Keith Patterson / Paul Randolph,2011 Pittsburgh Panthers football team,1363849712
2011,Purdue Boilermakers,Danny Hope,2009,Gary Nord,Gary Emanuel,2011 Purdue Boilermakers football team,1367180625
2011,Rice Owls,David Bailiff,2007,John Reagan,Chuck Driesbach,2011 Rice Owls football team,1344627291
2011,Rutgers Scarlet Knights,Greg Schiano,2001,"Frank Cignetti, Jr.",Bob Fraser,2011 Rutgers Scarlet Knights football team,1334038412
2011,SMU Mustangs,June Jones,2008,,Tom Mason,2011 SMU Mustangs football team,1339378983
2011,San Diego State Aztecs,Rocky Long,2011,Andy Ludwig,,2011 San Diego State Aztecs football team,1339548261
2011,San José State Spartans,Mike MacIntyre,2010,John DeFilippo,Kent Baer,2011 San Jose State Spartans football team,1330397032
2011,South Carolina Gamecocks,Steve Spurrier,2005,,Ellis Johnson,2011 South Carolina Gamecocks football team,1370674392
2011,South Florida Bulls,Skip Holtz,2010,Todd Fitch,Mark Snyder,2011 South Florida Bulls football team,1339789563
2011,Southern Miss Golden Eagles,Larry Fedora,2008,Blake Anderson,Dan Disch / David Duggan,2011 Southern Miss Golden Eagles football team,1339789589
2011,Stanford Cardinal,David Shaw,2011,Pep Hamilton,Derek Mason / Jason Tarver,2011 Stanford Cardinal football team,1366426832
2011,Syracuse Orange,Doug Marrone,2009,Nathaniel Hackett,Scott Shafer,2011 Syracuse Orange football team,1336460920
2011,TCU Horned Frogs,Gary Patterson,2001,Jarrett Anderson / Justin Fuente,Dick Bumpas,2011 TCU Horned Frogs football team,1370682034
2011,Temple Owls,Steve Addazio,2011,Scot Loeffler,Chuck Heater,2011 Temple Owls football team,1339789622
2011,Tennessee Volunteers,Derek Dooley,2010,Jim Chaney,Justin Wilcox,2011 Tennessee Volunteers football team,1371595844
2011,Texas A&M Aggies,Mike Sherman,2008,,Tim DeRuyter,2011 Texas A&M Aggies football team,1346294672
2011,Texas Longhorns,Mack Brown,1998,Major Applewhite / Bryan Harsin,Manny Diaz,2011 Texas Longhorns football team,1370684501
2011,Texas Tech Red Raiders,Tommy Tuberville,2010,Neal Brown,Chad Glasgow,2011 Texas Tech Red Raiders football team,1375060415
2011,Toledo Rockets,Tim Beckman Matt Campbell,,Matt Campbell,Mike Ward / Paul Nichols,2011 Toledo Rockets football team,1339789704
2011,Troy Trojans,Larry Blakeney,1991,Kenny Edenfield,Jeremy Rowell,2011 Troy Trojans football team,1339789724
2011,Tulane Green Wave,Bob Toledo,2007,Greg Davis Jr. / Mark Hutson,Steve Stanard,2011 Tulane Green Wave football team,1356599176
2011,Tulsa Golden Hurricane,Bill Blankenship,2011,Greg Peterson,Brent Guy,2011 Tulsa Golden Hurricane football team,1339789747
2011,UAB Blazers,Neil Callaway,2007,Kim Helton,Tommy West,2011 UAB Blazers football team,1339789755
2011,UCF Knights,George O'Leary,2004,Charlie Taaffe,John Skladany,2011 UCF Knights football team,1368547740
2011,UCLA Bruins,Rick Neuheisel,2008,Mike Johnson,Joe Tresey,2011 UCLA Bruins football team,1370205171
2011,UConn Huskies,Paul Pasqualoni,2011,George DeLeone,Don Brown,2011 Connecticut Huskies football team,1370445747
2011,UL Monroe Warhawks,Todd Berry,2010,Steve Farmer,Troy Reffett,2011 Louisiana–Monroe Warhawks football team,1339781177
2011,UNLV Rebels,Bobby Hauck,2010,Rob Phenicie,Kraig Paulson,2011 UNLV Rebels football team,1339789807
2011,USC Trojans,Lane Kiffin,2010,Kennedy Polamalu,Ed Orgeron,2011 USC Trojans football team,1339228933
2011,UTEP Miners,Mike Price,2004,Bob Connelly,Andre Patterson,2011 UTEP Miners football team,1339789817
2011,Utah State Aggies,Gary Andersen,2009,Dave Baldwin,,2011 Utah State Aggies football team,1339789852
2011,Utah Utes,Kyle Whittingham,2005,Norm Chow,Kalani Sitake,2011 Utah Utes football team,1339789863
2011,Vanderbilt Commodores,James Franklin,2011,John Donovan,Bob Shoop / Brent Pry,2011 Vanderbilt Commodores football team,1339789880
2011,Virginia Cavaliers,Mike London,2010,Bill Lazor,Jim Reid,2011 Virginia Cavaliers football team,1339789896
2011,Virginia Tech Hokies,Frank Beamer,1987,Bryan Stinespring,Bud Foster,2011 Virginia Tech Hokies football team,1339789906
2011,Wake Forest Demon Deacons,Jim Grobe,2001,Steed Lobotzke,Tim Billings / Brian Knorr,2011 Wake Forest Demon Deacons football team,1336289361
2011,Washington Huskies,Steve Sarkisian,2009,Doug Nussmeier,Nick Holt,2011 Washington Huskies football team,1339789927
2011,Washington State Cougars,Paul Wulff,2008,Todd Sturdy,Chris Ball,2011 Washington State Cougars football team,1339789939
2011,West Virginia Mountaineers,Dana Holgorsen,2011,,Jeff Casteel,2011 West Virginia Mountaineers football team,1370726362
2011,Western Kentucky Hilltoppers,Willie Taggart,2010,Zach Azzanni,Lance Guidry,2011 Western Kentucky Hilltoppers football team,1339789970
2011,Western Michigan Broncos,Bill Cubit,2005,,Dave Cohen,2011 Western Michigan Broncos football team,1339789982
2011,Wisconsin Badgers,Bret Bielema,2006,Paul Chryst,Chris Ash / Charlie Partridge,2011 Wisconsin Badgers football team,1365808213
2011,Wyoming Cowboys,Dave Christensen,2009,Gregg Brandon,Marty English,2011 Wyoming Cowboys football team,1339027633
2012,Air Force Falcons,Troy Calhoun,2007,Clay Hendrix / Blane Morgan / Mike Thiessen,Charlton Warren / Steve Russ,2012 Air Force Falcons football team,1330389006
2012,Akron Zips,Terry Bowden,2012,,Chuck Amato,2012 Akron Zips football team,1367409361
2012,Alabama Crimson Tide,Nick Saban,2007,Doug Nussmeier,Kirby Smart,2012 Alabama Crimson Tide football team,1370897813
2012,Arizona State Sun Devils,Todd Graham,2012,Mike Norvell,Paul Randolph / Ron West,2012 Arizona State Sun Devils football team,1339790117
2012,Arizona Wildcats,Rich Rodriguez,2012,Calvin Magee / Rod Smith,Jeff Casteel,2012 Arizona Wildcats football team,1339129468
2012,Arkansas Razorbacks,John L. Smith,2012,Paul Petrino,Paul Haynes,2012 Arkansas Razorbacks football team,1339790127
2012,Arkansas State Red Wolves,Gus Malzahn,2012,Rhett Lashlee,John Thompson,2012 Arkansas State Red Wolves football team,1334326315
2012,Army Black Knights,Rich Ellerson,2009,Ian Shields,Payam Saadat / Chris Smeland,2012 Army Black Knights football team,1339790147
2012,Auburn Tigers,Gene Chizik,2009,Scot Loeffler,Brian VanGorder,2012 Auburn Tigers football team,1337873270
2012,BYU Cougars,Bronco Mendenhall,2005,Brandon Doman,,2012 BYU Cougars football team,1339133468
2012,Ball State Cardinals,Pete Lembo,2011,Rich Skrosky,Jay Bateman,2012 Ball State Cardinals football team,1339790165
2012,Baylor Bears,Art Briles,2008,Randy Clements / Philip Montgomery,Phil Bennett,2012 Baylor Bears football team,1370920847
2012,Boise State Broncos,Chris Petersen,2006,Robert Prince,Pete Kwiatkowski,2012 Boise State Broncos football team,1338870696
2012,Boston College Eagles,Frank Spaziani,2009,Doug Martin,Bill McGovern,2012 Boston College Eagles football team,1356587433
2012,Bowling Green Falcons,Dave Clawson,2009,Warren Ruggiero,Mike Elko,2012 Bowling Green Falcons football team,1366379035
2012,Buffalo Bulls,Jeff Quinn,2010,Alex Wood,Lou Tepper,2012 Buffalo Bulls football team,1347812540
2012,California Golden Bears,Jeff Tedford,2002,Jim Michalczik,Clancy Pendergast,2012 California Golden Bears football team,1365809253
2012,Central Michigan Chippewas,Dan Enos,2010,Mike Cummings,Joe Tumpkin,2012 Central Michigan Chippewas football team,1367674447
2012,Cincinnati Bearcats,Butch Jones,2010,Mike Bajakian,John Jancek,2012 Cincinnati Bearcats football team,1339790304
2012,Clemson Tigers,Dabo Swinney,2009,Chad Morris,Brent Venables / Charlie Harbison,2012 Clemson Tigers football team,1369016568
2012,Colorado Buffaloes,Jon Embree,2011,Eric Bieniemy,Greg Brown,2012 Colorado Buffaloes football team,1367510607
2012,Colorado State Rams,Jim McElwain,2012,Dave Baldwin,Marty English / Al Simmons,2012 Colorado State Rams football team,1330375780
2012,Duke Blue Devils,David Cutcliffe,2008,Kurt Roper,Jim Knowles,2012 Duke Blue Devils football team,1335923657
2012,East Carolina Pirates,Ruffin McNeill,2010,Lincoln Riley,Brian Mitchell,2012 East Carolina Pirates football team,1339790354
2012,Eastern Michigan Eagles,Ron English,2009,Ken Karcher,Phil Snow,2012 Eastern Michigan Eagles football team,1365697140
2012,Florida Atlantic Owls,Carl Pelini,2012,Brian Wright,Pete Rekstis,2012 Florida Atlantic Owls football team,1339790428
2012,Florida Gators,Will Muschamp,2011,Brent Pease,Dan Quinn,2012 Florida Gators football team,1339790439
2012,Florida International Panthers,Mario Cristobal,2007,Tim Cramsey,Todd Orlando,2012 FIU Panthers football team,1339790405
2012,Florida State Seminoles,Jimbo Fisher,2010,James Coley,Mark Stoops / D. J. Eliot,2012 Florida State Seminoles football team,1371021570
2012,Fresno State Bulldogs,Tim DeRuyter,2012,Dave Schramm,Nick Toth,2012 Fresno State Bulldogs football team,1345497282
2012,Georgia Bulldogs,Mark Richt,2001,Mike Bobo,Todd Grantham,2012 Georgia Bulldogs football team,1337686960
2012,Georgia Tech Yellow Jackets,Paul Johnson,2008,,Al Groh / Charles Kelly,2012 Georgia Tech Yellow Jackets football team,1360665061
2012,Hawai'i Rainbow Warriors,Norm Chow,2012,Tommy Lee,Thom Kaumeyer,2012 Hawaii Warriors football team,1338727821
2012,Houston Cougars,Tony Levine,2012,Mike Nesbitt / Travis Bush,Jamie Bryant,2012 Houston Cougars football team,1360237117
2012,Illinois Fighting Illini,Tim Beckman,2012,Billy Gonzales / Chris Beatty,Tim Banks,2012 Illinois Fighting Illini football team,1339790517
2012,Indiana Hoosiers,Kevin Wilson,2011,Kevin Johns / Seth Littrell,Mike Ekeler / Doug Mallory,2012 Indiana Hoosiers football team,1338061349
2012,Iowa Hawkeyes,Kirk Ferentz,1999,Greg Davis,Phil Parker,2012 Iowa Hawkeyes football team,1361966637
2012,Iowa State Cyclones,Paul Rhoads,2009,Courtney Messingham,Wally Burnham,2012 Iowa State Cyclones football team,1339455409
2012,Kansas Jayhawks,Charlie Weis,2012,,Dave Campo,2012 Kansas Jayhawks football team,1349692748
2012,Kansas State Wildcats,Bill Snyder,1992,Dana Dimel / Del Miller,Tom Hayes,2012 Kansas State Wildcats football team,1353151875
2012,Kent State Golden Flashes,Darrell Hazell,2011,Brian Rock,Jon Heacock,2012 Kent State Golden Flashes football team,1339289366
2012,Kentucky Wildcats,Joker Phillips,2010,Randy Sanders,Rick Minter,2012 Kentucky Wildcats football team,1338011831
2012,LSU Tigers,Les Miles,2005,Greg Studrawa,John Chavis,2012 LSU Tigers football team,1366999939
2012,Louisiana Ragin' Cajuns,Mark Hudspeth,2011,Jay Johnson,Greg Stewart,2012 Louisiana–Lafayette Ragin' Cajuns football team,1339790627
2012,Louisiana Tech Bulldogs,Sonny Dykes,2010,Tony Franklin,Tommy Spangler,2012 Louisiana Tech Bulldogs football team,1371053425
2012,Louisville Cardinals,Charlie Strong,2010,Shawn Watson,Vance Bedford,2012 Louisville Cardinals football team,1371053576
2012,Marshall Thundering Herd,Doc Holliday,2010,Bill Legg / Tony Petersen,Chris Rippon,2012 Marshall Thundering Herd football team,1339280547
2012,Maryland Terrapins,Randy Edsall,2011,Mike Locksley,Brian Stewart,2012 Maryland Terrapins football team,1371057169
2012,Massachusetts Minutemen,Charley Molnar,2012,Mike Kruczek,Phil Elmassian,2012 UMass Minutemen football team,1347811537
2012,Memphis Tigers,Justin Fuente,2012,Darrell Dickey,Barry Odom,2012 Memphis Tigers football team,1339790656
2012,Miami (OH) RedHawks,Don Treadwell,2011,John Klacik,Jay Peterson,2012 Miami RedHawks football team,1339790677
2012,Miami Hurricanes,Al Golden,2011,Jedd Fisch,Mark D'Onofrio,2012 Miami Hurricanes football team,1369772205
2012,Michigan State Spartans,Mark Dantonio,2007,Dan Roushar,Pat Narduzzi,2012 Michigan State Spartans football team,1371062266
2012,Michigan Wolverines,Brady Hoke,2011,Al Borges,Greg Mattison,2012 Michigan Wolverines football team,1371062561
2012,Middle Tennessee Blue Raiders,Rick Stockstill,2006,Buster Faulkner,Steve Ellis / Tyrone Nix,2012 Middle Tennessee Blue Raiders football team,1369082804
2012,Minnesota Golden Gophers,Jerry Kill,2011,Matt Limegrover,Tracy Claeys,2012 Minnesota Golden Gophers football team,1347814837
2012,Mississippi State Bulldogs,Dan Mullen,2009,Les Koenning,Chris Wilson / Geoff Collins,2012 Mississippi State Bulldogs football team,1337604845
2012,Missouri Tigers,Gary Pinkel,2001,David Yost,Dave Steckel,2012 Missouri Tigers football team,1371065022
2012,NC State Wolfpack,Tom O'Brien,2007,Dana Bible,Mike Archer,2012 NC State Wolfpack football team,1339790708
2012,Navy Midshipmen,Ken Niumatalolo,2008,Ivin Jasper,Buddy Green,2012 Navy Midshipmen football team,1371074832
2012,Nebraska Cornhuskers,Bo Pelini,2008,Tim Beck,John Papuchis,2012 Nebraska Cornhuskers football team,1370116180
2012,Nevada Wolf Pack,Chris Ault,1985,Nick Rolovich,Mike Bradeson,2012 Nevada Wolf Pack football team,1372717324
2012,New Mexico Lobos,Bob Davie,2012,Bob DeBesse,Jeff Mills,2012 New Mexico Lobos football team,1330387253
2012,New Mexico State Aggies,DeWayne Walker,2009,Jerry McManus,David Elson,2012 New Mexico State Aggies football team,1339790733
2012,North Carolina Tar Heels,Larry Fedora,2012,Blake Anderson,Dan Disch,2012 North Carolina Tar Heels football team,1336647932
2012,North Texas Mean Green,Dan McCarney,2011,Mike Canales,John Skladany,2012 North Texas Mean Green football team,1339790766
2012,Northern Illinois Huskies,Dave Doeren,2011,Mike Dunbar / Rod Carey,Jay Niemann / Ryan Nielsen,2012 Northern Illinois Huskies football team,1339451208
2012,Northwestern Wildcats,Pat Fitzgerald,2006,Mick McCall,Mike Hankwitz,2012 Northwestern Wildcats football team,1339790798
2012,Notre Dame Fighting Irish,Brian Kelly,2010,Chuck Martin,Bob Diaco / Kerry Cooks,2012 Notre Dame Fighting Irish football team,1374514349
2012,Ohio Bobcats,Frank Solich,2005,Tim Albin / Gerry Gdowski,Jim Burrow,2012 Ohio Bobcats football team,1339790810
2012,Ohio State Buckeyes,Urban Meyer,2012,Tom Herman / Ed Warinner,Luke Fickell / Everett Withers,2012 Ohio State Buckeyes football team,1371093365
2012,Oklahoma Sooners,Bob Stoops,1999,Josh Heupel / Jay Norvell,Mike Stoops,2012 Oklahoma Sooners football team,1338162834
2012,Oklahoma State Cowboys,Mike Gundy,2005,Todd Monken,Bill Young / Glenn Spencer,2012 Oklahoma State Cowboys football team,1373675116
2012,Ole Miss Rebels,Hugh Freeze,2012,Matt Luke / Dan Werner,Dave Wommack / Wesley McGriff,2012 Ole Miss Rebels football team,1332816088
2012,Oregon Ducks,Chip Kelly,2009,Mark Helfrich,Nick Aliotti,2012 Oregon Ducks football team,1365737016
2012,Oregon State Beavers,Mike Riley,2001,Danny Langsdorf,Mark Banker,2012 Oregon State Beavers football team,1347250821
2012,Penn State Nittany Lions,Bill O'Brien,2012,,Ted Roof,2012 Penn State Nittany Lions football team,1371102137
2012,Pittsburgh Panthers,Paul Chryst,2012,Joe Rudolph,Dave Huxtable,2012 Pittsburgh Panthers football team,1339291236
2012,Purdue Boilermakers,Danny Hope,2009,Gary Nord,Tim Tibesar,2012 Purdue Boilermakers football team,1371540731
2012,Rice Owls,David Bailiff,2007,John Reagan,Chris Thurmond,2012 Rice Owls football team,1339790843
2012,Rutgers Scarlet Knights,Kyle Flood,2012,Dave Brock,Robb Smith,2012 Rutgers Scarlet Knights football team,1374605408
2012,SMU Mustangs,June Jones,2008,Jason Phillips,Tom Mason,2012 SMU Mustangs football team,1339378944
2012,San Diego State Aztecs,Rocky Long,2011,Andy Ludwig,,2012 San Diego State Aztecs football team,1339548241
2012,San José State Spartans,Mike MacIntyre,2010,Brian Lindgren,Kent Baer,2012 San Jose State Spartans football team,1371132558
2012,South Alabama Jaguars,Joey Jones,2009,Robert Matthews,Bill Clark,2012 South Alabama Jaguars football team,1339790920
2012,South Carolina Gamecocks,Steve Spurrier,2005,Steve Spurrier Jr. / Shawn Elliott,Lorenzo Ward,2012 South Carolina Gamecocks football team,1371141343
2012,South Florida Bulls,Skip Holtz,2010,Todd Fitch,Chris Cosh,2012 South Florida Bulls football team,1339790963
2012,Southern Miss Golden Eagles,Ellis Johnson,2012,Steve Buckley,Tommy West,2012 Southern Miss Golden Eagles football team,1348079079
2012,Stanford Cardinal,David Shaw,2011,Pep Hamilton,Derek Mason,2012 Stanford Cardinal football team,1366426570
2012,Syracuse Orange,Doug Marrone,2009,Nathaniel Hackett,Scott Shafer,2012 Syracuse Orange football team,1336460943
2012,TCU Horned Frogs,Gary Patterson,2001,Jarrett Anderson / Rusty Burns,Dick Bumpas,2012 TCU Horned Frogs football team,1339456239
2012,Temple Owls,Steve Addazio,2011,Ryan Day,Chuck Heater,2012 Temple Owls football team,1339791064
2012,Tennessee Volunteers,Derek Dooley,2010,Jim Chaney,Sal Sunseri,2012 Tennessee Volunteers football team,1374155350
2012,Texas A&M Aggies,Kevin Sumlin,2012,Kliff Kingsbury,Mark Snyder / Marcel Yates,2012 Texas A&M Aggies football team,1374155412
2012,Texas Longhorns,Mack Brown,1998,Major Applewhite / Bryan Harsin,Manny Diaz,2012 Texas Longhorns football team,1367279190
2012,Texas State Bobcats,Dennis Franchione,2009,Mike Schultz / Jeff Conway,Craig Naivar,2012 Texas State Bobcats football team,1364974922
2012,Texas Tech Red Raiders,Tommy Tuberville,2010,Neal Brown,Art Kaufman,2012 Texas Tech Red Raiders football team,1371159474
2012,Toledo Rockets,Matt Campbell,2012,,Tom Matukewicz,2012 Toledo Rockets football team,1339791121
2012,Troy Trojans,Larry Blakeney,1991,Kenny Edenfield,Jeremy Rowell,2012 Troy Trojans football team,1339791135
2012,Tulane Green Wave,Curtis Johnson,2012,Eric Price,Jon Sumrall / Lionel Washington,2012 Tulane Green Wave football team,1371169753
2012,Tulsa Golden Hurricane,Bill Blankenship,2011,Greg Peterson,Brent Guy,2012 Tulsa Golden Hurricane football team,1339791151
2012,UAB Blazers,Garrick McGee,2012,Jeff Brohm,Reggie Johnson,2012 UAB Blazers football team,1339791160
2012,UCF Knights,George O'Leary,2004,Charlie Taaffe,Jim Fleming,2012 UCF Knights football team,1368548515
2012,UCLA Bruins,Jim L. Mora,2012,Noel Mazzone,Lou Spanos,2012 UCLA Bruins football team,1369056087
2012,UConn Huskies,Paul Pasqualoni,2011,George DeLeone,Don Brown,2012 Connecticut Huskies football team,1339790327
2012,UL Monroe Warhawks,Todd Berry,2010,Steve Farmer,Troy Reffett,2012 Louisiana–Monroe Warhawks football team,1339790635
2012,UNLV Rebels,Bobby Hauck,2010,Brent Myers,J. D. Williams,2012 UNLV Rebels football team,1339791219
2012,USC Trojans,Lane Kiffin,2010,Kennedy Polamalu,Ed Orgeron,2012 USC Trojans football team,1371174489
2012,UTEP Miners,Mike Price,2004,Aaron Price,Andre Patterson,2012 UTEP Miners football team,1339791227
2012,UTSA Roadrunners,Larry Coker,2011,Kevin Brown,Neal Neathery,2012 UTSA Roadrunners football team,1339791239
2012,Utah State Aggies,Gary Andersen,2009,Matt Wells,Dave Aranda,2012 Utah State Aggies football team,1339791263
2012,Utah Utes,Kyle Whittingham,2005,Brian Johnson,Kalani Sitake,2012 Utah Utes football team,1371223673
2012,Vanderbilt Commodores,James Franklin,2011,John Donovan,Bob Shoop / Brent Pry,2012 Vanderbilt Commodores football team,1339791289
2012,Virginia Cavaliers,Mike London,2010,Bill Lazor,Jim Reid,2012 Virginia Cavaliers football team,1339791314
2012,Virginia Tech Hokies,Frank Beamer,1987,Bryan Stinespring,Bud Foster,2012 Virginia Tech Hokies football team,1339791324
2012,Wake Forest Demon Deacons,Jim Grobe,2001,Steed Lobotzke,Brian Knorr,2012 Wake Forest Demon Deacons football team,1336289387
2012,Washington Huskies,Steve Sarkisian,2009,Eric Kiesau,Justin Wilcox,2012 Washington Huskies football team,1339791336
2012,Washington State Cougars,Mike Leach,2012,,Mike Breske,2012 Washington State Cougars football team,1339791357
2012,West Virginia Mountaineers,Dana Holgorsen,2011,Shannon Dawson,Joe DeForest / Keith Patterson,2012 West Virginia Mountaineers football team,1372241651
2012,Western Kentucky Hilltoppers,Willie Taggart,2010,,Lance Guidry,2012 Western Kentucky Hilltoppers football team,1339791383
2012,Western Michigan Broncos,Bill Cubit,2005,Ryan Cubit,Rich Nagy,2012 Western Michigan Broncos football team,1339791390
2012,Wisconsin Badgers,Bret Bielema,2006,Matt Canada,Chris Ash / Charlie Partridge,2012 Wisconsin Badgers football team,1369077906
2012,Wyoming Cowboys,Dave Christensen,2009,Gregg Brandon,Chris Tormey,2012 Wyoming Cowboys football team,1339027656
2013,Air Force Falcons,Troy Calhoun,2007,Clay Hendrix / Blane Morgan / Mike Thiessen,Charlton Warren / Steve Russ,2013 Air Force Falcons football team,1330388991
2013,Akron Zips,Terry Bowden,2012,A. J. Milwee,Chuck Amato,2013 Akron Zips football team,1371409988
2013,Alabama Crimson Tide,Nick Saban,2007,Doug Nussmeier,Kirby Smart,2013 Alabama Crimson Tide football team,1371685228
2013,Arizona State Sun Devils,Todd Graham,2012,Mike Norvell,Paul Randolph / Chris Ball,2013 Arizona State Sun Devils football team,1339791480
2013,Arizona Wildcats,Rich Rodriguez,2012,Calvin Magee / Rod Smith,Jeff Casteel,2013 Arizona Wildcats football team,1370398198
2013,Arkansas Razorbacks,Bret Bielema,2013,Jim Chaney,Chris Ash,2013 Arkansas Razorbacks football team,1339791489
2013,Arkansas State Red Wolves,Bryan Harsin,2013,Bush Hamdan / Eliah Drinkwitz,John Thompson,2013 Arkansas State Red Wolves football team,1332277947
2013,Army Black Knights,Rich Ellerson,2009,Ian Shields,Payam Saadat / Chris Smeland,2013 Army Black Knights football team,1339791504
2013,Auburn Tigers,Gus Malzahn,2013,Rhett Lashlee / Dameyune Craig,Ellis Johnson / Charlie Harbison,2013 Auburn Tigers football team,1374153437
2013,BYU Cougars,Bronco Mendenhall,2005,Robert Anae,Nick Howell,2013 BYU Cougars football team,1371824436
2013,Ball State Cardinals,Pete Lembo,2011,Rich Skrosky,Jay Bateman,2013 Ball State Cardinals football team,1339791522
2013,Baylor Bears,Art Briles,2008,Randy Clements / Philip Montgomery,Phil Bennett,2013 Baylor Bears football team,1371420608
2013,Boise State Broncos,Chris Petersen,2006,Robert Prince,Pete Kwiatkowski,2013 Boise State Broncos football team,1338870718
2013,Boston College Eagles,Steve Addazio,2013,Ryan Day,Don Brown,2013 Boston College Eagles football team,1371901871
2013,Bowling Green Falcons,Dave Clawson,2009,Warren Ruggiero,Mike Elko,2013 Bowling Green Falcons football team,1339791541
2013,Buffalo Bulls,Jeff Quinn,2010,Alex Wood,Lou Tepper,2013 Buffalo Bulls football team,1353627046
2013,California Golden Bears,Sonny Dykes,2013,Tony Franklin,Andy Buh,2013 California Golden Bears football team,1346294471
2013,Central Michigan Chippewas,Dan Enos,2010,Mike Cummings,Joe Tumpkin,2013 Central Michigan Chippewas football team,1367672417
2013,Cincinnati Bearcats,Tommy Tuberville,2013,Eddie Gran,Art Kaufman / Robert Prunty,2013 Cincinnati Bearcats football team,1339791753
2013,Clemson Tigers,Dabo Swinney,2009,Chad Morris,Brent Venables,2013 Clemson Tigers football team,1335917696
2013,Colorado Buffaloes,Mike MacIntyre,2013,Brian Lindgren,Kent Baer,2013 Colorado Buffaloes football team,1346291912
2013,Colorado State Rams,Jim McElwain,2012,Dave Baldwin,Marty English / Al Simmons,2013 Colorado State Rams football team,1365396086
2013,Duke Blue Devils,David Cutcliffe,2008,Kurt Roper,Jim Knowles,2013 Duke Blue Devils football team,1368579163
2013,East Carolina Pirates,Ruffin McNeill,2010,Lincoln Riley,Rick Smith,2013 East Carolina Pirates football team,1339791782
2013,Eastern Michigan Eagles,Ron English,2009,Stan Parrish,,2013 Eastern Michigan Eagles football team,1365696799
2013,Florida Atlantic Owls,Carl Pelini,2012,Brian Wright,Pete Rekstis / Jovan Dewitt,2013 Florida Atlantic Owls football team,1339791854
2013,Florida Gators,Will Muschamp,2011,Brent Pease,D. J. Durkin,2013 Florida Gators football team,1339791862
2013,Florida International Panthers,Ron Turner,2013,,Josh Conklin,2013 FIU Panthers football team,1339791834
2013,Florida State Seminoles,Jimbo Fisher,2010,,Jeremy Pruitt,2013 Florida State Seminoles football team,1371490316
2013,Fresno State Bulldogs,Tim DeRuyter,2012,Dave Schramm,Nick Toth,2013 Fresno State Bulldogs football team,1338770761
2013,Georgia Bulldogs,Mark Richt,2001,Mike Bobo,Todd Grantham,2013 Georgia Bulldogs football team,1373969362
2013,Georgia State Panthers,Trent Miles,2013,Jeff Jagodzinski,Jesse Minter,2013 Georgia State Panthers football team,1339791902
2013,Georgia Tech Yellow Jackets,Paul Johnson,2008,,Ted Roof,2013 Georgia Tech Yellow Jackets football team,1373969430
2013,Hawai'i Rainbow Warriors,Norm Chow,2012,,Thom Kaumeyer,2013 Hawaii Rainbow Warriors football team,1338727846
2013,Houston Cougars,Tony Levine,2012,Doug Meacham,David Gibbs,2013 Houston Cougars football team,1339224975
2013,Idaho Vandals,Paul Petrino,2013,Kris Cinkovich,Ronnie Lee,2013 Idaho Vandals football team,1339791951
2013,Illinois Fighting Illini,Tim Beckman,2012,Bill Cubit,Tim Banks,2013 Illinois Fighting Illini football team,1365257071
2013,Indiana Hoosiers,Kevin Wilson,2011,Kevin Johns / Seth Littrell,William Inge / Doug Mallory,2013 Indiana Hoosiers football team,1354217995
2013,Iowa Hawkeyes,Kirk Ferentz,1999,Greg Davis,Phil Parker,2013 Iowa Hawkeyes football team,1360936472
2013,Iowa State Cyclones,Paul Rhoads,2009,Courtney Messingham,Wally Burnham,2013 Iowa State Cyclones football team,1339455439
2013,Kansas Jayhawks,Charlie Weis,2012,,Dave Campo,2013 Kansas Jayhawks football team,1349693028
2013,Kansas State Wildcats,Bill Snyder,1992,Dana Dimel / Del Miller,Tom Hayes,2013 Kansas State Wildcats football team,1349690917
2013,Kent State Golden Flashes,Paul Haynes,2013,Brian Rock,Brian George,2013 Kent State Golden Flashes football team,1348135115
2013,Kentucky Wildcats,Mark Stoops,2013,Neal Brown,D. J. Eliot,2013 Kentucky Wildcats football team,1351558989
2013,LSU Tigers,Les Miles,2005,Cam Cameron,John Chavis,2013 LSU Tigers football team,1338051982
2013,Louisiana Ragin' Cajuns,Mark Hudspeth,2011,Jay Johnson,James Willis,2013 Louisiana–Lafayette Ragin' Cajuns football team,1339792095
2013,Louisiana Tech Bulldogs,Skip Holtz,2013,Tony Petersen,Kim Dameron,2013 Louisiana Tech Bulldogs football team,1369438060
2013,Louisville Cardinals,Charlie Strong,2010,Shawn Watson,Vance Bedford,2013 Louisville Cardinals football team,1336994720
2013,Marshall Thundering Herd,Doc Holliday,2010,Bill Legg,Chuck Heater,2013 Marshall Thundering Herd football team,1339280600
2013,Maryland Terrapins,Randy Edsall,2011,Mike Locksley,Brian Stewart,2013 Maryland Terrapins football team,1333326874
2013,Massachusetts Minutemen,Charley Molnar,2012,John Bond,Phil Elmassian,2013 UMass Minutemen football team,1347811577
2013,Memphis Tigers,Justin Fuente,2012,Darrell Dickey,Barry Odom,2013 Memphis Tigers football team,1339792134
2013,Miami (OH) RedHawks,Don Treadwell,2011,John Klacik / Mike Bath,Jay Peterson,2013 Miami RedHawks football team,1339792167
2013,Miami Hurricanes,Al Golden,2011,James Coley,Mark D'Onofrio,2013 Miami Hurricanes football team,1339792157
2013,Michigan State Spartans,Mark Dantonio,2007,Dave Warner / Jim Bollman,Pat Narduzzi,2013 Michigan State Spartans football team,1367909997
2013,Michigan Wolverines,Brady Hoke,2011,Al Borges,Greg Mattison,2013 Michigan Wolverines football team,1357736803
2013,Middle Tennessee Blue Raiders,Rick Stockstill,2006,Buster Faulkner,Steve Ellis / Tyrone Nix,2013 Middle Tennessee Blue Raiders football team,1339792193
2013,Minnesota Golden Gophers,Jerry Kill,2011,Matt Limegrover,Tracy Claeys,2013 Minnesota Golden Gophers football team,1347814906
2013,Mississippi State Bulldogs,Dan Mullen,2009,Les Koenning,Geoff Collins,2013 Mississippi State Bulldogs football team,1371543550
2013,Missouri Tigers,Gary Pinkel,2001,Josh Henson,Dave Steckel,2013 Missouri Tigers football team,1371544722
2013,NC State Wolfpack,Dave Doeren,2013,Matt Canada,Dave Huxtable,2013 NC State Wolfpack football team,1339792222
2013,Navy Midshipmen,Ken Niumatalolo,2008,Ivin Jasper,Buddy Green,2013 Navy Midshipmen football team,1359681616
2013,Nebraska Cornhuskers,Bo Pelini,2008,Tim Beck,John Papuchis,2013 Nebraska Cornhuskers football team,1370116198
2013,Nevada Wolf Pack,Brian Polian,2013,Nick Rolovich,Scottie Hazelton / Bill Teerlinck,2013 Nevada Wolf Pack football team,1372720557
2013,New Mexico Lobos,Bob Davie,2012,Bob DeBesse,Jeff Mills,2013 New Mexico Lobos football team,1330387290
2013,New Mexico State Aggies,Doug Martin,2013,Gregg Brandon,David Elson,2013 New Mexico State Aggies football team,1339792252
2013,North Carolina Tar Heels,Larry Fedora,2012,Blake Anderson,Dan Disch,2013 North Carolina Tar Heels football team,1336647964
2013,North Texas Mean Green,Dan McCarney,2011,Mike Canales,John Skladany,2013 North Texas Mean Green football team,1339792313
2013,Northern Illinois Huskies,Rod Carey,2013,Bob Cole,Jay Niemann,2013 Northern Illinois Huskies football team,1339451235
2013,Northwestern Wildcats,Pat Fitzgerald,2006,Mick McCall,Mike Hankwitz,2013 Northwestern Wildcats football team,1339792355
2013,Notre Dame Fighting Irish,Brian Kelly,2010,Chuck Martin,Bob Diaco / Kerry Cooks,2013 Notre Dame Fighting Irish football team,1374514357
2013,Ohio Bobcats,Frank Solich,2005,Tim Albin,Jim Burrow,2013 Ohio Bobcats football team,1339792362
2013,Ohio State Buckeyes,Urban Meyer,2012,Tom Herman / Ed Warinner,Luke Fickell / Everett Withers,2013 Ohio State Buckeyes football team,1365339572
2013,Oklahoma Sooners,Bob Stoops,1999,Josh Heupel / Jay Norvell,Mike Stoops,2013 Oklahoma Sooners football team,1375079088
2013,Oklahoma State Cowboys,Mike Gundy,2005,Mike Yurcich,Glenn Spencer,2013 Oklahoma State Cowboys football team,1371891821
2013,Ole Miss Rebels,Hugh Freeze,2012,Matt Luke / Dan Werner,Dave Wommack / Jason Jones,2013 Ole Miss Rebels football team,1332816154
2013,Oregon Ducks,Mark Helfrich,2013,Scott Frost,Nick Aliotti,2013 Oregon Ducks football team,1371580891
2013,Oregon State Beavers,Mike Riley,2001,Danny Langsdorf,Mark Banker,2013 Oregon State Beavers football team,1371581109
2013,Penn State Nittany Lions,Bill O'Brien,2012,,John Butler,2013 Penn State Nittany Lions football team,1366397376
2013,Pittsburgh Panthers,Paul Chryst,2012,Joe Rudolph,Matt House,2013 Pittsburgh Panthers football team,1339291192
2013,Purdue Boilermakers,Darrell Hazell,2013,John Shoop,Greg Hudson,2013 Purdue Boilermakers football team,1367151934
2013,Rice Owls,David Bailiff,2007,John Reagan,Chris Thurmond,2013 Rice Owls football team,1339792403
2013,Rutgers Scarlet Knights,Kyle Flood,2012,Ron Prince,Dave Cohen / Joe Rossi,2013 Rutgers Scarlet Knights football team,1334038525
2013,SMU Mustangs,June Jones,2008,Hal Mumme / Jason Phillips,Tom Mason,2013 SMU Mustangs football team,1339378870
2013,San Diego State Aztecs,Rocky Long,2011,Bob Toledo,,2013 San Diego State Aztecs football team,1339548210
2013,San José State Spartans,Ron Caragher,2013,Jimmie Dougherty,Kenwick Thompson,2013 San Jose State Spartans football team,1330396969
2013,South Alabama Jaguars,Joey Jones,2009,Robert Matthews,Kevin Sherrer,2013 South Alabama Jaguars football team,1339792500
2013,South Carolina Gamecocks,Steve Spurrier,2005,Steve Spurrier Jr. / Shawn Elliot,Lorenzo Ward,2013 South Carolina Gamecocks football team,1371617088
2013,South Florida Bulls,Willie Taggart,2013,Walt Wells,Chuck Bresnahan,2013 South Florida Bulls football team,1339792536
2013,Southern Miss Golden Eagles,Todd Monken,2013,Marcus Arroyo,David Duggan,2013 Southern Miss Golden Eagles football team,1339792561
2013,Stanford Cardinal,David Shaw,2011,Mike Bloomgren,Derek Mason,2013 Stanford Cardinal football team,1366426301
2013,Syracuse Orange,Scott Shafer,2013,George McDonald,Chuck Bullough,2013 Syracuse Orange football team,1338061999
2013,TCU Horned Frogs,Gary Patterson,2001,Jarrett Anderson / Rusty Burns,Dick Bumpas,2013 TCU Horned Frogs football team,1339456218
2013,Temple Owls,Matt Rhule,2013,Marcus Satterfield,Phil Snow,2013 Temple Owls football team,1339792595
2013,Tennessee Volunteers,Butch Jones,2013,Mike Bajakian,John Jancek,2013 Tennessee Volunteers football team,1339792613
2013,Texas A&M Aggies,Kevin Sumlin,2012,Clarence McKinney / Jake Spavital,Mark Snyder / Marcel Yates,2013 Texas A&M Aggies football team,1371629661
2013,Texas Longhorns,Mack Brown,1998,Major Applewhite / Darrell Wyatt,Greg Robinson,2013 Texas Longhorns football team,1371629724
2013,Texas State Bobcats,Dennis Franchione,2009,Mike Schultz / Jeff Conway,Craig Naivar,2013 Texas State Bobcats football team,1339792645
2013,Texas Tech Red Raiders,Kliff Kingsbury,2013,Sonny Cumbie / Eric Morris,Matt Wallerstedt / Mike Smith,2013 Texas Tech Red Raiders football team,1369865646
2013,Toledo Rockets,Matt Campbell,2012,Jason Candle / Louis Ayeni,Tom Matukewicz,2013 Toledo Rockets football team,1343008691
2013,Troy Trojans,Larry Blakeney,1991,Kenny Edenfield,Wayne Bolt,2013 Troy Trojans football team,1339792679
2013,Tulane Green Wave,Curtis Johnson,2012,Eric Price,Jon Sumrall / Lionel Washington,2013 Tulane Green Wave football team,1339792687
2013,Tulsa Golden Hurricane,Bill Blankenship,2011,Greg Peterson,Brent Guy,2013 Tulsa Golden Hurricane football team,1339792696
2013,UAB Blazers,Garrick McGee,2012,Richard Owens,Reggie Johnson,2013 UAB Blazers football team,1339792702
2013,UCF Knights,George O'Leary,2004,Charlie Taaffe,Jim Fleming,2013 UCF Knights football team,1372805240
2013,UCLA Bruins,Jim L. Mora,2012,Noel Mazzone,Lou Spanos,2013 UCLA Bruins football team,1367524460
2013,UConn Huskies,Paul Pasqualoni,2011,T. J. Weist,Hank Hughes,2013 UConn Huskies football team,1339792760
2013,UL Monroe Warhawks,Todd Berry,2010,Steve Farmer,Troy Reffett,2013 Louisiana–Monroe Warhawks football team,1344431203
2013,UNLV Rebels,Bobby Hauck,2010,Timm Rosenbach,Tim Hauck,2013 UNLV Rebels football team,1339792771
2013,USC Trojans,Lane Kiffin,2010,Clay Helton,Clancy Pendergast,2013 USC Trojans football team,1365334833
2013,UTEP Miners,Sean Kugler,2013,Patrick Higgins,Scott Stoker,2013 UTEP Miners football team,1339792782
2013,UTSA Roadrunners,Larry Coker,2011,Kevin Brown,Neal Neathery,2013 UTSA Roadrunners football team,1339792795
2013,Utah State Aggies,Matt Wells,2013,Kevin McGiven,Todd Orlando,2013 Utah State Aggies football team,1371645014
2013,Utah Utes,Kyle Whittingham,2005,Brian Johnson / Dennis Erickson,Kalani Sitake,2013 Utah Utes football team,1371645034
2013,Vanderbilt Commodores,James Franklin,2011,John Donovan,Bob Shoop / Brent Pry,2013 Vanderbilt Commodores football team,1369028176
2013,Virginia Cavaliers,Mike London,2010,Steve Fairchild,Jon Tenuta,2013 Virginia Cavaliers football team,1371649941
2013,Virginia Tech Hokies,Frank Beamer,1987,Scot Loeffler,Bud Foster,2013 Virginia Tech Hokies football team,1339792966
2013,Wake Forest Demon Deacons,Jim Grobe,2001,Steed Lobotzke,Brian Knorr,2013 Wake Forest Demon Deacons football team,1336289415
2013,Washington Huskies,Steve Sarkisian,2009,Eric Kiesau,Justin Wilcox,2013 Washington Huskies football team,1339792983
2013,Washington State Cougars,Mike Leach,2012,,Mike Breske,2013 Washington State Cougars football team,1342696528
2013,West Virginia Mountaineers,Dana Holgorsen,2011,Shannon Dawson,Keith Patterson,2013 West Virginia Mountaineers football team,1373281199
2013,Western Kentucky Hilltoppers,Bobby Petrino,2013,Jeff Brohm,Nick Holt,2013 Western Kentucky Hilltoppers football team,1339793009
2013,Western Michigan Broncos,P. J. Fleck,2013,Kirk Ciarrocca,Ed Pinkham,2013 Western Michigan Broncos football team,1339793026
2013,Wisconsin Badgers,Gary Andersen,2013,Andy Ludwig,Dave Aranda,2013 Wisconsin Badgers football team,1350552015
2013,Wyoming Cowboys,Dave Christensen,2009,Pete Kaligis / Jim Harding,Chris Tormey / Jamar Cain,2013 Wyoming Cowboys football team,1339027679
2014,Air Force Falcons,Troy Calhoun,2007,Mike Thiessen,Steve Russ,2014 Air Force Falcons football team,1367373578
2014,Akron Zips,Terry Bowden,2012,A. J. Milwee,Chuck Amato,2014 Akron Zips football team,1367410041
2014,Alabama Crimson Tide,Nick Saban,2007,Lane Kiffin,Kirby Smart,2014 Alabama Crimson Tide football team,1371685336
2014,App State Mountaineers,Scott Satterfield,2013,Frank Ponce / Dwayne Ledford,Nate Woody,2014 Appalachian State Mountaineers football team,1349011603
2014,Arizona State Sun Devils,Todd Graham,2012,Mike Norvell,Keith Patterson / Chris Ball,2014 Arizona State Sun Devils football team,1339793169
2014,Arizona Wildcats,Rich Rodriguez,2012,Calvin Magee / Rod Smith,Jeff Casteel,2014 Arizona Wildcats football team,1371421023
2014,Arkansas Razorbacks,Bret Bielema,2013,Jim Chaney,Robb Smith,2014 Arkansas Razorbacks football team,1339793189
2014,Arkansas State Red Wolves,Blake Anderson,2014,Walt Bell / Glen Elarbee,Joe Cauthen,2014 Arkansas State Red Wolves football team,1332277924
2014,Army Black Knights,Jeff Monken,2014,Brent Davis,Jay Bateman,2014 Army Black Knights football team,1339793205
2014,Auburn Tigers,Gus Malzahn,2013,Rhett Lashlee / Dameyune Craig,Ellis Johnson / Charlie Harbison,2014 Auburn Tigers football team,1366883101
2014,BYU Cougars,Bronco Mendenhall,2005,Robert Anae,Nick Howell,2014 BYU Cougars football team,1339133526
2014,Ball State Cardinals,Pete Lembo,2011,Joey Lynch,Kevin Kelly,2014 Ball State Cardinals football team,1339793217
2014,Baylor Bears,Art Briles,2008,Philip Montgomery,Phil Bennett,2014 Baylor Bears football team,1369077009
2014,Boise State Broncos,Bryan Harsin,2014,Mike Sanford Jr.,Marcel Yates,2014 Boise State Broncos football team,1338870741
2014,Boston College Eagles,Steve Addazio,2013,Ryan Day,Don Brown,2014 Boston College Eagles football team,1338072583
2014,Bowling Green Falcons,Dino Babers,2014,Sterlin Gilbert,Kim McCloud,2014 Bowling Green Falcons football team,1352872003
2014,Buffalo Bulls,Jeff Quinn,2010,Alex Wood,Lou Tepper,2014 Buffalo Bulls football team,1347812637
2014,California Golden Bears,Sonny Dykes,2013,Tony Franklin,Art Kaufman,2014 California Golden Bears football team,1365708767
2014,Central Michigan Chippewas,Dan Enos,2010,Morris Watts,Joe Tumpkin,2014 Central Michigan Chippewas football team,1339793287
2014,Cincinnati Bearcats,Tommy Tuberville,2013,Eddie Gran,Robert Prunty / Hank Hughes,2014 Cincinnati Bearcats football team,1339793340
2014,Clemson Tigers,Dabo Swinney,2009,Chad Morris,Brent Venables,2014 Clemson Tigers football team,1370382328
2014,Colorado Buffaloes,Mike MacIntyre,2013,Brian Lindgren,Kent Baer,2014 Colorado Buffaloes football team,1327597027
2014,Colorado State Rams,Jim McElwain,2012,Dave Baldwin,Marty English / Al Simmons,2014 Colorado State Rams football team,1330375867
2014,Duke Blue Devils,David Cutcliffe,2008,Scottie Montgomery,Jim Knowles,2014 Duke Blue Devils football team,1368579465
2014,East Carolina Pirates,Ruffin McNeill,2010,Lincoln Riley,Rick Smith,2014 East Carolina Pirates football team,1339793384
2014,Eastern Michigan Eagles,Chris Creighton,2014,Kalen DeBoer,Brad McCaslin,2014 Eastern Michigan Eagles football team,1339793401
2014,Florida Atlantic Owls,Charlie Partridge,2014,Brian Wright,Roc Bellantoni,2014 Florida Atlantic Owls football team,1339793453
2014,Florida Gators,Will Muschamp,2011,Kurt Roper,D. J. Durkin,2014 Florida Gators football team,1371897206
2014,Florida International Panthers,Ron Turner,2013,Steve Shankweiler,Josh Conklin,2014 FIU Panthers football team,1339793434
2014,Florida State Seminoles,Jimbo Fisher,2010,Lawrence Dawsey / Randy Sanders,Charles Kelly,2014 Florida State Seminoles football team,1365331008
2014,Fresno State Bulldogs,Tim DeRuyter,2012,Dave Schramm,Nick Toth,2014 Fresno State Bulldogs football team,1338770794
2014,Georgia Bulldogs,Mark Richt,2001,Mike Bobo,Jeremy Pruitt,2014 Georgia Bulldogs football team,1337687006
2014,Georgia Southern Eagles,Willie Fritz,2014,Doug Ruse,Jack Curtis,2014 Georgia Southern Eagles football team,1339793496
2014,Georgia State Panthers,Trent Miles,2013,Jeff Jagodzinski,Jesse Minter,2014 Georgia State Panthers football team,1339793504
2014,Georgia Tech Yellow Jackets,Paul Johnson,2008,,Ted Roof,2014 Georgia Tech Yellow Jackets football team,1349787327
2014,Hawai'i Rainbow Warriors,Norm Chow,2012,,Kevin Clune,2014 Hawaii Rainbow Warriors football team,1338727872
2014,Houston Cougars,Tony Levine,2012,Travis Bush,David Gibbs,2014 Houston Cougars football team,1349687003
2014,Idaho Vandals,Paul Petrino,2013,Kris Cinkovich,Ronnie Lee,2014 Idaho Vandals football team,1339793553
2014,Illinois Fighting Illini,Tim Beckman,2012,Bill Cubit,Tim Banks,2014 Illinois Fighting Illini football team,1344850897
2014,Indiana Hoosiers,Kevin Wilson,2011,Kevin Johns,Brian Knorr,2014 Indiana Hoosiers football team,1354217961
2014,Iowa Hawkeyes,Kirk Ferentz,1999,Greg Davis,Phil Parker,2014 Iowa Hawkeyes football team,1331020649
2014,Iowa State Cyclones,Paul Rhoads,2009,Mark Mangino,Wally Burnham,2014 Iowa State Cyclones football team,1339455465
2014,Kansas Jayhawks,Charlie Weis,2012,John Reagan / Eric Kiesau,Dave Campo,2014 Kansas Jayhawks football team,1349693260
2014,Kansas State Wildcats,Bill Snyder,1992,Dana Dimel / Del Miller,Tom Hayes,2014 Kansas State Wildcats football team,1370131314
2014,Kent State Golden Flashes,Paul Haynes,2013,Brian Rock,Brian George,2014 Kent State Golden Flashes football team,1339289420
2014,Kentucky Wildcats,Mark Stoops,2013,Neal Brown,D. J. Eliot,2014 Kentucky Wildcats football team,1353656493
2014,LSU Tigers,Les Miles,2005,Cam Cameron,John Chavis,2014 LSU Tigers football team,1338052017
2014,Louisiana Ragin' Cajuns,Mark Hudspeth,2011,Jay Johnson,James Willis,2014 Louisiana–Lafayette Ragin' Cajuns football team,1339793677
2014,Louisiana Tech Bulldogs,Skip Holtz,2013,Tony Petersen,Manny Diaz,2014 Louisiana Tech Bulldogs football team,1339793659
2014,Louisville Cardinals,Bobby Petrino,2010,Garrick McGee,Todd Grantham,2014 Louisville Cardinals football team,1371970050
2014,Marshall Thundering Herd,Doc Holliday,2010,Bill Legg,Chuck Heater,2014 Marshall Thundering Herd football team,1339280660
2014,Maryland Terrapins,Randy Edsall,2011,Mike Locksley,Brian Stewart,2014 Maryland Terrapins football team,1333326897
2014,Massachusetts Minutemen,Mark Whipple,2008,,Tom Masella,2014 UMass Minutemen football team,1347811636
2014,Memphis Tigers,Justin Fuente,2012,Darrell Dickey,Barry Odom,2014 Memphis Tigers football team,1339793712
2014,Miami (OH) RedHawks,Chuck Martin,2014,George Barnett / Eric Koehler,Matt Pawlowski,2014 Miami RedHawks football team,1339793739
2014,Miami Hurricanes,Al Golden,2011,James Coley,Mark D'Onofrio,2014 Miami Hurricanes football team,1339793732
2014,Michigan State Spartans,Mark Dantonio,2007,Dave Warner / Jim Bollman,Pat Narduzzi,2014 Michigan State Spartans football team,1367910949
2014,Michigan Wolverines,Brady Hoke,2011,Doug Nussmeier,Greg Mattison,2014 Michigan Wolverines football team,1339458578
2014,Middle Tennessee Blue Raiders,Rick Stockstill,2006,Buster Faulkner,Steve Ellis / Tyrone Nix,2014 Middle Tennessee Blue Raiders football team,1362606966
2014,Minnesota Golden Gophers,Jerry Kill,2011,Matt Limegrover,Tracy Claeys,2014 Minnesota Golden Gophers football team,1347814945
2014,Mississippi State Bulldogs,Dan Mullen,2009,Billy Gonzales / John Hevesy,Geoff Collins,2014 Mississippi State Bulldogs football team,1337604929
2014,Missouri Tigers,Gary Pinkel,2001,Josh Henson,Dave Steckel,2014 Missouri Tigers football team,1371988466
2014,NC State Wolfpack,Dave Doeren,2013,Matt Canada,Dave Huxtable,2014 NC State Wolfpack football team,1339793799
2014,Navy Midshipmen,Ken Niumatalolo,2008,Ivin Jasper,Buddy Green,2014 Navy Midshipmen football team,1331025647
2014,Nebraska Cornhuskers,Bo Pelini,2008,Tim Beck,John Papuchis,2014 Nebraska Cornhuskers football team,1372014058
2014,Nevada Wolf Pack,Brian Polian,2013,Nick Rolovich,Scott Boone / Bill Teerlinck,2014 Nevada Wolf Pack football team,1372720596
2014,New Mexico Lobos,Bob Davie,2012,Bob DeBesse,Kevin Cosgrove,2014 New Mexico Lobos football team,1330387334
2014,New Mexico State Aggies,Doug Martin,2013,Gregg Brandon,Larry Coyer,2014 New Mexico State Aggies football team,1339793841
2014,North Carolina Tar Heels,Larry Fedora,2012,Seth Littrell / Chris Kapilovic,Dan Disch / Ron West,2014 North Carolina Tar Heels football team,1336647998
2014,North Texas Mean Green,Dan McCarney,2011,Mike Canales,John Skladany,2014 North Texas Mean Green football team,1339793890
2014,Northern Illinois Huskies,Rod Carey,2013,Bob Cole,Jay Niemann,2014 Northern Illinois Huskies football team,1339451267
2014,Northwestern Wildcats,Pat Fitzgerald,2006,Mick McCall,Mike Hankwitz,2014 Northwestern Wildcats football team,1339793927
2014,Notre Dame Fighting Irish,Brian Kelly,2010,Mike Denbrock,Brian VanGorder,2014 Notre Dame Fighting Irish football team,1369925620
2014,Ohio Bobcats,Frank Solich,2005,Tim Albin,Jim Burrow,2014 Ohio Bobcats football team,1339793933
2014,Ohio State Buckeyes,Urban Meyer,2012,Tom Herman / Ed Warinner,Luke Fickell / Chris Ash,2014 Ohio State Buckeyes football team,1372033733
2014,Oklahoma Sooners,Bob Stoops,1999,Josh Heupel / Jay Norvell,Mike Stoops,2014 Oklahoma Sooners football team,1373105402
2014,Oklahoma State Cowboys,Mike Gundy,2005,Mike Yurcich,Glenn Spencer,2014 Oklahoma State Cowboys football team,1352670620
2014,Old Dominion Monarchs,Bobby Wilder,2009,Brian Scott,Rich Nagy,2014 Old Dominion Monarchs football team,1367724980
2014,Ole Miss Rebels,Hugh Freeze,2012,Matt Luke / Dan Werner,Dave Wommack / Jason Jones,2014 Ole Miss Rebels football team,1332816210
2014,Oregon Ducks,Mark Helfrich,2013,Scott Frost,Don Pellum,2014 Oregon Ducks football team,1366617374
2014,Oregon State Beavers,Mike Riley,2001,John Garrett,Mark Banker,2014 Oregon State Beavers football team,1328117247
2014,Penn State Nittany Lions,James Franklin,2014,John Donovan,Bob Shoop,2014 Penn State Nittany Lions football team,1363876422
2014,Pittsburgh Panthers,Paul Chryst,2012,Joe Rudolph,Matt House,2014 Pittsburgh Panthers football team,1339291161
2014,Purdue Boilermakers,Darrell Hazell,2013,John Shoop,Greg Hudson,2014 Purdue Boilermakers football team,1367152111
2014,Rice Owls,David Bailiff,2007,Larry Edmondson / Billy Lynch,Chris Thurmond,2014 Rice Owls football team,1339793970
2014,Rutgers Scarlet Knights,Kyle Flood,2012,Ralph Friedgen,Joe Rossi,2014 Rutgers Scarlet Knights football team,1334038584
2014,SMU Mustangs,June Jones,2008,Dan Morrison / Jason Phillips,Tom Mason,2014 SMU Mustangs football team,1339378829
2014,San Diego State Aztecs,Rocky Long,2011,Bob Toledo,,2014 San Diego State Aztecs football team,1339548186
2014,San José State Spartans,Ron Caragher,2013,Jimmie Dougherty,Greg Robinson,2014 San Jose State Spartans football team,1330396930
2014,South Alabama Jaguars,Joey Jones,2009,Robert Matthews / Bryant Vincent,Travis Pearson,2014 South Alabama Jaguars football team,1345478940
2014,South Carolina Gamecocks,Steve Spurrier,2005,Steve Spurrier Jr. / Shawn Elliott,Lorenzo Ward,2014 South Carolina Gamecocks football team,1339794051
2014,South Florida Bulls,Willie Taggart,2013,Paul Wulff,Chuck Bresnahan,2014 South Florida Bulls football team,1339794079
2014,Southern Miss Golden Eagles,Todd Monken,2013,Chip Lindsey,David Duggan,2014 Southern Miss Golden Eagles football team,1339794116
2014,Stanford Cardinal,David Shaw,2011,Mike Bloomgren,Lance Anderson,2014 Stanford Cardinal football team,1366425115
2014,Syracuse Orange,Scott Shafer,2013,George McDonald / Tim Lester,Chuck Bullough,2014 Syracuse Orange football team,1336460990
2014,TCU Horned Frogs,Gary Patterson,2001,Doug Meacham / Sonny Cumbie,Dick Bumpas,2014 TCU Horned Frogs football team,1344500398
2014,Temple Owls,Matt Rhule,2013,Marcus Satterfield,Phil Snow,2014 Temple Owls football team,1370015420
2014,Tennessee Volunteers,Butch Jones,2013,Mike Bajakian,John Jancek,2014 Tennessee Volunteers football team,1369857922
2014,Texas A&M Aggies,Kevin Sumlin,2012,Jake Spavital,Mark Snyder / Mark Hagen,2014 Texas A&M Aggies football team,1339794511
2014,Texas Longhorns,Charlie Strong,2014,Joe Wickline,Vance Bedford,2014 Texas Longhorns football team,1340950664
2014,Texas State Bobcats,Dennis Franchione,2009,Mike Schultz / Jeff Conway,John Thompson,2014 Texas State Bobcats football team,1339794525
2014,Texas Tech Red Raiders,Kliff Kingsbury,2013,Eric Morris,Matt Wallerstedt / Mike Smith,2014 Texas Tech Red Raiders football team,1369864609
2014,Toledo Rockets,Matt Campbell,2012,Jason Candle / Louis Ayeni,Jon Heacock,2014 Toledo Rockets football team,1339794547
2014,Troy Trojans,Larry Blakeney,1991,Kenny Edenfield,Wayne Bolt,2014 Troy Trojans football team,1339794563
2014,Tulane Green Wave,Curtis Johnson,2012,Eric Price,Jon Sumrall / Lionel Washington,2014 Tulane Green Wave football team,1339794792
2014,Tulsa Golden Hurricane,Bill Blankenship,2011,Denver Johnson,Brent Guy,2014 Tulsa Golden Hurricane football team,1339794804
2014,UAB Blazers,Bill Clark,2014,Bryant Vincent,Duwan Walker,2014 UAB Blazers football team,1339794812
2014,UCF Knights,George O'Leary,2004,Charlie Taaffe,Tyson Summers,2014 UCF Knights football team,1372101207
2014,UCLA Bruins,Jim L. Mora,2012,Noel Mazzone,Jeff Ulbrich,2014 UCLA Bruins football team,1367475515
2014,UConn Huskies,Bob Diaco,2014,Mike Cummings,Anthony Poindexter,2014 UConn Huskies football team,1356112318
2014,UL Monroe Warhawks,Todd Berry,2010,Steve Farmer,Troy Reffett,2014 Louisiana–Monroe Warhawks football team,1339793690
2014,UNLV Rebels,Bobby Hauck,2010,Timm Rosenbach,Tim Hauck,2014 UNLV Rebels football team,1339794872
2014,USC Trojans,Steve Sarkisian,2014,Clay Helton,Justin Wilcox,2014 USC Trojans football team,1339229019
2014,UTEP Miners,Sean Kugler,2013,Patrick Higgins,Scott Stoker,2014 UTEP Miners football team,1367945546
2014,UTSA Roadrunners,Larry Coker,2011,Kevin Brown,Neal Neathery,2014 UTSA Roadrunners football team,1339794890
2014,Utah State Aggies,Matt Wells,2013,Kevin McGiven,Todd Orlando,2014 Utah State Aggies football team,1372161975
2014,Utah Utes,Kyle Whittingham,2005,Dave Christensen,Kalani Sitake,2014 Utah Utes football team,1367924953
2014,Vanderbilt Commodores,Derek Mason,2014,Karl Dorrell,Dave Kotulski,2014 Vanderbilt Commodores football team,1339794932
2014,Virginia Cavaliers,Mike London,2010,Steve Fairchild,Jon Tenuta,2014 Virginia Cavaliers football team,1372170412
2014,Virginia Tech Hokies,Frank Beamer,1987,Scot Loeffler,Bud Foster,2014 Virginia Tech Hokies football team,1339794956
2014,Wake Forest Demon Deacons,Dave Clawson,2014,Warren Ruggiero,Mike Elko,2014 Wake Forest Demon Deacons football team,1336289432
2014,Washington Huskies,Chris Petersen,2014,Jonathan Smith,Pete Kwiatkowski,2014 Washington Huskies football team,1339794979
2014,Washington State Cougars,Mike Leach,2012,,Mike Breske,2014 Washington State Cougars football team,1339794985
2014,West Virginia Mountaineers,Dana Holgorsen,2011,Shannon Dawson,Tony Gibson,2014 West Virginia Mountaineers football team,1339225456
2014,Western Kentucky Hilltoppers,Jeff Brohm,2014,Tyson Helton,Nick Holt,2014 Western Kentucky Hilltoppers football team,1339795004
2014,Western Michigan Broncos,P. J. Fleck,2013,Kirk Ciarrocca,Ed Pinkham,2014 Western Michigan Broncos football team,1339795016
2014,Wisconsin Badgers,Gary Andersen,2013,Andy Ludwig,Dave Aranda,2014 Wisconsin Badgers football team,1372179554
2014,Wyoming Cowboys,Craig Bohl,2014,Brent Vigen,Steve Stanard,2014 Wyoming Cowboys football team,1368294969
2015,Air Force Falcons,Troy Calhoun,2007,Mike Thiessen,Steve Russ,2015 Air Force Falcons football team,1334675734
2015,Akron Zips,Terry Bowden,2012,A. J. Milwee,Chuck Amato,2015 Akron Zips football team,1367410280
2015,Alabama Crimson Tide,Nick Saban,2007,Lane Kiffin,Kirby Smart,2015 Alabama Crimson Tide football team,1374153613
2015,App State Mountaineers,Scott Satterfield,2013,Frank Ponce / Dwayne Ledford,Nate Woody,2015 Appalachian State Mountaineers football team,1339231362
2015,Arizona State Sun Devils,Todd Graham,2012,Mike Norvell,Keith Patterson / Chris Ball,2015 Arizona State Sun Devils football team,1339795095
2015,Arizona Wildcats,Rich Rodriguez,2012,Calvin Magee / Rod Smith,Jeff Casteel,2015 Arizona Wildcats football team,1372461290
2015,Arkansas Razorbacks,Bret Bielema,2013,Dan Enos,Robb Smith,2015 Arkansas Razorbacks football team,1370758019
2015,Arkansas State Red Wolves,Blake Anderson,2014,Walt Bell / Glen Elarbee,Joe Cauthen,2015 Arkansas State Red Wolves football team,1332277895
2015,Army Black Knights,Jeff Monken,2014,Brent Davis,Jay Bateman,2015 Army Black Knights football team,1339795121
2015,Auburn Tigers,Gus Malzahn,2013,Rhett Lashlee / Dameyune Craig,Will Muschamp,2015 Auburn Tigers football team,1372466616
2015,BYU Cougars,Bronco Mendenhall,2005,Robert Anae,Nick Howell,2015 BYU Cougars football team,1339133555
2015,Ball State Cardinals,Pete Lembo,2011,Joey Lynch,Kevin Kelly,2015 Ball State Cardinals football team,1362249005
2015,Baylor Bears,Art Briles,2008,Kendal Briles,Phil Bennett,2015 Baylor Bears football team,1369070117
2015,Boise State Broncos,Bryan Harsin,2014,Eliah Drinkwitz,Marcel Yates,2015 Boise State Broncos football team,1372508291
2015,Boston College Eagles,Steve Addazio,2013,Todd Fitch,Don Brown,2015 Boston College Eagles football team,1372508578
2015,Bowling Green Falcons,Dino Babers,2014,Mike Lynch / Sean Lewis,Brian Ward,2015 Bowling Green Falcons football team,1352872038
2015,Buffalo Bulls,Lance Leipold,2015,Andy Kotelnicki,Brian Borland,2015 Buffalo Bulls football team,1347812662
2015,California Golden Bears,Sonny Dykes,2013,Tony Franklin,Art Kaufman,2015 California Golden Bears football team,1346294403
2015,Central Michigan Chippewas,John Bonamego,2015,Morris Watts,Greg Colby,2015 Central Michigan Chippewas football team,1339795186
2015,Charlotte 49ers,Brad Lambert,2013,Jeff Mullen,Matt Wallerstedt,2015 Charlotte 49ers football team,1372530800
2015,Cincinnati Bearcats,Tommy Tuberville,2013,Eddie Gran,Robert Prunty / Steve Clinkscale,2015 Cincinnati Bearcats football team,1369001756
2015,Clemson Tigers,Dabo Swinney,2009,Tony Elliott / Jeff Scott,Brent Venables,2015 Clemson Tigers football team,1335917763
2015,Colorado Buffaloes,Mike MacIntyre,2013,Brian Lindgren,Jim Leavitt,2015 Colorado Buffaloes football team,1327597000
2015,Colorado State Rams,Mike Bobo,2015,Will Friend,Tyson Summers,2015 Colorado State Rams football team,1374545620
2015,Duke Blue Devils,David Cutcliffe,2008,Scottie Montgomery,Jim Knowles,2015 Duke Blue Devils football team,1368579672
2015,East Carolina Pirates,Ruffin McNeill,2010,Dave Nichol,Rick Smith,2015 East Carolina Pirates football team,1339795239
2015,Eastern Michigan Eagles,Chris Creighton,2014,Kalen DeBoer,Brad McCaslin,2015 Eastern Michigan Eagles football team,1339795266
2015,Florida Atlantic Owls,Charlie Partridge,2014,Brian Wright,Roc Bellantoni,2015 Florida Atlantic Owls football team,1339795312
2015,Florida Gators,Jim McElwain,2015,Doug Nussmeier,Geoff Collins / Randy Shannon,2015 Florida Gators football team,1352496233
2015,Florida International Panthers,Ron Turner,2013,Steve Shankweiler,Matt House,2015 FIU Panthers football team,1367182517
2015,Florida State Seminoles,Jimbo Fisher,2010,Lawrence Dawsey / Randy Sanders,Charles Kelly,2015 Florida State Seminoles football team,1365330713
2015,Fresno State Bulldogs,Tim DeRuyter,2012,Dave Schramm,Nick Toth,2015 Fresno State Bulldogs football team,1338770809
2015,Georgia Bulldogs,Mark Richt,2001,Brian Schottenheimer,Jeremy Pruitt,2015 Georgia Bulldogs football team,1337687030
2015,Georgia Southern Eagles,Willie Fritz,2014,Doug Ruse,Jack Curtis,2015 Georgia Southern Eagles football team,1339795339
2015,Georgia State Panthers,Trent Miles,2013,Jeff Jagodzinski,Jesse Minter,2015 Georgia State Panthers football team,1339795346
2015,Georgia Tech Yellow Jackets,Paul Johnson,2008,,Ted Roof,2015 Georgia Tech Yellow Jackets football team,1339795352
2015,Hawai'i Rainbow Warriors,Norm Chow,2012,Don Bailey,Tom Mason / Abraham Elimimian,2015 Hawaii Rainbow Warriors football team,1368595081
2015,Houston Cougars,Tom Herman,2015,Major Applewhite,Todd Orlando / Craig Naivar,2015 Houston Cougars football team,1367875138
2015,Idaho Vandals,Paul Petrino,2013,Kris Cinkovich,Mike Breske,2015 Idaho Vandals football team,1339795387
2015,Illinois Fighting Illini,Bill Cubit,2015,,Tim Banks / Mike Phair,2015 Illinois Fighting Illini football team,1344850867
2015,Indiana Hoosiers,Kevin Wilson,2011,Kevin Johns,Brian Knorr,2015 Indiana Hoosiers football team,1354217925
2015,Iowa Hawkeyes,Kirk Ferentz,1999,Greg Davis,Phil Parker,2015 Iowa Hawkeyes football team,1374086003
2015,Iowa State Cyclones,Paul Rhoads,2009,Mark Mangino / Todd Sturdy,Wally Burnham,2015 Iowa State Cyclones football team,1339455485
2015,Kansas Jayhawks,David Beaty,2015,Rob Likens,Clint Bowen / Kenny Perry,2015 Kansas Jayhawks football team,1370426777
2015,Kansas State Wildcats,Bill Snyder,1992,Dana Dimel / Del Miller,Tom Hayes,2015 Kansas State Wildcats football team,1339452476
2015,Kent State Golden Flashes,Paul Haynes,2013,Don Treadwell,Brian George,2015 Kent State Golden Flashes football team,1348135127
2015,Kentucky Wildcats,Mark Stoops,2013,Shannon Dawson,D. J. Eliot,2015 Kentucky Wildcats football team,1372649669
2015,LSU Tigers,Les Miles,2005,Cam Cameron,Kevin Steele,2015 LSU Tigers football team,1338052033
2015,Louisiana Ragin' Cajuns,Mark Hudspeth,2011,Jay Johnson,Charlie Harbison / Melvin Smith,2015 Louisiana–Lafayette Ragin' Cajuns football team,1339795512
2015,Louisiana Tech Bulldogs,Skip Holtz,2013,Tony Petersen,Blake Baker,2015 Louisiana Tech Bulldogs football team,1361773978
2015,Louisville Cardinals,Bobby Petrino,2010,Garrick McGee,Todd Grantham,2015 Louisville Cardinals football team,1336994866
2015,Marshall Thundering Herd,Doc Holliday,2010,Bill Legg,Chuck Heater,2015 Marshall Thundering Herd football team,1339280715
2015,Maryland Terrapins,Randy Edsall,2011,Mike Locksley,Keith Dudzinski,2015 Maryland Terrapins football team,1333326908
2015,Massachusetts Minutemen,Mark Whipple,2008,,Tom Masella,2015 UMass Minutemen football team,1352871830
2015,Memphis Tigers,Justin Fuente,2012,Darrell Dickey / Brad Cornelsen,Galen Scott,2015 Memphis Tigers football team,1339795567
2015,Miami (OH) RedHawks,Chuck Martin,2014,George Barnett / Eric Koehler,Matt Pawlowski,2015 Miami RedHawks football team,1340024212
2015,Miami Hurricanes,Al Golden,2011,James Coley,Mark D'Onofrio,2015 Miami Hurricanes football team,1339795582
2015,Michigan State Spartans,Mark Dantonio,2007,Dave Warner / Jim Bollman,Harlon Barnett / Mike Tressel,2015 Michigan State Spartans football team,1367910894
2015,Michigan Wolverines,Jim Harbaugh,2015,Tim Drevno,D. J. Durkin / Greg Mattison,2015 Michigan Wolverines football team,1353064313
2015,Middle Tennessee Blue Raiders,Rick Stockstill,2006,Buster Faulkner,Steve Ellis / Tyrone Nix,2015 Middle Tennessee Blue Raiders football team,1339795621
2015,Minnesota Golden Gophers,Jerry Kill,2011,Matt Limegrover,Tracy Claeys,2015 Minnesota Golden Gophers football team,1347815201
2015,Mississippi State Bulldogs,Dan Mullen,2009,Billy Gonzales / John Hevesy,Manny Diaz,2015 Mississippi State Bulldogs football team,1337604978
2015,Missouri Tigers,Gary Pinkel,2001,Josh Henson,Barry Odom,2015 Missouri Tigers football team,1354757451
2015,NC State Wolfpack,Dave Doeren,2013,Matt Canada,Dave Huxtable,2015 NC State Wolfpack football team,1339795642
2015,Navy Midshipmen,Ken Niumatalolo,2008,Ivin Jasper,Dale Pehrson,2015 Navy Midshipmen football team,1331025687
2015,Nebraska Cornhuskers,Mike Riley,2015,Danny Langsdorf,Mark Banker,2015 Nebraska Cornhuskers football team,1370116253
2015,Nevada Wolf Pack,Brian Polian,2013,Nick Rolovich,Scott Boone / Bill Teerlinck,2015 Nevada Wolf Pack football team,1372718515
2015,New Mexico Lobos,Bob Davie,2012,Bob DeBesse,Kevin Cosgrove,2015 New Mexico Lobos football team,1330387362
2015,New Mexico State Aggies,Doug Martin,2013,,Zane Vance,2015 New Mexico State Aggies football team,1339795664
2015,North Carolina Tar Heels,Larry Fedora,2012,Seth Littrell,Gene Chizik,2015 North Carolina Tar Heels football team,1336648023
2015,North Texas Mean Green,Dan McCarney,2011,Mike Canales,Chris Cosh,2015 North Texas Mean Green football team,1339795703
2015,Northern Illinois Huskies,Rod Carey,2013,Bob Cole,Jay Niemann,2015 Northern Illinois Huskies football team,1369172527
2015,Northwestern Wildcats,Pat Fitzgerald,2006,Mick McCall,Mike Hankwitz,2015 Northwestern Wildcats football team,1339795736
2015,Notre Dame Fighting Irish,Brian Kelly,2010,Mike Sanford Jr.,Brian VanGorder,2015 Notre Dame Fighting Irish football team,1369302904
2015,Ohio Bobcats,Frank Solich,2005,Tim Albin,Jim Burrow,2015 Ohio Bobcats football team,1339795749
2015,Ohio State Buckeyes,Urban Meyer,2012,Ed Warinner / Tim Beck,Luke Fickell / Chris Ash,2015 Ohio State Buckeyes football team,1333754703
2015,Oklahoma Sooners,Bob Stoops,1999,Lincoln Riley,Mike Stoops,2015 Oklahoma Sooners football team,1373105181
2015,Oklahoma State Cowboys,Mike Gundy,2005,Mike Yurcich,Glenn Spencer,2015 Oklahoma State Cowboys football team,1339453301
2015,Old Dominion Monarchs,Bobby Wilder,2009,Brian Scott,Rich Nagy,2015 Old Dominion Monarchs football team,1367724996
2015,Ole Miss Rebels,Hugh Freeze,2012,Matt Luke / Dan Werner,Dave Wommack / Jason Jones,2015 Ole Miss Rebels football team,1352670895
2015,Oregon Ducks,Mark Helfrich,2013,Scott Frost / Matt Lubick,Don Pellum,2015 Oregon Ducks football team,1365736213
2015,Oregon State Beavers,Gary Andersen,2015,Dave Baldwin,Kalani Sitake,2015 Oregon State Beavers football team,1328117226
2015,Penn State Nittany Lions,James Franklin,2014,John Donovan,Bob Shoop,2015 Penn State Nittany Lions football team,1338606728
2015,Pittsburgh Panthers,Pat Narduzzi,2015,Jim Chaney,Josh Conklin,2015 Pittsburgh Panthers football team,1339291132
2015,Purdue Boilermakers,Darrell Hazell,2013,John Shoop,Greg Hudson,2015 Purdue Boilermakers football team,1372760874
2015,Rice Owls,David Bailiff,2007,Larry Edmondson / Billy Lynch,Chris Thurmond,2015 Rice Owls football team,1339795845
2015,Rutgers Scarlet Knights,Kyle Flood,2012,Ben McDaniels,Joe Rossi,2015 Rutgers Scarlet Knights football team,1372796898
2015,SMU Mustangs,Chad Morris,2015,Joe Craddock,Van Malone,2015 SMU Mustangs football team,1365876456
2015,San Diego State Aztecs,Rocky Long,2011,Jeff Horton,,2015 San Diego State Aztecs football team,1339548168
2015,San José State Spartans,Ron Caragher,2013,Al Borges,Greg Robinson,2015 San Jose State Spartans football team,1330396894
2015,South Alabama Jaguars,Joey Jones,2009,Bryant Vincent,Travis Pearson,2015 South Alabama Jaguars football team,1339795904
2015,South Carolina Gamecocks,Steve Spurrier,2005,G. A. Mangus,Lorenzo Ward / Jon Hoke,2015 South Carolina Gamecocks football team,1339795912
2015,South Florida Bulls,Willie Taggart,2013,Danny Hope / David Reaves,Tom Allen,2015 South Florida Bulls football team,1339795933
2015,Southern Miss Golden Eagles,Todd Monken,2013,Chip Lindsey,David Duggan,2015 Southern Miss Golden Eagles football team,1339795966
2015,Stanford Cardinal,David Shaw,2011,Mike Bloomgren,Lance Anderson,2015 Stanford Cardinal football team,1369653109
2015,Syracuse Orange,Scott Shafer,2013,Tim Lester,Chuck Bullough,2015 Syracuse Orange football team,1336461014
2015,TCU Horned Frogs,Gary Patterson,2001,Doug Meacham / Sonny Cumbie,Chad Glasgow / DeMontie Cross,2015 TCU Horned Frogs football team,1344500024
2015,Temple Owls,Matt Rhule,2013,Marcus Satterfield,Phil Snow,2015 Temple Owls football team,1369950265
2015,Tennessee Volunteers,Butch Jones,2013,Mike DeBord,John Jancek,2015 Tennessee Volunteers football team,1372827115
2015,Texas A&M Aggies,Kevin Sumlin,2012,Jake Spavital,John Chavis,2015 Texas A&M Aggies football team,1339796036
2015,Texas Longhorns,Charlie Strong,2014,Joe Wickline / Jay Norvell,Vance Bedford,2015 Texas Longhorns football team,1352670960
2015,Texas State Bobcats,Dennis Franchione,2009,Mike Schultz / Jeff Conway,John Thompson,2015 Texas State Bobcats football team,1339796051
2015,Texas Tech Red Raiders,Kliff Kingsbury,2013,Eric Morris,David Gibbs / Mike Smith,2015 Texas Tech Red Raiders football team,1369864552
2015,Toledo Rockets,Matt Campbell,2012,Jason Candle,Jon Heacock,2015 Toledo Rockets football team,1360516986
2015,Troy Trojans,Neal Brown,2015,Kenny Edenfield,Vic Koenning,2015 Troy Trojans football team,1358504712
2015,Tulane Green Wave,Curtis Johnson,2012,Eric Price,Jason Rollins / Lionel Washington,2015 Tulane Green Wave football team,1339796094
2015,Tulsa Golden Hurricane,Philip Montgomery,2015,Sterlin Gilbert / Matt Mattox,Brian Norwood / Bill Young,2015 Tulsa Golden Hurricane football team,1339796100
2015,UCF Knights,George O'Leary,2004,Brent Key,Chuck Bresnahan,2015 UCF Knights football team,1368549861
2015,UCLA Bruins,Jim L. Mora,2012,Noel Mazzone,Tom Bradley,2015 UCLA Bruins football team,1367402719
2015,UConn Huskies,Bob Diaco,2014,Frank Verducci,Anthony Poindexter,2015 UConn Huskies football team,1339796132
2015,UL Monroe Warhawks,Todd Berry,2010,Steve Farmer,Travis Niekamp / Adam Waugh,2015 Louisiana–Monroe Warhawks football team,1339795523
2015,UNLV Rebels,Tony Sanchez,2015,Barney Cotton,Kent Baer,2015 UNLV Rebels football team,1339796153
2015,USC Trojans,Steve Sarkisian,2014,Clay Helton / Tee Martin,Justin Wilcox,2015 USC Trojans football team,1363615927
2015,UTEP Miners,Sean Kugler,2013,Patrick Higgins,Scott Stoker,2015 UTEP Miners football team,1339796159
2015,UTSA Roadrunners,Larry Coker,2011,Kevin Brown,Neal Neathery,2015 UTSA Roadrunners football team,1339796166
2015,Utah State Aggies,Matt Wells,2013,Josh Heupel,Kevin Clune,2015 Utah State Aggies football team,1372866058
2015,Utah Utes,Kyle Whittingham,2005,Aaron Roderick / Jim Harding,John Pease,2015 Utah Utes football team,1339796194
2015,Vanderbilt Commodores,Derek Mason,2014,Andy Ludwig,,2015 Vanderbilt Commodores football team,1339796209
2015,Virginia Cavaliers,Mike London,2010,Steve Fairchild,Jon Tenuta,2015 Virginia Cavaliers football team,1339796227
2015,Virginia Tech Hokies,Frank Beamer,1987,Scot Loeffler,Bud Foster,2015 Virginia Tech Hokies football team,1339796241
2015,Wake Forest Demon Deacons,Dave Clawson,2014,Warren Ruggiero,Mike Elko,2015 Wake Forest Demon Deacons football team,1336289461
2015,Washington Huskies,Chris Petersen,2014,Jonathan Smith,Pete Kwiatkowski,2015 Washington Huskies football team,1339796283
2015,Washington State Cougars,Mike Leach,2012,,Alex Grinch,2015 Washington State Cougars football team,1339796292
2015,West Virginia Mountaineers,Dana Holgorsen,2011,,Tony Gibson,2015 West Virginia Mountaineers football team,1372906645
2015,Western Kentucky Hilltoppers,Jeff Brohm,2014,Tyson Helton,Nick Holt,2015 Western Kentucky Hilltoppers football team,1339796318
2015,Western Michigan Broncos,P. J. Fleck,2013,Kirk Ciarrocca,Ed Pinkham,2015 Western Michigan Broncos football team,1339796327
2015,Wisconsin Badgers,Paul Chryst,2015,Joe Rudolph,Dave Aranda,2015 Wisconsin Badgers football team,1372878963
2015,Wyoming Cowboys,Craig Bohl,2014,Brent Vigen,Steve Stanard,2015 Wyoming Cowboys football team,1339027713
2016,Air Force Falcons,Troy Calhoun,2007,Mike Thiessen,Steve Russ,2016 Air Force Falcons football team,1334675918
2016,Akron Zips,Terry Bowden,2012,A. J. Milwee,Chuck Amato,2016 Akron Zips football team,1354095706
2016,Alabama Crimson Tide,Nick Saban,2007,Lane Kiffin / Steve Sarkisian,Jeremy Pruitt,2016 Alabama Crimson Tide football team,1366273794
2016,App State Mountaineers,Scott Satterfield,2013,Frank Ponce / Shawn Clark,Nate Woody,2016 Appalachian State Mountaineers football team,1339231388
2016,Arizona State Sun Devils,Todd Graham,2012,Chip Lindsey,Keith Patterson,2016 Arizona State Sun Devils football team,1340739713
2016,Arizona Wildcats,Rich Rodriguez,2012,Calvin Magee / Rod Smith,Marcel Yates,2016 Arizona Wildcats football team,1352853150
2016,Arkansas Razorbacks,Bret Bielema,2013,Dan Enos,Robb Smith,2016 Arkansas Razorbacks football team,1340739722
2016,Arkansas State Red Wolves,Blake Anderson,2014,Buster Faulkner,Joe Cauthen,2016 Arkansas State Red Wolves football team,1332277865
2016,Army Black Knights,Jeff Monken,2014,Brent Davis,Jay Bateman,2016 Army Black Knights football team,1340739739
2016,Auburn Tigers,Gus Malzahn,2013,Rhett Lashlee / Kodi Burns,Kevin Steele,2016 Auburn Tigers football team,1368769002
2016,BYU Cougars,Kalani Sitake,2016,Ty Detmer,Ilaisa Tuiaki,2016 BYU Cougars football team,1363615957
2016,Ball State Cardinals,Mike Neu,2016,Joey Lynch,Tim Daoust,2016 Ball State Cardinals football team,1340703424
2016,Baylor Bears,Jim Grobe,,Kendal Briles,Phil Bennett,2016 Baylor Bears football team,1369069743
2016,Boise State Broncos,Bryan Harsin,2014,Zak Hill / Scott Huff,Andy Avalos,2016 Boise State Broncos football team,1373133855
2016,Boston College Eagles,Steve Addazio,2013,Scot Loeffler,Jim Reid,2016 Boston College Eagles football team,1334837999
2016,Bowling Green Falcons,Mike Jinks,2016,Kevin Kilmer / Andy Padron,Perry Eliano / Marcus White,2016 Bowling Green Falcons football team,1340739764
2016,Buffalo Bulls,Lance Leipold,2015,Andy Kotelnicki,Brian Borland,2016 Buffalo Bulls football team,1339676378
2016,California Golden Bears,Sonny Dykes,2013,Jake Spavital,Art Kaufman,2016 California Golden Bears football team,1373140710
2016,Central Michigan Chippewas,John Bonamego,2015,Morris Watts,Greg Colby,2016 Central Michigan Chippewas football team,1340705341
2016,Charlotte 49ers,Brad Lambert,2013,Jeff Mullen,Matt Wallerstedt,2016 Charlotte 49ers football team,1373146722
2016,Cincinnati Bearcats,Tommy Tuberville,2013,Zac Taylor,Robert Prunty,2016 Cincinnati Bearcats football team,1340739860
2016,Clemson Tigers,Dabo Swinney,2009,Tony Elliott / Jeff Scott,Brent Venables,2016 Clemson Tigers football team,1373150495
2016,Colorado Buffaloes,Mike MacIntyre,2013,Brian Lindgren / Darrin Chiaverini,Jim Leavitt,2016 Colorado Buffaloes football team,1327596973
2016,Colorado State Rams,Mike Bobo,2015,Will Friend,Marty English,2016 Colorado State Rams football team,1360791291
2016,Duke Blue Devils,David Cutcliffe,2008,Zac Roper,Jim Knowles,2016 Duke Blue Devils football team,1373173868
2016,East Carolina Pirates,Scottie Montgomery,2016,Tony Petersen,Kenwick Thompson,2016 East Carolina Pirates football team,1343270668
2016,Eastern Michigan Eagles,Chris Creighton,2014,Kalen DeBoer,Neal Neathery,2016 Eastern Michigan Eagles football team,1340668869
2016,Florida Atlantic Owls,Charlie Partridge,2014,Travis Trickett,Roc Bellantoni,2016 Florida Atlantic Owls football team,1369946255
2016,Florida Gators,Jim McElwain,2015,Doug Nussmeier,Geoff Collins / Randy Shannon,2016 Florida Gators football team,1352496252
2016,Florida International Panthers,Ron Turner,2013,Steve Shankweiler,Ron Cooper,2016 FIU Panthers football team,1340739930
2016,Florida State Seminoles,Jimbo Fisher,2010,Lawrence Dawsey / Randy Sanders,Charles Kelly,2016 Florida State Seminoles football team,1365330520
2016,Fresno State Bulldogs,Tim DeRuyter,2012,Eric Kiesau,Lorenzo Ward,2016 Fresno State Bulldogs football team,1338770821
2016,Georgia Bulldogs,Kirby Smart,2016,Jim Chaney / James Coley,Mel Tucker,2016 Georgia Bulldogs football team,1373946932
2016,Georgia Southern Eagles,Tyson Summers,2016,Rance Gillespie / David Dean,Lorenzo Costantini,2016 Georgia Southern Eagles football team,1340739999
2016,Georgia State Panthers,Trent Miles,2013,Luke Huard,Jesse Minter,2016 Georgia State Panthers football team,1340740004
2016,Georgia Tech Yellow Jackets,Paul Johnson,2008,,Ted Roof,2016 Georgia Tech Yellow Jackets football team,1340740016
2016,Hawai'i Rainbow Warriors,Nick Rolovich,2016,Brian Smith,Kevin Lempa,2016 Hawaii Rainbow Warriors football team,1342392867
2016,Houston Cougars,Tom Herman,2015,Major Applewhite,Todd Orlando / Craig Naivar,2016 Houston Cougars football team,1367875180
2016,Idaho Vandals,Paul Petrino,2013,Kris Cinkovich,Mike Breske,2016 Idaho Vandals football team,1340740054
2016,Illinois Fighting Illini,Lovie Smith,2016,Garrick McGee,Hardy Nickerson,2016 Illinois Fighting Illini football team,1369611829
2016,Indiana Hoosiers,Kevin Wilson,2011,Kevin Johns,Tom Allen,2016 Indiana Hoosiers football team,1354217330
2016,Iowa Hawkeyes,Kirk Ferentz,1999,Greg Davis,Phil Parker,2016 Iowa Hawkeyes football team,1350551943
2016,Iowa State Cyclones,Matt Campbell,2016,Tom Manning,Jon Heacock,2016 Iowa State Cyclones football team,1339455509
2016,Kansas Jayhawks,David Beaty,2015,Rob Likens,Clint Bowen / Kenny Perry,2016 Kansas Jayhawks football team,1340698647
2016,Kansas State Wildcats,Bill Snyder,1992,Dana Dimel / Del Miller,Tom Hayes,2016 Kansas State Wildcats football team,1339452500
2016,Kent State Golden Flashes,Paul Haynes,2013,Don Treadwell,Ben Needham,2016 Kent State Golden Flashes football team,1348135138
2016,Kentucky Wildcats,Mark Stoops,2013,Eddie Gran / Darin Hinshaw,D. J. Eliot,2016 Kentucky Wildcats football team,1338012088
2016,LSU Tigers,Les Miles,2005,Cam Cameron / Steve Ensminger,Dave Aranda,2016 LSU Tigers football team,1368939020
2016,Louisiana Ragin' Cajuns,Mark Hudspeth,2011,Jorge Munoz,Charlie Harbison,2016 Louisiana–Lafayette Ragin' Cajuns football team,1340740160
2016,Louisiana Tech Bulldogs,Skip Holtz,2013,Todd Fitch,Blake Baker,2016 Louisiana Tech Bulldogs football team,1373248414
2016,Louisville Cardinals,Bobby Petrino,2010,Lonnie Galloway / Chris Klenakis,Todd Grantham,2016 Louisville Cardinals football team,1370222495
2016,Marshall Thundering Herd,Doc Holliday,2010,Bill Legg,Chuck Heater,2016 Marshall Thundering Herd football team,1373254995
2016,Maryland Terrapins,D. J. Durkin,2016,Walt Bell,Andy Buh,2016 Maryland Terrapins football team,1373255424
2016,Massachusetts Minutemen,Mark Whipple,2008,,Tom Masella,2016 UMass Minutemen football team,1340700621
2016,Memphis Tigers,Mike Norvell,2016,Chip Long,Chris Ball,2016 Memphis Tigers football team,1340740184
2016,Miami (OH) RedHawks,Chuck Martin,2014,George Barnett / Eric Koehler,Matt Pawlowski / John Hauser,2016 Miami RedHawks football team,1340517279
2016,Miami Hurricanes,Mark Richt,2016,Thomas Brown,Manny Diaz,2016 Miami Hurricanes football team,1340707185
2016,Michigan State Spartans,Mark Dantonio,2007,Dave Warner / Jim Bollman,Harlon Barnett / Mike Tressel,2016 Michigan State Spartans football team,1373260764
2016,Michigan Wolverines,Jim Harbaugh,2015,Tim Drevno,Don Brown,2016 Michigan Wolverines football team,1354169757
2016,Middle Tennessee Blue Raiders,Rick Stockstill,2006,Tony Franklin,Tyrone Nix,2016 Middle Tennessee Blue Raiders football team,1340740211
2016,Minnesota Golden Gophers,Tracy Claeys,2016,Jay Johnson,Jay Sawvel,2016 Minnesota Golden Gophers football team,1347815987
2016,Mississippi State Bulldogs,Dan Mullen,2009,Billy Gonzales / John Hevesy,Peter Sirmon,2016 Mississippi State Bulldogs football team,1337605010
2016,Missouri Tigers,Barry Odom,2016,Josh Heupel,DeMontie Cross / Ryan Walters,2016 Missouri Tigers football team,1366272327
2016,NC State Wolfpack,Dave Doeren,2013,Eliah Drinkwitz,Dave Huxtable,2016 NC State Wolfpack football team,1340740260
2016,Navy Midshipmen,Ken Niumatalolo,2008,Ivin Jasper,Dale Pehrson,2016 Navy Midshipmen football team,1331025719
2016,Nebraska Cornhuskers,Mike Riley,2015,Danny Langsdorf,Mark Banker,2016 Nebraska Cornhuskers football team,1371300687
2016,Nevada Wolf Pack,Brian Polian,2013,Tim Cramsey,Scott Boone / Bill Teerlinck,2016 Nevada Wolf Pack football team,1372719554
2016,New Mexico Lobos,Bob Davie,2012,Bob DeBesse,Kevin Cosgrove,2016 New Mexico Lobos football team,1330387402
2016,New Mexico State Aggies,Doug Martin,2013,,Frank Spaziani,2016 New Mexico State Aggies football team,1362255782
2016,North Carolina Tar Heels,Larry Fedora,2012,Gunter Brewer / Chris Kapilovic,Gene Chizik,2016 North Carolina Tar Heels football team,1336648049
2016,North Texas Mean Green,Seth Littrell,2016,Graham Harrell,Mike Ekeler / Troy Reffett,2016 North Texas Mean Green football team,1340740339
2016,Northern Illinois Huskies,Rod Carey,2013,Mike Uremovich,Kevin Kane,2016 Northern Illinois Huskies football team,1339451312
2016,Northwestern Wildcats,Pat Fitzgerald,2006,Mick McCall,Mike Hankwitz,2016 Northwestern Wildcats football team,1340740393
2016,Notre Dame Fighting Irish,Brian Kelly,2010,Mike Sanford Jr.,Brian VanGorder / Greg Hudson,2016 Notre Dame Fighting Irish football team,1369838744
2016,Ohio Bobcats,Frank Solich,2005,Tim Albin,Jim Burrow,2016 Ohio Bobcats football team,1372861344
2016,Ohio State Buckeyes,Urban Meyer,2012,Ed Warinner / Tim Beck,Luke Fickell / Greg Schiano,2016 Ohio State Buckeyes football team,1374437177
2016,Oklahoma Sooners,Bob Stoops,1999,Lincoln Riley,Mike Stoops,2016 Oklahoma Sooners football team,1338162994
2016,Oklahoma State Cowboys,Mike Gundy,2005,Mike Yurcich,Glenn Spencer,2016 Oklahoma State Cowboys football team,1339453279
2016,Old Dominion Monarchs,Bobby Wilder,2009,Brian Scott,Rich Nagy,2016 Old Dominion Monarchs football team,1367725036
2016,Ole Miss Rebels,Hugh Freeze,2012,Matt Luke / Dan Werner,Dave Wommack / Jason Jones,2016 Ole Miss Rebels football team,1373299587
2016,Oregon Ducks,Mark Helfrich,2013,Matt Lubick,Brady Hoke,2016 Oregon Ducks football team,1365736277
2016,Oregon State Beavers,Gary Andersen,2015,Kevin McGiven / T. J. Woods,Kevin Clune,2016 Oregon State Beavers football team,1356861507
2016,Penn State Nittany Lions,James Franklin,2014,Joe Moorhead,Brent Pry / Tim Banks,2016 Penn State Nittany Lions football team,1363864465
2016,Pittsburgh Panthers,Pat Narduzzi,2015,Matt Canada,Josh Conklin,2016 Pittsburgh Panthers football team,1363850827
2016,Purdue Boilermakers,Darrell Hazell,2013,Terry Malone,Ross Els / Marcus Freeman,2016 Purdue Boilermakers football team,1373313196
2016,Rice Owls,David Bailiff,2007,Larry Edmondson / Billy Lynch,Chris Thurmond,2016 Rice Owls football team,1340740448
2016,Rutgers Scarlet Knights,Chris Ash,2016,Drew Mehringer,Jay Niemann,2016 Rutgers Scarlet Knights football team,1373901874
2016,SMU Mustangs,Chad Morris,2015,Joe Craddock,Van Malone,2016 SMU Mustangs football team,1339378759
2016,San Diego State Aztecs,Rocky Long,2011,Jeff Horton,Rocky Long,2016 San Diego State Aztecs football team,1373326261
2016,San José State Spartans,Ron Caragher,2013,Al Borges,Ron English,2016 San Jose State Spartans football team,1330396841
2016,South Alabama Jaguars,Joey Jones,2009,Bryant Vincent,Kane Wommack,2016 South Alabama Jaguars football team,1352576585
2016,South Carolina Gamecocks,Will Muschamp,2016,Kurt Roper / Bryan McClendon,Travaris Robinson,2016 South Carolina Gamecocks football team,1340740527
2016,South Florida Bulls,Willie Taggart,2013,T. J. Weist / Darren Hiller,Raymond Woodie Jr.,2016 South Florida Bulls football team,1340740545
2016,Southern Miss Golden Eagles,Jay Hopson,2016,Shannon Dawson,Tony Pecoraro,2016 Southern Miss Golden Eagles football team,1340740559
2016,Stanford Cardinal,David Shaw,2011,Mike Bloomgren,Lance Anderson,2016 Stanford Cardinal football team,1366425251
2016,Syracuse Orange,Dino Babers,2016,Sean Lewis / Mike Lynch,Brian Ward,2016 Syracuse Orange football team,1336461037
2016,TCU Horned Frogs,Gary Patterson,2001,Doug Meacham / Sonny Cumbie,Chad Glasgow,2016 TCU Horned Frogs football team,1339456129
2016,Temple Owls,Matt Rhule,2013,Glenn Thomas,Phil Snow,2016 Temple Owls football team,1340740587
2016,Tennessee Volunteers,Butch Jones,2013,Mike DeBord,Bob Shoop,2016 Tennessee Volunteers football team,1373947000
2016,Texas A&M Aggies,Kevin Sumlin,2012,Noel Mazzone,John Chavis,2016 Texas A&M Aggies football team,1340703900
2016,Texas Longhorns,Charlie Strong,2014,Sterlin Gilbert,Vance Bedford,2016 Texas Longhorns football team,1337681965
2016,Texas State Bobcats,Everett Withers,2016,Brett Elliott,Randall McCray,2016 Texas State Bobcats football team,1340740647
2016,Texas Tech Red Raiders,Kliff Kingsbury,2013,Eric Morris,David Gibbs,2016 Texas Tech Red Raiders football team,1373344147
2016,Toledo Rockets,Jason Candle,2016,Brian Wright,Brian George,2016 Toledo Rockets football team,1340339065
2016,Troy Trojans,Neal Brown,2015,Kenny Edenfield / Matt Moore,Vic Koenning,2016 Troy Trojans football team,1340740692
2016,Tulane Green Wave,Willie Fritz,2016,Doug Ruse,Jack Curtis,2016 Tulane Green Wave football team,1352525089
2016,Tulsa Golden Hurricane,Philip Montgomery,2015,Philip Montgomery,Brian Norwood / Bill Young,2016 Tulsa Golden Hurricane football team,1340697807
2016,UCF Knights,Scott Frost,2016,Troy Walters,Erik Chinander,2016 UCF Knights football team,1373348387
2016,UCLA Bruins,Jim L. Mora,2012,Kennedy Polamalu,Tom Bradley,2016 UCLA Bruins football team,1367402344
2016,UConn Huskies,Bob Diaco,2014,Frank Verducci / David Corley Jr.,Anthony Poindexter,2016 UConn Huskies football team,1353064323
2016,UL Monroe Warhawks,Matt Viator,2016,Matt Kubik,Mike Collins,2016 Louisiana–Monroe Warhawks football team,1340740171
2016,UNLV Rebels,Tony Sanchez,2015,Barney Cotton,Kent Baer,2016 UNLV Rebels football team,1340740719
2016,USC Trojans,Clay Helton,2016,Tee Martin,Clancy Pendergast,2016 USC Trojans football team,1363615977
2016,UTEP Miners,Sean Kugler,2013,Brent Pease,Tom Mason,2016 UTEP Miners football team,1340740726
2016,UTSA Roadrunners,Frank Wilson,2016,Frank Scelfo,Pete Golding,2016 UTSA Roadrunners football team,1340740735
2016,Utah State Aggies,Matt Wells,2013,Jovon Bouknight / Luke Wells,Frank Maile / Kendrick Shaver,2016 Utah State Aggies football team,1340740743
2016,Utah Utes,Kyle Whittingham,2005,Aaron Roderick / Jim Harding,Morgan Scalley,2016 Utah Utes football team,1340740752
2016,Vanderbilt Commodores,Derek Mason,2014,Andy Ludwig,,2016 Vanderbilt Commodores football team,1340704086
2016,Virginia Cavaliers,Bronco Mendenhall,2016,Robert Anae,Nick Howell,2016 Virginia Cavaliers football team,1340740781
2016,Virginia Tech Hokies,Justin Fuente,2016,Brad Cornelsen,Bud Foster,2016 Virginia Tech Hokies football team,1340707594
2016,Wake Forest Demon Deacons,Dave Clawson,2014,Warren Ruggiero,Mike Elko,2016 Wake Forest Demon Deacons football team,1336289485
2016,Washington Huskies,Chris Petersen,2014,Jonathan Smith,Pete Kwiatkowski / Jimmy Lake,2016 Washington Huskies football team,1339796375
2016,Washington State Cougars,Mike Leach,2012,,Alex Grinch,2016 Washington State Cougars football team,1340740809
2016,West Virginia Mountaineers,Dana Holgorsen,2011,,Tony Gibson,2016 West Virginia Mountaineers football team,1368178580
2016,Western Kentucky Hilltoppers,Jeff Brohm,2014,Brian Brohm / Tony Levine,Nick Holt,2016 Western Kentucky Hilltoppers football team,1340740883
2016,Western Michigan Broncos,P. J. Fleck,2013,Kirk Ciarrocca,Ed Pinkham,2016 Western Michigan Broncos football team,1365284450
2016,Wisconsin Badgers,Paul Chryst,2015,Joe Rudolph,Justin Wilcox,2016 Wisconsin Badgers football team,1368249789
2016,Wyoming Cowboys,Craig Bohl,2014,Brent Vigen,Steve Stanard,2016 Wyoming Cowboys football team,1344968157
