season,coach,school,conference,games,wins,losses,clean_attribution
2004,Fisher DeBerry,Air Force,Mountain West,11,5,6,true
2004,J.D. Brookhart,Akron,Mid-American,11,6,5,true
2004,Mike Shula,Alabama,SEC,12,6,6,true
2004,Mike Stoops,Arizona,Pac-10,11,3,8,true
2004,Dirk Koetter,Arizona State,Pac-10,12,9,3,true
2004,Houston Nutt,Arkansas,SEC,11,5,6,true
2004,Steve Roberts,Arkansas State,Sun Belt,11,3,8,true
2004,Bobby Ross,Army,Conference USA,11,2,9,true
2004,Tommy Tuberville,Auburn,SEC,13,13,0,true
2004,Gary Crowton,BYU,Mountain West,11,5,6,true
2004,Brady Hoke,Ball State,Mid-American,11,2,9,true
2004,Guy Morriss,Baylor,Big 12,11,3,8,true
2004,Dan Hawkins,Boise State,Western Athletic,12,11,1,true
2004,Tom O'Brien,Boston College,Big East,12,9,3,true
2004,Gregg Brandon,Bowling Green,Mid-American,12,9,3,true
2004,Jim Hofher,Buffalo,Mid-American,11,2,9,true
2004,Jeff Tedford,California,Pac-10,12,10,2,true
2004,Brian Kelly,Central Michigan,Mid-American,11,4,7,true
2004,Mark Dantonio,Cincinnati,Conference USA,12,7,5,true
2004,Tommy Bowden,Clemson,ACC,11,6,5,true
2004,Gary Barnett,Colorado,Big 12,13,8,5,true
2004,Sonny Lubick,Colorado State,Mountain West,11,4,7,true
2004,Ted Roof,Duke,ACC,11,2,9,true
2004,John Thompson,East Carolina,Conference USA,11,2,9,true
2004,Jeff Genyk,Eastern Michigan,Mid-American,11,4,7,true
2004,Ron Zook,Florida,SEC,11,7,4,true
2004,Bobby Bowden,Florida State,ACC,12,9,3,true
2004,Pat Hill,Fresno State,Western Athletic,12,9,3,true
2004,Mark Richt,Georgia,SEC,12,10,2,true
2004,Chan Gailey,Georgia Tech,ACC,12,7,5,true
2004,June Jones,Hawai'i,Western Athletic,13,8,5,true
2004,Art Briles,Houston,Conference USA,11,3,8,true
2004,Nick Holt,Idaho,Sun Belt,12,3,9,true
2004,Ron Turner,Illinois,Big Ten,11,3,8,true
2004,Gerry DiNardo,Indiana,Big Ten,11,3,8,true
2004,Kirk Ferentz,Iowa,Big Ten,12,10,2,true
2004,Dan McCarney,Iowa State,Big 12,12,7,5,true
2004,Mark Mangino,Kansas,Big 12,11,4,7,true
2004,Bill Snyder,Kansas State,Big 12,11,4,7,true
2004,Doug Martin,Kent State,Mid-American,11,5,6,true
2004,Rich Brooks,Kentucky,SEC,11,2,9,true
2004,Nick Saban,LSU,SEC,12,9,3,true
2004,Rickey Bustle,Louisiana,Sun Belt,11,4,7,true
2004,Jack Bicknell,Louisiana Tech,Western Athletic,12,6,6,true
2004,Bobby Petrino,Louisville,Conference USA,12,11,1,true
2004,Bob Pruett,Marshall,Mid-American,12,6,6,true
2004,Ralph Friedgen,Maryland,ACC,11,5,6,true
2004,Tommy West,Memphis,Conference USA,12,8,4,true
2004,Larry Coker,Miami,ACC,12,9,3,true
2004,Terry Hoeppner,Miami (OH),Mid-American,13,8,5,true
2004,Lloyd Carr,Michigan,Big Ten,12,9,3,true
2004,John Smith,Michigan State,Big Ten,12,5,7,true
2004,Andy McCollum,Middle Tennessee,Sun Belt,11,5,6,true
2004,Glen Mason,Minnesota,Big Ten,12,7,5,true
2004,Sylvester Croom,Mississippi State,SEC,11,3,8,true
2004,Gary Pinkel,Missouri,Big 12,11,5,6,true
2004,Chuck Amato,NC State,ACC,11,5,6,true
2004,Paul Johnson,Navy,FBS Independents,12,10,2,true
2004,Bill Callahan,Nebraska,Big 12,11,5,6,true
2004,Chris Ault,Nevada,Western Athletic,12,5,7,true
2004,Rocky Long,New Mexico,Mountain West,12,7,5,true
2004,Tony Samuel,New Mexico State,Sun Belt,11,5,6,true
2004,John Bunting,North Carolina,ACC,12,6,6,true
2004,Darrell Dickey,North Texas,Sun Belt,12,7,5,true
2004,Joe Novak,Northern Illinois,Mid-American,12,9,3,true
2004,Randy Walker,Northwestern,Big Ten,12,6,6,true
2004,Tyrone Willingham,Notre Dame,FBS Independents,11,6,5,true
2004,Brian Knorr,Ohio,Mid-American,11,4,7,true
2004,Jim Tressel,Ohio State,Big Ten,12,8,4,true
2004,Bob Stoops,Oklahoma,Big 12,13,12,1,true
2004,Les Miles,Oklahoma State,Big 12,12,7,5,true
2004,David Cutcliffe,Ole Miss,SEC,11,4,7,true
2004,Mike Bellotti,Oregon,Pac-10,11,5,6,true
2004,Mike Riley,Oregon State,Pac-10,12,7,5,true
2004,Joe Paterno,Penn State,Big Ten,11,4,7,true
2004,Walt Harris,Pittsburgh,Big East,12,8,4,true
2004,Joe Tiller,Purdue,Big Ten,12,7,5,true
2004,Ken Hatfield,Rice,Western Athletic,11,3,8,true
2004,Greg Schiano,Rutgers,Big East,11,4,7,true
2004,Phil Bennett,SMU,Western Athletic,11,3,8,true
2004,Tom Craft,San Diego State,Mountain West,11,4,7,true
2004,Fitz Hill,San José State,Western Athletic,11,2,9,true
2004,Lou Holtz,South Carolina,SEC,11,6,5,true
2004,Jim Leavitt,South Florida,Conference USA,11,4,7,true
2004,Jeff Bower,Southern Miss,Conference USA,12,7,5,true
2004,Buddy Teevens,Stanford,Pac-10,11,4,7,true
2004,Paul Pasqualoni,Syracuse,Big East,12,6,6,true
2004,Gary Patterson,TCU,Conference USA,11,5,6,true
2004,Bobby Wallace,Temple,Big East,11,2,9,true
2004,Phillip Fulmer,Tennessee,SEC,13,10,3,true
2004,Mack Brown,Texas,Big 12,12,11,1,true
2004,Dennis Franchione,Texas A&M,Big 12,12,7,5,true
2004,Mike Leach,Texas Tech,Big 12,12,8,4,true
2004,Tom Amstutz,Toledo,Mid-American,13,9,4,true
2004,Larry Blakeney,Troy,Sun Belt,12,7,5,true
2004,Chris Scelfo,Tulane,Conference USA,11,5,6,true
2004,Steve Kragthorpe,Tulsa,Western Athletic,12,4,8,true
2004,Watson Brown,UAB,Conference USA,12,7,5,true
2004,George O'Leary,UCF,Mid-American,11,0,11,true
2004,Karl Dorrell,UCLA,Pac-10,12,6,6,true
2004,Randy Edsall,UConn,Big East,12,8,4,true
2004,Charlie Weatherbie,UL Monroe,Sun Belt,11,5,6,true
2004,John Robinson,UNLV,Mountain West,11,2,9,true
2004,Pete Carroll,USC,Pac-10,13,13,0,true
2004,Mike Price,UTEP,Western Athletic,12,8,4,true
2004,Urban Meyer,Utah,Mountain West,12,12,0,true
2004,Mick Dennehy,Utah State,Sun Belt,11,3,8,true
2004,Bobby Johnson,Vanderbilt,SEC,11,2,9,true
2004,Al Groh,Virginia,ACC,12,8,4,true
2004,Frank Beamer,Virginia Tech,ACC,13,10,3,true
2004,Jim Grobe,Wake Forest,ACC,11,4,7,true
2004,Keith Gilbertson,Washington,Pac-10,11,1,10,true
2004,Bill Doba,Washington State,Pac-10,11,5,6,true
2004,Rich Rodriguez,West Virginia,Big East,12,8,4,true
2004,Gary Darnell,Western Michigan,Mid-American,11,1,10,true
2004,Barry Alvarez,Wisconsin,Big Ten,12,9,3,true
2004,Joe Glenn,Wyoming,Mountain West,12,7,5,true
2005,Fisher DeBerry,Air Force,Mountain West,11,4,7,true
2005,J.D. Brookhart,Akron,Mid-American,13,7,6,true
2005,Mike Shula,Alabama,SEC,12,10,2,true
2005,Mike Stoops,Arizona,Pac-10,11,3,8,true
2005,Dirk Koetter,Arizona State,Pac-10,12,7,5,true
2005,Houston Nutt,Arkansas,SEC,11,4,7,true
2005,Steve Roberts,Arkansas State,Sun Belt,12,6,6,true
2005,Bobby Ross,Army,FBS Independents,11,4,7,true
2005,Tommy Tuberville,Auburn,SEC,12,9,3,true
2005,Bronco Mendenhall,BYU,Mountain West,12,6,6,true
2005,Brady Hoke,Ball State,Mid-American,11,4,7,true
2005,Guy Morriss,Baylor,Big 12,11,5,6,true
2005,Dan Hawkins,Boise State,Western Athletic,13,9,4,true
2005,Tom O'Brien,Boston College,ACC,12,9,3,true
2005,Gregg Brandon,Bowling Green,Mid-American,11,6,5,true
2005,Jim Hofher,Buffalo,Mid-American,11,1,10,true
2005,Jeff Tedford,California,Pac-10,12,8,4,true
2005,Brian Kelly,Central Michigan,Mid-American,11,6,5,true
2005,Mark Dantonio,Cincinnati,Big East,11,4,7,true
2005,Tommy Bowden,Clemson,ACC,12,8,4,true
2005,Gary Barnett,Colorado,Big 12,12,7,5,true
2005,Sonny Lubick,Colorado State,Mountain West,12,6,6,true
2005,Ted Roof,Duke,ACC,11,1,10,true
2005,Skip Holtz,East Carolina,Conference USA,11,5,6,true
2005,Jeff Genyk,Eastern Michigan,Mid-American,11,4,7,true
2005,Urban Meyer,Florida,SEC,12,9,3,true
2005,Howard Schnellenberger,Florida Atlantic,Sun Belt,11,2,9,true
2005,Don Strock,Florida International,Sun Belt,11,5,6,true
2005,Bobby Bowden,Florida State,ACC,13,8,5,true
2005,Pat Hill,Fresno State,Western Athletic,13,8,5,true
2005,Mark Richt,Georgia,SEC,13,10,3,true
2005,Chan Gailey,Georgia Tech,ACC,12,7,5,true
2005,June Jones,Hawai'i,Western Athletic,12,5,7,true
2005,Art Briles,Houston,Conference USA,12,6,6,true
2005,Nick Holt,Idaho,Western Athletic,11,2,9,true
2005,Ron Zook,Illinois,Big Ten,11,2,9,true
2005,Terry Hoeppner,Indiana,Big Ten,11,4,7,true
2005,Kirk Ferentz,Iowa,Big Ten,12,7,5,true
2005,Dan McCarney,Iowa State,Big 12,12,7,5,true
2005,Mark Mangino,Kansas,Big 12,12,7,5,true
2005,Bill Snyder,Kansas State,Big 12,11,5,6,true
2005,Doug Martin,Kent State,Mid-American,11,1,10,true
2005,Rich Brooks,Kentucky,SEC,11,3,8,true
2005,Les Miles,LSU,SEC,13,11,2,true
2005,Rickey Bustle,Louisiana,Sun Belt,11,6,5,true
2005,Jack Bicknell,Louisiana Tech,Western Athletic,11,7,4,true
2005,Bobby Petrino,Louisville,Big East,12,9,3,true
2005,Mark Snyder,Marshall,Conference USA,11,4,7,true
2005,Ralph Friedgen,Maryland,ACC,11,5,6,true
2005,Tommy West,Memphis,Conference USA,12,7,5,true
2005,Larry Coker,Miami,ACC,12,9,3,true
2005,Shane Montgomery,Miami (OH),Mid-American,11,7,4,true
2005,Lloyd Carr,Michigan,Big Ten,12,7,5,true
2005,John Smith,Michigan State,Big Ten,11,5,6,true
2005,Andy McCollum,Middle Tennessee,Sun Belt,11,4,7,true
2005,Glen Mason,Minnesota,Big Ten,12,7,5,true
2005,Sylvester Croom,Mississippi State,SEC,11,3,8,true
2005,Gary Pinkel,Missouri,Big 12,12,7,5,true
2005,Chuck Amato,NC State,ACC,12,7,5,true
2005,Paul Johnson,Navy,FBS Independents,12,8,4,true
2005,Bill Callahan,Nebraska,Big 12,12,8,4,true
2005,Chris Ault,Nevada,Western Athletic,12,9,3,true
2005,Rocky Long,New Mexico,Mountain West,11,6,5,true
2005,Hal Mumme,New Mexico State,Western Athletic,12,0,12,true
2005,John Bunting,North Carolina,ACC,11,5,6,true
2005,Darrell Dickey,North Texas,Sun Belt,11,2,9,true
2005,Joe Novak,Northern Illinois,Mid-American,12,7,5,true
2005,Randy Walker,Northwestern,Big Ten,12,7,5,true
2005,Charlie Weis,Notre Dame,FBS Independents,12,9,3,true
2005,Frank Solich,Ohio,Mid-American,11,4,7,true
2005,Jim Tressel,Ohio State,Big Ten,12,10,2,true
2005,Bob Stoops,Oklahoma,Big 12,12,8,4,true
2005,Mike Gundy,Oklahoma State,Big 12,11,4,7,true
2005,Ed Orgeron,Ole Miss,SEC,11,3,8,true
2005,Mike Bellotti,Oregon,Pac-10,12,10,2,true
2005,Mike Riley,Oregon State,Pac-10,11,5,6,true
2005,Joe Paterno,Penn State,Big Ten,12,11,1,true
2005,Dave Wannstedt,Pittsburgh,Big East,11,5,6,true
2005,Joe Tiller,Purdue,Big Ten,11,5,6,true
2005,Ken Hatfield,Rice,Conference USA,11,1,10,true
2005,Greg Schiano,Rutgers,Big East,12,7,5,true
2005,Phil Bennett,SMU,Conference USA,11,5,6,true
2005,Tom Craft,San Diego State,Mountain West,12,5,7,true
2005,Dick Tomey,San José State,Western Athletic,11,3,8,true
2005,Steve Spurrier,South Carolina,SEC,12,7,5,true
2005,Jim Leavitt,South Florida,Big East,12,6,6,true
2005,Jeff Bower,Southern Miss,Conference USA,12,7,5,true
2005,Walt Harris,Stanford,Pac-10,11,5,6,true
2005,Greg Robinson,Syracuse,Big East,11,1,10,true
2005,Gary Patterson,TCU,Mountain West,12,11,1,true
2005,Bobby Wallace,Temple,FBS Independents,11,0,11,true
2005,Phillip Fulmer,Tennessee,SEC,11,5,6,true
2005,Mack Brown,Texas,Big 12,13,13,0,true
2005,Dennis Franchione,Texas A&M,Big 12,11,5,6,true
2005,Mike Leach,Texas Tech,Big 12,12,9,3,true
2005,Tom Amstutz,Toledo,Mid-American,12,9,3,true
2005,Larry Blakeney,Troy,Sun Belt,11,4,7,true
2005,Chris Scelfo,Tulane,Conference USA,11,2,9,true
2005,Steve Kragthorpe,Tulsa,Conference USA,13,9,4,true
2005,Watson Brown,UAB,Conference USA,11,5,6,true
2005,George O'Leary,UCF,Conference USA,13,8,5,true
2005,Karl Dorrell,UCLA,Pac-10,12,10,2,true
2005,Randy Edsall,UConn,Big East,11,5,6,true
2005,Charlie Weatherbie,UL Monroe,Sun Belt,11,5,6,true
2005,Mike Sanford Sr.,UNLV,Mountain West,11,2,9,true
2005,Pete Carroll,USC,Pac-10,13,12,1,true
2005,Mike Price,UTEP,Conference USA,12,8,4,true
2005,Kyle Whittingham,Utah,Mountain West,12,7,5,true
2005,Brent Guy,Utah State,Western Athletic,11,3,8,true
2005,Bobby Johnson,Vanderbilt,SEC,11,5,6,true
2005,Al Groh,Virginia,ACC,12,7,5,true
2005,Frank Beamer,Virginia Tech,ACC,13,11,2,true
2005,Jim Grobe,Wake Forest,ACC,11,4,7,true
2005,Tyrone Willingham,Washington,Pac-10,11,2,9,true
2005,Bill Doba,Washington State,Pac-10,11,4,7,true
2005,Rich Rodriguez,West Virginia,Big East,12,11,1,true
2005,Bill Cubit,Western Michigan,Mid-American,11,7,4,true
2005,Barry Alvarez,Wisconsin,Big Ten,13,10,3,true
2005,Joe Glenn,Wyoming,Mountain West,11,4,7,true
2006,Fisher DeBerry,Air Force,Mountain West,12,4,8,true
2006,J.D. Brookhart,Akron,Mid-American,12,5,7,true
2006,Mike Shula,Alabama,SEC,13,6,7,true
2006,Mike Stoops,Arizona,Pac-10,12,6,6,true
2006,Dirk Koetter,Arizona State,Pac-10,13,7,6,true
2006,Houston Nutt,Arkansas,SEC,14,10,4,true
2006,Steve Roberts,Arkansas State,Sun Belt,12,6,6,true
2006,Bobby Ross,Army,FBS Independents,12,3,9,true
2006,Tommy Tuberville,Auburn,SEC,13,11,2,true
2006,Bronco Mendenhall,BYU,Mountain West,13,11,2,true
2006,Brady Hoke,Ball State,Mid-American,12,5,7,true
2006,Guy Morriss,Baylor,Big 12,12,4,8,true
2006,Chris Petersen,Boise State,Western Athletic,13,13,0,true
2006,Tom O'Brien,Boston College,ACC,12,9,3,true
2006,Gregg Brandon,Bowling Green,Mid-American,12,4,8,true
2006,Turner Gill,Buffalo,Mid-American,12,2,10,true
2006,Jeff Tedford,California,Pac-10,13,10,3,true
2006,Brian Kelly,Central Michigan,Mid-American,13,9,4,true
2006,Mark Dantonio,Cincinnati,Big East,12,7,5,true
2006,Tommy Bowden,Clemson,ACC,13,8,5,true
2006,Dan Hawkins,Colorado,Big 12,12,2,10,true
2006,Sonny Lubick,Colorado State,Mountain West,12,4,8,true
2006,Ted Roof,Duke,ACC,12,0,12,true
2006,Skip Holtz,East Carolina,Conference USA,13,7,6,true
2006,Jeff Genyk,Eastern Michigan,Mid-American,12,1,11,true
2006,Urban Meyer,Florida,SEC,14,13,1,true
2006,Howard Schnellenberger,Florida Atlantic,Sun Belt,12,5,7,true
2006,Don Strock,Florida International,Sun Belt,12,0,12,true
2006,Bobby Bowden,Florida State,ACC,13,7,6,true
2006,Pat Hill,Fresno State,Western Athletic,12,4,8,true
2006,Mark Richt,Georgia,SEC,13,9,4,true
2006,Chan Gailey,Georgia Tech,ACC,14,9,5,true
2006,June Jones,Hawai'i,Western Athletic,14,11,3,true
2006,Art Briles,Houston,Conference USA,14,10,4,true
2006,Dennis Erickson,Idaho,Western Athletic,12,4,8,true
2006,Ron Zook,Illinois,Big Ten,12,2,10,true
2006,Terry Hoeppner,Indiana,Big Ten,12,5,7,true
2006,Kirk Ferentz,Iowa,Big Ten,13,6,7,true
2006,Dan McCarney,Iowa State,Big 12,12,4,8,true
2006,Mark Mangino,Kansas,Big 12,12,6,6,true
2006,Ron Prince,Kansas State,Big 12,13,7,6,true
2006,Doug Martin,Kent State,Mid-American,12,6,6,true
2006,Rich Brooks,Kentucky,SEC,13,8,5,true
2006,Les Miles,LSU,SEC,13,11,2,true
2006,Rickey Bustle,Louisiana,Sun Belt,12,6,6,true
2006,Jack Bicknell,Louisiana Tech,Western Athletic,13,3,10,true
2006,Bobby Petrino,Louisville,Big East,13,12,1,true
2006,Mark Snyder,Marshall,Conference USA,12,5,7,true
2006,Ralph Friedgen,Maryland,ACC,13,9,4,true
2006,Tommy West,Memphis,Conference USA,12,2,10,true
2006,Larry Coker,Miami,ACC,13,7,6,true
2006,Shane Montgomery,Miami (OH),Mid-American,12,2,10,true
2006,Lloyd Carr,Michigan,Big Ten,13,11,2,true
2006,John Smith,Michigan State,Big Ten,12,4,8,true
2006,Rick Stockstill,Middle Tennessee,Sun Belt,13,7,6,true
2006,Glen Mason,Minnesota,Big Ten,13,6,7,true
2006,Sylvester Croom,Mississippi State,SEC,12,3,9,true
2006,Gary Pinkel,Missouri,Big 12,13,8,5,true
2006,Chuck Amato,NC State,ACC,12,3,9,true
2006,Paul Johnson,Navy,FBS Independents,13,9,4,true
2006,Bill Callahan,Nebraska,Big 12,14,9,5,true
2006,Chris Ault,Nevada,Western Athletic,13,8,5,true
2006,Rocky Long,New Mexico,Mountain West,13,6,7,true
2006,Hal Mumme,New Mexico State,Western Athletic,12,4,8,true
2006,John Bunting,North Carolina,ACC,12,3,9,true
2006,Darrell Dickey,North Texas,Sun Belt,12,3,9,true
2006,Joe Novak,Northern Illinois,Mid-American,13,7,6,true
2006,Pat Fitzgerald,Northwestern,Big Ten,12,4,8,true
2006,Charlie Weis,Notre Dame,FBS Independents,13,10,3,true
2006,Frank Solich,Ohio,Mid-American,14,9,5,true
2006,Jim Tressel,Ohio State,Big Ten,13,12,1,true
2006,Bob Stoops,Oklahoma,Big 12,14,11,3,true
2006,Mike Gundy,Oklahoma State,Big 12,13,7,6,true
2006,Ed Orgeron,Ole Miss,SEC,12,4,8,true
2006,Mike Bellotti,Oregon,Pac-10,13,7,6,true
2006,Mike Riley,Oregon State,Pac-10,14,10,4,true
2006,Joe Paterno,Penn State,Big Ten,13,9,4,true
2006,Dave Wannstedt,Pittsburgh,Big East,12,6,6,true
2006,Joe Tiller,Purdue,Big Ten,14,8,6,true
2006,Todd Graham,Rice,Conference USA,13,7,6,true
2006,Greg Schiano,Rutgers,Big East,13,11,2,true
2006,Phil Bennett,SMU,Conference USA,12,6,6,true
2006,Chuck Long,San Diego State,Mountain West,12,3,9,true
2006,Dick Tomey,San José State,Western Athletic,13,9,4,true
2006,Steve Spurrier,South Carolina,SEC,13,8,5,true
2006,Jim Leavitt,South Florida,Big East,13,9,4,true
2006,Jeff Bower,Southern Miss,Conference USA,14,9,5,true
2006,Walt Harris,Stanford,Pac-10,12,1,11,true
2006,Greg Robinson,Syracuse,Big East,12,4,8,true
2006,Gary Patterson,TCU,Mountain West,13,11,2,true
2006,Al Golden,Temple,FBS Independents,12,1,11,true
2006,Phillip Fulmer,Tennessee,SEC,13,9,4,true
2006,Mack Brown,Texas,Big 12,13,10,3,true
2006,Dennis Franchione,Texas A&M,Big 12,13,9,4,true
2006,Mike Leach,Texas Tech,Big 12,13,8,5,true
2006,Tom Amstutz,Toledo,Mid-American,12,5,7,true
2006,Larry Blakeney,Troy,Sun Belt,13,8,5,true
2006,Chris Scelfo,Tulane,Conference USA,12,4,8,true
2006,Steve Kragthorpe,Tulsa,Conference USA,13,8,5,true
2006,Watson Brown,UAB,Conference USA,12,3,9,true
2006,George O'Leary,UCF,Conference USA,12,4,8,true
2006,Karl Dorrell,UCLA,Pac-10,13,7,6,true
2006,Randy Edsall,UConn,Big East,12,4,8,true
2006,Charlie Weatherbie,UL Monroe,Sun Belt,12,4,8,true
2006,Mike Sanford Sr.,UNLV,Mountain West,12,2,10,true
2006,Pete Carroll,USC,Pac-10,13,11,2,true
2006,Mike Price,UTEP,Conference USA,12,5,7,true
2006,Kyle Whittingham,Utah,Mountain West,13,8,5,true
2006,Brent Guy,Utah State,Western Athletic,12,1,11,true
2006,Bobby Johnson,Vanderbilt,SEC,12,4,8,true
2006,Al Groh,Virginia,ACC,12,5,7,true
2006,Frank Beamer,Virginia Tech,ACC,13,10,3,true
2006,Jim Grobe,Wake Forest,ACC,14,11,3,true
2006,Tyrone Willingham,Washington,Pac-10,12,5,7,true
2006,Bill Doba,Washington State,Pac-10,12,6,6,true
2006,Rich Rodriguez,West Virginia,Big East,13,11,2,true
2006,Bill Cubit,Western Michigan,Mid-American,13,8,5,true
2006,Bret Bielema,Wisconsin,Big Ten,13,12,1,true
2006,Joe Glenn,Wyoming,Mountain West,12,6,6,true
2007,Troy Calhoun,Air Force,Mountain West,13,9,4,true
2007,J.D. Brookhart,Akron,Mid-American,12,4,8,true
2007,Nick Saban,Alabama,SEC,13,7,6,true
2007,Mike Stoops,Arizona,Pac-10,12,5,7,true
2007,Dennis Erickson,Arizona State,Pac-10,13,10,3,true
2007,Houston Nutt,Arkansas,SEC,12,8,4,true
2007,Steve Roberts,Arkansas State,Sun Belt,12,5,7,true
2007,Stan Brock,Army,FBS Independents,12,3,9,true
2007,Tommy Tuberville,Auburn,SEC,13,9,4,true
2007,Bronco Mendenhall,BYU,Mountain West,13,11,2,true
2007,Brady Hoke,Ball State,Mid-American,13,7,6,true
2007,Guy Morriss,Baylor,Big 12,12,3,9,true
2007,Chris Petersen,Boise State,Western Athletic,13,10,3,true
2007,Jeff Jagodzinski,Boston College,ACC,14,11,3,true
2007,Gregg Brandon,Bowling Green,Mid-American,13,8,5,true
2007,Turner Gill,Buffalo,Mid-American,12,5,7,true
2007,Jeff Tedford,California,Pac-10,13,7,6,true
2007,Butch Jones,Central Michigan,Mid-American,14,8,6,true
2007,Brian Kelly,Cincinnati,Big East,13,10,3,true
2007,Tommy Bowden,Clemson,ACC,13,9,4,true
2007,Dan Hawkins,Colorado,Big 12,13,6,7,true
2007,Sonny Lubick,Colorado State,Mountain West,12,3,9,true
2007,Ted Roof,Duke,ACC,12,1,11,true
2007,Skip Holtz,East Carolina,Conference USA,13,8,5,true
2007,Jeff Genyk,Eastern Michigan,Mid-American,12,4,8,true
2007,Urban Meyer,Florida,SEC,13,9,4,true
2007,Howard Schnellenberger,Florida Atlantic,Sun Belt,13,8,5,true
2007,Mario Cristobal,Florida International,Sun Belt,12,1,11,true
2007,Bobby Bowden,Florida State,ACC,13,7,6,true
2007,Pat Hill,Fresno State,Western Athletic,13,9,4,true
2007,Mark Richt,Georgia,SEC,13,11,2,true
2007,Chan Gailey,Georgia Tech,ACC,12,7,5,true
2007,June Jones,Hawai'i,Western Athletic,13,12,1,true
2007,Art Briles,Houston,Conference USA,12,8,4,true
2007,Ron Zook,Illinois,Big Ten,13,9,4,true
2007,Bill Lynch,Indiana,Big Ten,13,7,6,true
2007,Kirk Ferentz,Iowa,Big Ten,12,6,6,true
2007,Gene Chizik,Iowa State,Big 12,12,3,9,true
2007,Mark Mangino,Kansas,Big 12,13,12,1,true
2007,Ron Prince,Kansas State,Big 12,12,5,7,true
2007,Doug Martin,Kent State,Mid-American,12,3,9,true
2007,Rich Brooks,Kentucky,SEC,13,8,5,true
2007,Les Miles,LSU,SEC,14,12,2,true
2007,Rickey Bustle,Louisiana,Sun Belt,12,3,9,true
2007,Derek Dooley,Louisiana Tech,Western Athletic,12,5,7,true
2007,Steve Kragthorpe,Louisville,Big East,12,6,6,true
2007,Mark Snyder,Marshall,Conference USA,12,3,9,true
2007,Ralph Friedgen,Maryland,ACC,13,6,7,true
2007,Tommy West,Memphis,Conference USA,13,7,6,true
2007,Randy Shannon,Miami,ACC,12,5,7,true
2007,Shane Montgomery,Miami (OH),Mid-American,13,6,7,true
2007,Lloyd Carr,Michigan,Big Ten,13,9,4,true
2007,Mark Dantonio,Michigan State,Big Ten,13,7,6,true
2007,Rick Stockstill,Middle Tennessee,Sun Belt,12,5,7,true
2007,Tim Brewster,Minnesota,Big Ten,12,1,11,true
2007,Sylvester Croom,Mississippi State,SEC,13,8,5,true
2007,Gary Pinkel,Missouri,Big 12,14,12,2,true
2007,Tom O'Brien,NC State,ACC,12,5,7,true
2007,Paul Johnson,Navy,FBS Independents,12,8,4,true
2007,Bill Callahan,Nebraska,Big 12,12,5,7,true
2007,Chris Ault,Nevada,Western Athletic,13,6,7,true
2007,Rocky Long,New Mexico,Mountain West,13,9,4,true
2007,Hal Mumme,New Mexico State,Western Athletic,13,4,9,true
2007,Butch Davis,North Carolina,ACC,12,4,8,true
2007,Todd Dodge,North Texas,Sun Belt,12,2,10,true
2007,Joe Novak,Northern Illinois,Mid-American,12,2,10,true
2007,Pat Fitzgerald,Northwestern,Big Ten,12,6,6,true
2007,Charlie Weis,Notre Dame,FBS Independents,12,3,9,true
2007,Frank Solich,Ohio,Mid-American,12,6,6,true
2007,Jim Tressel,Ohio State,Big Ten,13,11,2,true
2007,Bob Stoops,Oklahoma,Big 12,14,11,3,true
2007,Mike Gundy,Oklahoma State,Big 12,13,7,6,true
2007,Ed Orgeron,Ole Miss,SEC,12,3,9,true
2007,Mike Bellotti,Oregon,Pac-10,13,9,4,true
2007,Mike Riley,Oregon State,Pac-10,13,9,4,true
2007,Joe Paterno,Penn State,Big Ten,13,9,4,true
2007,Dave Wannstedt,Pittsburgh,Big East,12,5,7,true
2007,Joe Tiller,Purdue,Big Ten,13,8,5,true
2007,David Bailiff,Rice,Conference USA,12,3,9,true
2007,Greg Schiano,Rutgers,Big East,13,8,5,true
2007,Phil Bennett,SMU,Conference USA,12,1,11,true
2007,Chuck Long,San Diego State,Mountain West,12,4,8,true
2007,Dick Tomey,San José State,Western Athletic,12,5,7,true
2007,Steve Spurrier,South Carolina,SEC,12,6,6,true
2007,Jim Leavitt,South Florida,Big East,13,9,4,true
2007,Jeff Bower,Southern Miss,Conference USA,13,7,6,true
2007,Jim Harbaugh,Stanford,Pac-10,12,4,8,true
2007,Greg Robinson,Syracuse,Big East,12,2,10,true
2007,Gary Patterson,TCU,Mountain West,13,8,5,true
2007,Al Golden,Temple,Mid-American,12,4,8,true
2007,Phillip Fulmer,Tennessee,SEC,14,10,4,true
2007,Mack Brown,Texas,Big 12,13,10,3,true
2007,Dennis Franchione,Texas A&M,Big 12,13,7,6,true
2007,Mike Leach,Texas Tech,Big 12,13,9,4,true
2007,Tom Amstutz,Toledo,Mid-American,12,5,7,true
2007,Larry Blakeney,Troy,Sun Belt,12,8,4,true
2007,Bob Toledo,Tulane,Conference USA,12,4,8,true
2007,Todd Graham,Tulsa,Conference USA,14,10,4,true
2007,Neil Callaway,UAB,Conference USA,12,2,10,true
2007,George O'Leary,UCF,Conference USA,14,10,4,true
2007,Karl Dorrell,UCLA,Pac-10,12,6,6,true
2007,Randy Edsall,UConn,Big East,13,9,4,true
2007,Charlie Weatherbie,UL Monroe,Sun Belt,12,6,6,true
2007,Mike Sanford Sr.,UNLV,Mountain West,12,2,10,true
2007,Pete Carroll,USC,Pac-10,13,11,2,true
2007,Mike Price,UTEP,Conference USA,12,4,8,true
2007,Kyle Whittingham,Utah,Mountain West,13,9,4,true
2007,Brent Guy,Utah State,Western Athletic,12,2,10,true
2007,Bobby Johnson,Vanderbilt,SEC,12,5,7,true
2007,Al Groh,Virginia,ACC,13,9,4,true
2007,Frank Beamer,Virginia Tech,ACC,14,11,3,true
2007,Jim Grobe,Wake Forest,ACC,13,9,4,true
2007,Tyrone Willingham,Washington,Pac-10,13,4,9,true
2007,Bill Doba,Washington State,Pac-10,12,5,7,true
2007,Rich Rodriguez,West Virginia,Big East,12,10,2,true
2007,David Elson,Western Kentucky,FCS Independents,12,7,5,true
2007,Bill Cubit,Western Michigan,Mid-American,12,5,7,true
2007,Bret Bielema,Wisconsin,Big Ten,13,9,4,true
2007,Joe Glenn,Wyoming,Mountain West,12,5,7,true
2008,Troy Calhoun,Air Force,Mountain West,13,8,5,true
2008,J.D. Brookhart,Akron,Mid-American,12,5,7,true
2008,Nick Saban,Alabama,SEC,14,12,2,true
2008,Mike Stoops,Arizona,Pac-10,13,8,5,true
2008,Dennis Erickson,Arizona State,Pac-10,12,5,7,true
2008,Bobby Petrino,Arkansas,SEC,12,5,7,true
2008,Steve Roberts,Arkansas State,Sun Belt,12,6,6,true
2008,Stan Brock,Army,FBS Independents,12,3,9,true
2008,Tommy Tuberville,Auburn,SEC,12,5,7,true
2008,Bronco Mendenhall,BYU,Mountain West,13,10,3,true
2008,Brady Hoke,Ball State,Mid-American,13,12,1,true
2008,Art Briles,Baylor,Big 12,12,4,8,true
2008,Chris Petersen,Boise State,Western Athletic,13,12,1,true
2008,Jeff Jagodzinski,Boston College,ACC,14,9,5,true
2008,Gregg Brandon,Bowling Green,Mid-American,12,6,6,true
2008,Turner Gill,Buffalo,Mid-American,14,8,6,true
2008,Jeff Tedford,California,Pac-10,13,9,4,true
2008,Butch Jones,Central Michigan,Mid-American,13,8,5,true
2008,Brian Kelly,Cincinnati,Big East,14,11,3,true
2008,Dan Hawkins,Colorado,Big 12,12,5,7,true
2008,Steve Fairchild,Colorado State,Mountain West,13,7,6,true
2008,David Cutcliffe,Duke,ACC,12,4,8,true
2008,Skip Holtz,East Carolina,Conference USA,14,9,5,true
2008,Jeff Genyk,Eastern Michigan,Mid-American,12,3,9,true
2008,Urban Meyer,Florida,SEC,14,13,1,true
2008,Howard Schnellenberger,Florida Atlantic,Sun Belt,13,7,6,true
2008,Mario Cristobal,Florida International,Sun Belt,12,5,7,true
2008,Bobby Bowden,Florida State,ACC,13,9,4,true
2008,Pat Hill,Fresno State,Western Athletic,13,7,6,true
2008,Mark Richt,Georgia,SEC,13,10,3,true
2008,Paul Johnson,Georgia Tech,ACC,13,9,4,true
2008,Greg McMackin,Hawai'i,Western Athletic,14,7,7,true
2008,Kevin Sumlin,Houston,Conference USA,13,8,5,true
2008,Ron Zook,Illinois,Big Ten,12,5,7,true
2008,Bill Lynch,Indiana,Big Ten,12,3,9,true
2008,Kirk Ferentz,Iowa,Big Ten,13,9,4,true
2008,Gene Chizik,Iowa State,Big 12,12,2,10,true
2008,Mark Mangino,Kansas,Big 12,13,8,5,true
2008,Ron Prince,Kansas State,Big 12,12,5,7,true
2008,Doug Martin,Kent State,Mid-American,12,4,8,true
2008,Rich Brooks,Kentucky,SEC,13,7,6,true
2008,Les Miles,LSU,SEC,13,8,5,true
2008,Rickey Bustle,Louisiana,Sun Belt,12,6,6,true
2008,Derek Dooley,Louisiana Tech,Western Athletic,13,8,5,true
2008,Steve Kragthorpe,Louisville,Big East,12,5,7,true
2008,Mark Snyder,Marshall,Conference USA,12,4,8,true
2008,Ralph Friedgen,Maryland,ACC,13,8,5,true
2008,Tommy West,Memphis,Conference USA,13,6,7,true
2008,Randy Shannon,Miami,ACC,13,7,6,true
2008,Shane Montgomery,Miami (OH),Mid-American,12,2,10,true
2008,Rich Rodriguez,Michigan,Big Ten,12,3,9,true
2008,Mark Dantonio,Michigan State,Big Ten,13,9,4,true
2008,Rick Stockstill,Middle Tennessee,Sun Belt,12,5,7,true
2008,Tim Brewster,Minnesota,Big Ten,13,7,6,true
2008,Sylvester Croom,Mississippi State,SEC,12,4,8,true
2008,Gary Pinkel,Missouri,Big 12,14,10,4,true
2008,Tom O'Brien,NC State,ACC,13,6,7,true
2008,Ken Niumatalolo,Navy,FBS Independents,13,8,5,true
2008,Bo Pelini,Nebraska,Big 12,13,9,4,true
2008,Chris Ault,Nevada,Western Athletic,13,7,6,true
2008,Rocky Long,New Mexico,Mountain West,12,4,8,true
2008,Hal Mumme,New Mexico State,Western Athletic,12,3,9,true
2008,Butch Davis,North Carolina,ACC,13,8,5,true
2008,Todd Dodge,North Texas,Sun Belt,12,1,11,true
2008,Jerry Kill,Northern Illinois,Mid-American,13,6,7,true
2008,Pat Fitzgerald,Northwestern,Big Ten,13,9,4,true
2008,Charlie Weis,Notre Dame,FBS Independents,13,7,6,true
2008,Frank Solich,Ohio,Mid-American,12,4,8,true
2008,Jim Tressel,Ohio State,Big Ten,13,10,3,true
2008,Bob Stoops,Oklahoma,Big 12,14,12,2,true
2008,Mike Gundy,Oklahoma State,Big 12,13,9,4,true
2008,Houston Nutt,Ole Miss,SEC,13,9,4,true
2008,Mike Bellotti,Oregon,Pac-10,13,10,3,true
2008,Mike Riley,Oregon State,Pac-10,13,9,4,true
2008,Joe Paterno,Penn State,Big Ten,13,11,2,true
2008,Dave Wannstedt,Pittsburgh,Big East,13,9,4,true
2008,Joe Tiller,Purdue,Big Ten,12,4,8,true
2008,David Bailiff,Rice,Conference USA,13,10,3,true
2008,Greg Schiano,Rutgers,Big East,13,8,5,true
2008,June Jones,SMU,Conference USA,12,1,11,true
2008,Chuck Long,San Diego State,Mountain West,12,2,10,true
2008,Dick Tomey,San José State,Western Athletic,12,6,6,true
2008,Steve Spurrier,South Carolina,SEC,13,7,6,true
2008,Jim Leavitt,South Florida,Big East,13,8,5,true
2008,Larry Fedora,Southern Miss,Conference USA,13,7,6,true
2008,Jim Harbaugh,Stanford,Pac-10,12,5,7,true
2008,Greg Robinson,Syracuse,Big East,12,3,9,true
2008,Gary Patterson,TCU,Mountain West,13,11,2,true
2008,Al Golden,Temple,Mid-American,12,5,7,true
2008,Phillip Fulmer,Tennessee,SEC,12,5,7,true
2008,Mack Brown,Texas,Big 12,13,12,1,true
2008,Mike Sherman,Texas A&M,Big 12,12,4,8,true
2008,Mike Leach,Texas Tech,Big 12,13,11,2,true
2008,Tom Amstutz,Toledo,Mid-American,12,3,9,true
2008,Larry Blakeney,Troy,Sun Belt,13,8,5,true
2008,Bob Toledo,Tulane,Conference USA,12,2,10,true
2008,Todd Graham,Tulsa,Conference USA,14,11,3,true
2008,Neil Callaway,UAB,Conference USA,12,4,8,true
2008,George O'Leary,UCF,Conference USA,12,4,8,true
2008,Rick Neuheisel,UCLA,Pac-10,12,4,8,true
2008,Randy Edsall,UConn,Big East,13,8,5,true
2008,Charlie Weatherbie,UL Monroe,Sun Belt,12,4,8,true
2008,Mike Sanford Sr.,UNLV,Mountain West,12,5,7,true
2008,Pete Carroll,USC,Pac-10,13,12,1,true
2008,Mike Price,UTEP,Conference USA,12,5,7,true
2008,Kyle Whittingham,Utah,Mountain West,13,13,0,true
2008,Brent Guy,Utah State,Western Athletic,12,3,9,true
2008,Bobby Johnson,Vanderbilt,SEC,13,7,6,true
2008,Al Groh,Virginia,ACC,12,5,7,true
2008,Frank Beamer,Virginia Tech,ACC,14,10,4,true
2008,Jim Grobe,Wake Forest,ACC,13,8,5,true
2008,Tyrone Willingham,Washington,Pac-10,12,0,12,true
2008,Paul Wulff,Washington State,Pac-10,13,2,11,true
2008,Bill Stewart,West Virginia,Big East,13,9,4,true
2008,David Elson,Western Kentucky,FBS Independents,12,2,10,true
2008,Bill Cubit,Western Michigan,Mid-American,13,9,4,true
2008,Bret Bielema,Wisconsin,Big Ten,13,7,6,true
2008,Joe Glenn,Wyoming,Mountain West,12,4,8,true
2009,Troy Calhoun,Air Force,Mountain West,13,8,5,true
2009,J.D. Brookhart,Akron,Mid-American,12,3,9,true
2009,Nick Saban,Alabama,SEC,14,14,0,true
2009,Mike Stoops,Arizona,Pac-10,13,8,5,true
2009,Dennis Erickson,Arizona State,Pac-10,12,4,8,true
2009,Bobby Petrino,Arkansas,SEC,13,8,5,true
2009,Steve Roberts,Arkansas State,Sun Belt,12,4,8,true
2009,Rich Ellerson,Army,FBS Independents,12,5,7,true
2009,Gene Chizik,Auburn,SEC,13,8,5,true
2009,Bronco Mendenhall,BYU,Mountain West,13,11,2,true
2009,Stan Parrish,Ball State,Mid-American,12,2,10,true
2009,Art Briles,Baylor,Big 12,12,4,8,true
2009,Chris Petersen,Boise State,Western Athletic,14,14,0,true
2009,Frank Spaziani,Boston College,ACC,13,8,5,true
2009,Dave Clawson,Bowling Green,Mid-American,13,7,6,true
2009,Turner Gill,Buffalo,Mid-American,12,5,7,true
2009,Jeff Tedford,California,Pac-10,13,8,5,true
2009,Butch Jones,Central Michigan,Mid-American,13,11,2,true
2009,Brian Kelly,Cincinnati,Big East,12,12,0,true
2009,Dabo Swinney,Clemson,ACC,14,9,5,true
2009,Dan Hawkins,Colorado,Big 12,12,3,9,true
2009,Steve Fairchild,Colorado State,Mountain West,12,3,9,true
2009,David Cutcliffe,Duke,ACC,12,5,7,true
2009,Skip Holtz,East Carolina,Conference USA,14,9,5,true
2009,Ron English,Eastern Michigan,Mid-American,12,0,12,true
2009,Urban Meyer,Florida,SEC,14,13,1,true
2009,Howard Schnellenberger,Florida Atlantic,Sun Belt,12,5,7,true
2009,Mario Cristobal,Florida International,Sun Belt,12,3,9,true
2009,Bobby Bowden,Florida State,ACC,13,7,6,true
2009,Pat Hill,Fresno State,Western Athletic,13,8,5,true
2009,Mark Richt,Georgia,SEC,13,8,5,true
2009,Paul Johnson,Georgia Tech,ACC,14,11,3,true
2009,Greg McMackin,Hawai'i,Western Athletic,13,6,7,true
2009,Kevin Sumlin,Houston,Conference USA,14,10,4,true
2009,Ron Zook,Illinois,Big Ten,12,3,9,true
2009,Bill Lynch,Indiana,Big Ten,12,4,8,true
2009,Kirk Ferentz,Iowa,Big Ten,13,11,2,true
2009,Paul Rhoads,Iowa State,Big 12,12,7,5,true
2009,Mark Mangino,Kansas,Big 12,12,5,7,true
2009,Bill Snyder,Kansas State,Big 12,12,6,6,true
2009,Doug Martin,Kent State,Mid-American,12,5,7,true
2009,Rich Brooks,Kentucky,SEC,13,7,6,true
2009,Les Miles,LSU,SEC,13,9,4,true
2009,Rickey Bustle,Louisiana,Sun Belt,12,6,6,true
2009,Derek Dooley,Louisiana Tech,Western Athletic,12,4,8,true
2009,Steve Kragthorpe,Louisville,Big East,12,4,8,true
2009,Mark Snyder,Marshall,Conference USA,13,7,6,true
2009,Ralph Friedgen,Maryland,ACC,12,2,10,true
2009,Tommy West,Memphis,Conference USA,12,2,10,true
2009,Randy Shannon,Miami,ACC,13,9,4,true
2009,Michael Haywood,Miami (OH),Mid-American,12,1,11,true
2009,Rich Rodriguez,Michigan,Big Ten,12,5,7,true
2009,Mark Dantonio,Michigan State,Big Ten,13,6,7,true
2009,Rick Stockstill,Middle Tennessee,Sun Belt,13,10,3,true
2009,Tim Brewster,Minnesota,Big Ten,13,6,7,true
2009,Dan Mullen,Mississippi State,SEC,12,5,7,true
2009,Gary Pinkel,Missouri,Big 12,13,8,5,true
2009,Tom O'Brien,NC State,ACC,12,5,7,true
2009,Ken Niumatalolo,Navy,FBS Independents,14,10,4,true
2009,Bo Pelini,Nebraska,Big 12,14,10,4,true
2009,Chris Ault,Nevada,Western Athletic,13,8,5,true
2009,Mike Locksley,New Mexico,Mountain West,12,1,11,true
2009,DeWayne Walker,New Mexico State,Western Athletic,13,3,10,true
2009,Butch Davis,North Carolina,ACC,13,8,5,true
2009,Todd Dodge,North Texas,Sun Belt,12,2,10,true
2009,Jerry Kill,Northern Illinois,Mid-American,13,7,6,true
2009,Pat Fitzgerald,Northwestern,Big Ten,13,8,5,true
2009,Charlie Weis,Notre Dame,FBS Independents,12,6,6,true
2009,Frank Solich,Ohio,Mid-American,14,9,5,true
2009,Jim Tressel,Ohio State,Big Ten,13,11,2,true
2009,Bob Stoops,Oklahoma,Big 12,13,8,5,true
2009,Mike Gundy,Oklahoma State,Big 12,13,9,4,true
2009,Houston Nutt,Ole Miss,SEC,13,9,4,true
2009,Chip Kelly,Oregon,Pac-10,13,10,3,true
2009,Mike Riley,Oregon State,Pac-10,13,8,5,true
2009,Joe Paterno,Penn State,Big Ten,13,11,2,true
2009,Dave Wannstedt,Pittsburgh,Big East,13,10,3,true
2009,Danny Hope,Purdue,Big Ten,12,5,7,true
2009,David Bailiff,Rice,Conference USA,12,2,10,true
2009,Greg Schiano,Rutgers,Big East,13,9,4,true
2009,June Jones,SMU,Conference USA,13,8,5,true
2009,Brady Hoke,San Diego State,Mountain West,12,4,8,true
2009,Dick Tomey,San José State,Western Athletic,12,2,10,true
2009,Steve Spurrier,South Carolina,SEC,13,7,6,true
2009,Jim Leavitt,South Florida,Big East,13,8,5,true
2009,Larry Fedora,Southern Miss,Conference USA,13,7,6,true
2009,Jim Harbaugh,Stanford,Pac-10,13,8,5,true
2009,Doug Marrone,Syracuse,Big East,12,4,8,true
2009,Gary Patterson,TCU,Mountain West,13,12,1,true
2009,Al Golden,Temple,Mid-American,13,9,4,true
2009,Lane Kiffin,Tennessee,SEC,13,7,6,true
2009,Mack Brown,Texas,Big 12,14,13,1,true
2009,Mike Sherman,Texas A&M,Big 12,13,6,7,true
2009,Mike Leach,Texas Tech,Big 12,12,8,4,true
2009,Tim Beckman,Toledo,Mid-American,12,5,7,true
2009,Larry Blakeney,Troy,Sun Belt,13,9,4,true
2009,Bob Toledo,Tulane,Conference USA,12,3,9,true
2009,Todd Graham,Tulsa,Conference USA,12,5,7,true
2009,Neil Callaway,UAB,Conference USA,12,5,7,true
2009,George O'Leary,UCF,Conference USA,13,8,5,true
2009,Rick Neuheisel,UCLA,Pac-10,13,7,6,true
2009,Randy Edsall,UConn,Big East,13,8,5,true
2009,Charlie Weatherbie,UL Monroe,Sun Belt,12,6,6,true
2009,Mike Sanford Sr.,UNLV,Mountain West,12,5,7,true
2009,Pete Carroll,USC,Pac-10,13,9,4,true
2009,Mike Price,UTEP,Conference USA,12,4,8,true
2009,Kyle Whittingham,Utah,Mountain West,13,10,3,true
2009,Gary Andersen,Utah State,Western Athletic,12,4,8,true
2009,Bobby Johnson,Vanderbilt,SEC,12,2,10,true
2009,Al Groh,Virginia,ACC,12,3,9,true
2009,Frank Beamer,Virginia Tech,ACC,13,10,3,true
2009,Jim Grobe,Wake Forest,ACC,12,5,7,true
2009,Steve Sarkisian,Washington,Pac-10,12,5,7,true
2009,Paul Wulff,Washington State,Pac-10,12,1,11,true
2009,Bill Stewart,West Virginia,Big East,13,9,4,true
2009,David Elson,Western Kentucky,Sun Belt,12,0,12,true
2009,Bill Cubit,Western Michigan,Mid-American,12,5,7,true
2009,Bret Bielema,Wisconsin,Big Ten,13,10,3,true
2009,Dave Christensen,Wyoming,Mountain West,13,7,6,true
2010,Troy Calhoun,Air Force,Mountain West,13,9,4,true
2010,Rob Ianello,Akron,Mid-American,12,1,11,true
2010,Nick Saban,Alabama,SEC,13,10,3,true
2010,Mike Stoops,Arizona,Pac-10,13,7,6,true
2010,Dennis Erickson,Arizona State,Pac-10,12,6,6,true
2010,Bobby Petrino,Arkansas,SEC,13,10,3,true
2010,Steve Roberts,Arkansas State,Sun Belt,12,4,8,true
2010,Rich Ellerson,Army,FBS Independents,13,7,6,true
2010,Gene Chizik,Auburn,SEC,14,14,0,true
2010,Bronco Mendenhall,BYU,Mountain West,13,7,6,true
2010,Stan Parrish,Ball State,Mid-American,12,4,8,true
2010,Art Briles,Baylor,Big 12,13,7,6,true
2010,Chris Petersen,Boise State,Western Athletic,13,12,1,true
2010,Frank Spaziani,Boston College,ACC,13,7,6,true
2010,Dave Clawson,Bowling Green,Mid-American,12,2,10,true
2010,Jeff Quinn,Buffalo,Mid-American,12,2,10,true
2010,Jeff Tedford,California,Pac-10,12,5,7,true
2010,Dan Enos,Central Michigan,Mid-American,12,3,9,true
2010,Butch Jones,Cincinnati,Big East,12,4,8,true
2010,Dabo Swinney,Clemson,ACC,13,6,7,true
2010,Dan Hawkins,Colorado,Big 12,9,3,6,true
2010,Steve Fairchild,Colorado State,Mountain West,12,3,9,true
2010,David Cutcliffe,Duke,ACC,12,3,9,true
2010,Ruffin McNeill,East Carolina,Conference USA,13,6,7,true
2010,Ron English,Eastern Michigan,Mid-American,12,2,10,true
2010,Urban Meyer,Florida,SEC,13,8,5,true
2010,Howard Schnellenberger,Florida Atlantic,Sun Belt,12,4,8,true
2010,Mario Cristobal,Florida International,Sun Belt,13,7,6,true
2010,Jimbo Fisher,Florida State,ACC,14,10,4,true
2010,Pat Hill,Fresno State,Western Athletic,13,8,5,true
2010,Mark Richt,Georgia,SEC,13,6,7,true
2010,Paul Johnson,Georgia Tech,ACC,13,6,7,true
2010,Greg McMackin,Hawai'i,Western Athletic,14,10,4,true
2010,Kevin Sumlin,Houston,Conference USA,12,5,7,true
2010,Ron Zook,Illinois,Big Ten,13,7,6,true
2010,Bill Lynch,Indiana,Big Ten,12,5,7,true
2010,Kirk Ferentz,Iowa,Big Ten,13,8,5,true
2010,Paul Rhoads,Iowa State,Big 12,12,5,7,true
2010,Turner Gill,Kansas,Big 12,12,3,9,true
2010,Bill Snyder,Kansas State,Big 12,13,7,6,true
2010,Doug Martin,Kent State,Mid-American,12,5,7,true
2010,Joker Phillips,Kentucky,SEC,13,6,7,true
2010,Les Miles,LSU,SEC,13,11,2,true
2010,Rickey Bustle,Louisiana,Sun Belt,12,3,9,true
2010,Sonny Dykes,Louisiana Tech,Western Athletic,12,5,7,true
2010,Charlie Strong,Louisville,Big East,13,7,6,true
2010,Doc Holliday,Marshall,Conference USA,12,5,7,true
2010,Ralph Friedgen,Maryland,ACC,13,9,4,true
2010,Larry Porter,Memphis,Conference USA,12,1,11,true
2010,Randy Shannon,Miami,ACC,12,7,5,true
2010,Michael Haywood,Miami (OH),Mid-American,13,9,4,true
2010,Rich Rodriguez,Michigan,Big Ten,13,7,6,true
2010,Mark Dantonio,Michigan State,Big Ten,13,11,2,true
2010,Rick Stockstill,Middle Tennessee,Sun Belt,13,6,7,true
2010,Dan Mullen,Mississippi State,SEC,13,9,4,true
2010,Gary Pinkel,Missouri,Big 12,13,10,3,true
2010,Tom O'Brien,NC State,ACC,13,9,4,true
2010,Ken Niumatalolo,Navy,FBS Independents,13,9,4,true
2010,Bo Pelini,Nebraska,Big 12,14,10,4,true
2010,Chris Ault,Nevada,Western Athletic,14,13,1,true
2010,Mike Locksley,New Mexico,Mountain West,12,1,11,true
2010,DeWayne Walker,New Mexico State,Western Athletic,12,2,10,true
2010,Butch Davis,North Carolina,ACC,13,8,5,true
2010,Jerry Kill,Northern Illinois,Mid-American,13,10,3,true
2010,Pat Fitzgerald,Northwestern,Big Ten,13,7,6,true
2010,Brian Kelly,Notre Dame,FBS Independents,13,8,5,true
2010,Frank Solich,Ohio,Mid-American,13,8,5,true
2010,Jim Tressel,Ohio State,Big Ten,13,12,1,true
2010,Bob Stoops,Oklahoma,Big 12,14,12,2,true
2010,Mike Gundy,Oklahoma State,Big 12,13,11,2,true
2010,Houston Nutt,Ole Miss,SEC,12,4,8,true
2010,Chip Kelly,Oregon,Pac-10,13,12,1,true
2010,Mike Riley,Oregon State,Pac-10,12,5,7,true
2010,Joe Paterno,Penn State,Big Ten,13,7,6,true
2010,Dave Wannstedt,Pittsburgh,Big East,12,7,5,true
2010,Danny Hope,Purdue,Big Ten,12,4,8,true
2010,David Bailiff,Rice,Conference USA,12,4,8,true
2010,Greg Schiano,Rutgers,Big East,12,4,8,true
2010,June Jones,SMU,Conference USA,14,7,7,true
2010,Brady Hoke,San Diego State,Mountain West,13,9,4,true
2010,Mike MacIntyre,San José State,Western Athletic,13,1,12,true
2010,Steve Spurrier,South Carolina,SEC,14,9,5,true
2010,Skip Holtz,South Florida,Big East,13,8,5,true
2010,Larry Fedora,Southern Miss,Conference USA,13,8,5,true
2010,Jim Harbaugh,Stanford,Pac-10,13,12,1,true
2010,Doug Marrone,Syracuse,Big East,13,8,5,true
2010,Gary Patterson,TCU,Mountain West,13,13,0,true
2010,Al Golden,Temple,Mid-American,12,8,4,true
2010,Derek Dooley,Tennessee,SEC,13,6,7,true
2010,Mack Brown,Texas,Big 12,12,5,7,true
2010,Mike Sherman,Texas A&M,Big 12,13,9,4,true
2010,Tommy Tuberville,Texas Tech,Big 12,13,8,5,true
2010,Tim Beckman,Toledo,Mid-American,13,8,5,true
2010,Larry Blakeney,Troy,Sun Belt,13,8,5,true
2010,Bob Toledo,Tulane,Conference USA,12,4,8,true
2010,Todd Graham,Tulsa,Conference USA,13,10,3,true
2010,Neil Callaway,UAB,Conference USA,12,4,8,true
2010,George O'Leary,UCF,Conference USA,14,11,3,true
2010,Rick Neuheisel,UCLA,Pac-10,12,4,8,true
2010,Randy Edsall,UConn,Big East,13,8,5,true
2010,Todd Berry,UL Monroe,Sun Belt,12,5,7,true
2010,Bobby Hauck,UNLV,Mountain West,13,2,11,true
2010,Lane Kiffin,USC,Pac-10,13,8,5,true
2010,Mike Price,UTEP,Conference USA,13,6,7,true
2010,Kyle Whittingham,Utah,Mountain West,13,10,3,true
2010,Gary Andersen,Utah State,Western Athletic,12,4,8,true
2010,Robbie Caldwell,Vanderbilt,SEC,12,2,10,true
2010,Mike London,Virginia,ACC,12,4,8,true
2010,Frank Beamer,Virginia Tech,ACC,14,11,3,true
2010,Jim Grobe,Wake Forest,ACC,12,3,9,true
2010,Steve Sarkisian,Washington,Pac-10,13,7,6,true
2010,Paul Wulff,Washington State,Pac-10,12,2,10,true
2010,Bill Stewart,West Virginia,Big East,13,9,4,true
2010,Willie Taggart,Western Kentucky,Sun Belt,12,2,10,true
2010,Bill Cubit,Western Michigan,Mid-American,12,6,6,true
2010,Bret Bielema,Wisconsin,Big Ten,13,11,2,true
2010,Dave Christensen,Wyoming,Mountain West,12,3,9,true
2011,Troy Calhoun,Air Force,Mountain West,13,7,6,true
2011,Rob Ianello,Akron,Mid-American,12,1,11,true
2011,Nick Saban,Alabama,SEC,13,12,1,true
2011,Dennis Erickson,Arizona State,Pac-12,13,6,7,true
2011,Bobby Petrino,Arkansas,SEC,13,11,2,true
2011,Hugh Freeze,Arkansas State,Sun Belt,13,10,3,true
2011,Rich Ellerson,Army,FBS Independents,12,3,9,true
2011,Gene Chizik,Auburn,SEC,13,8,5,true
2011,Bronco Mendenhall,BYU,FBS Independents,13,10,3,true
2011,Pete Lembo,Ball State,Mid-American,12,6,6,true
2011,Art Briles,Baylor,Big 12,13,10,3,true
2011,Chris Petersen,Boise State,Mountain West,13,12,1,true
2011,Frank Spaziani,Boston College,ACC,12,4,8,true
2011,Dave Clawson,Bowling Green,Mid-American,12,5,7,true
2011,Jeff Quinn,Buffalo,Mid-American,12,3,9,true
2011,Jeff Tedford,California,Pac-12,13,7,6,true
2011,Dan Enos,Central Michigan,Mid-American,12,3,9,true
2011,Butch Jones,Cincinnati,Big East,13,10,3,true
2011,Dabo Swinney,Clemson,ACC,14,10,4,true
2011,Jon Embree,Colorado,Pac-12,13,3,10,true
2011,Steve Fairchild,Colorado State,Mountain West,12,3,9,true
2011,David Cutcliffe,Duke,ACC,12,3,9,true
2011,Ruffin McNeill,East Carolina,Conference USA,12,5,7,true
2011,Ron English,Eastern Michigan,Mid-American,12,6,6,true
2011,Will Muschamp,Florida,SEC,13,7,6,true
2011,Howard Schnellenberger,Florida Atlantic,Sun Belt,12,1,11,true
2011,Mario Cristobal,Florida International,Sun Belt,13,8,5,true
2011,Jimbo Fisher,Florida State,ACC,13,9,4,true
2011,Pat Hill,Fresno State,Western Athletic,13,4,9,true
2011,Mark Richt,Georgia,SEC,14,10,4,true
2011,Paul Johnson,Georgia Tech,ACC,13,8,5,true
2011,Greg McMackin,Hawai'i,Western Athletic,13,6,7,true
2011,Kevin Sumlin,Houston,Conference USA,13,12,1,true
2011,Ron Zook,Illinois,Big Ten,12,6,6,true
2011,Kevin Wilson,Indiana,Big Ten,12,1,11,true
2011,Kirk Ferentz,Iowa,Big Ten,13,7,6,true
2011,Paul Rhoads,Iowa State,Big 12,13,6,7,true
2011,Turner Gill,Kansas,Big 12,12,2,10,true
2011,Bill Snyder,Kansas State,Big 12,13,10,3,true
2011,Darrell Hazell,Kent State,Mid-American,12,5,7,true
2011,Joker Phillips,Kentucky,SEC,12,5,7,true
2011,Les Miles,LSU,SEC,14,13,1,true
2011,Mark Hudspeth,Louisiana,Sun Belt,13,9,4,true
2011,Sonny Dykes,Louisiana Tech,Western Athletic,13,8,5,true
2011,Charlie Strong,Louisville,Big East,13,7,6,true
2011,Doc Holliday,Marshall,Conference USA,13,7,6,true
2011,Randy Edsall,Maryland,ACC,12,2,10,true
2011,Larry Porter,Memphis,Conference USA,12,2,10,true
2011,Al Golden,Miami,ACC,12,6,6,true
2011,Don Treadwell,Miami (OH),Mid-American,12,4,8,true
2011,Brady Hoke,Michigan,Big Ten,13,11,2,true
2011,Mark Dantonio,Michigan State,Big Ten,14,11,3,true
2011,Rick Stockstill,Middle Tennessee,Sun Belt,12,2,10,true
2011,Jerry Kill,Minnesota,Big Ten,12,3,9,true
2011,Dan Mullen,Mississippi State,SEC,13,7,6,true
2011,Gary Pinkel,Missouri,Big 12,13,8,5,true
2011,Tom O'Brien,NC State,ACC,13,8,5,true
2011,Ken Niumatalolo,Navy,FBS Independents,12,5,7,true
2011,Bo Pelini,Nebraska,Big Ten,13,9,4,true
2011,Chris Ault,Nevada,Western Athletic,13,7,6,true
2011,DeWayne Walker,New Mexico State,Western Athletic,13,4,9,true
2011,Everett Withers,North Carolina,ACC,13,7,6,true
2011,Dan McCarney,North Texas,Sun Belt,12,5,7,true
2011,Dave Doeren,Northern Illinois,Mid-American,14,11,3,true
2011,Pat Fitzgerald,Northwestern,Big Ten,13,6,7,true
2011,Brian Kelly,Notre Dame,FBS Independents,13,8,5,true
2011,Frank Solich,Ohio,Mid-American,14,10,4,true
2011,Luke Fickell,Ohio State,Big Ten,13,6,7,true
2011,Bob Stoops,Oklahoma,Big 12,13,10,3,true
2011,Mike Gundy,Oklahoma State,Big 12,13,12,1,true
2011,Houston Nutt,Ole Miss,SEC,12,2,10,true
2011,Chip Kelly,Oregon,Pac-12,14,12,2,true
2011,Mike Riley,Oregon State,Pac-12,12,3,9,true
2011,Joe Paterno,Penn State,Big Ten,9,8,1,true
2011,Todd Graham,Pittsburgh,Big East,12,6,6,true
2011,Danny Hope,Purdue,Big Ten,13,7,6,true
2011,David Bailiff,Rice,Conference USA,12,4,8,true
2011,Greg Schiano,Rutgers,Big East,13,9,4,true
2011,June Jones,SMU,Conference USA,13,8,5,true
2011,Rocky Long,San Diego State,Mountain West,13,8,5,true
2011,Mike MacIntyre,San José State,Western Athletic,12,5,7,true
2011,Steve Spurrier,South Carolina,SEC,13,11,2,true
2011,Skip Holtz,South Florida,Big East,12,5,7,true
2011,Larry Fedora,Southern Miss,Conference USA,14,12,2,true
2011,David Shaw,Stanford,Pac-12,13,11,2,true
2011,Doug Marrone,Syracuse,Big East,12,5,7,true
2011,Gary Patterson,TCU,Mountain West,13,11,2,true
2011,Steve Addazio,Temple,Mid-American,13,9,4,true
2011,Derek Dooley,Tennessee,SEC,12,5,7,true
2011,Mack Brown,Texas,Big 12,13,8,5,true
2011,Mike Sherman,Texas A&M,Big 12,12,6,6,true
2011,Tommy Tuberville,Texas Tech,Big 12,12,5,7,true
2011,Matt Campbell,Toledo,Mid-American,1,1,0,true
2011,Larry Blakeney,Troy,Sun Belt,12,3,9,true
2011,Bob Toledo,Tulane,Conference USA,7,2,5,true
2011,Bill Blankenship,Tulsa,Conference USA,13,8,5,true
2011,Neil Callaway,UAB,Conference USA,12,3,9,true
2011,George O'Leary,UCF,Conference USA,12,5,7,true
2011,Rick Neuheisel,UCLA,Pac-12,12,6,6,true
2011,Paul Pasqualoni,UConn,Big East,12,5,7,true
2011,Todd Berry,UL Monroe,Sun Belt,12,4,8,true
2011,Bobby Hauck,UNLV,Mountain West,12,2,10,true
2011,Lane Kiffin,USC,Pac-12,12,10,2,true
2011,Mike Price,UTEP,Conference USA,12,5,7,true
2011,Kyle Whittingham,Utah,Pac-12,13,8,5,true
2011,Gary Andersen,Utah State,Western Athletic,13,7,6,true
2011,James Franklin,Vanderbilt,SEC,13,6,7,true
2011,Mike London,Virginia,ACC,13,8,5,true
2011,Frank Beamer,Virginia Tech,ACC,14,11,3,true
2011,Jim Grobe,Wake Forest,ACC,13,6,7,true
2011,Steve Sarkisian,Washington,Pac-12,13,7,6,true
2011,Paul Wulff,Washington State,Pac-12,12,4,8,true
2011,Dana Holgorsen,West Virginia,Big East,13,10,3,true
2011,Willie Taggart,Western Kentucky,Sun Belt,12,7,5,true
2011,Bill Cubit,Western Michigan,Mid-American,13,7,6,true
2011,Bret Bielema,Wisconsin,Big Ten,14,11,3,true
2011,Dave Christensen,Wyoming,Mountain West,13,8,5,true
2012,Troy Calhoun,Air Force,Mountain West,13,6,7,true
2012,Terry Bowden,Akron,Mid-American,12,1,11,true
2012,Nick Saban,Alabama,SEC,14,13,1,true
2012,Rich Rodriguez,Arizona,Pac-12,13,8,5,true
2012,Todd Graham,Arizona State,Pac-12,13,8,5,true
2012,John Smith,Arkansas,SEC,12,4,8,true
2012,Gus Malzahn,Arkansas State,Sun Belt,12,9,3,true
2012,Rich Ellerson,Army,FBS Independents,12,2,10,true
2012,Gene Chizik,Auburn,SEC,12,3,9,true
2012,Bronco Mendenhall,BYU,FBS Independents,13,8,5,true
2012,Pete Lembo,Ball State,Mid-American,13,9,4,true
2012,Art Briles,Baylor,Big 12,13,8,5,true
2012,Chris Petersen,Boise State,Mountain West,13,11,2,true
2012,Frank Spaziani,Boston College,ACC,12,2,10,true
2012,Dave Clawson,Bowling Green,Mid-American,13,8,5,true
2012,Jeff Quinn,Buffalo,Mid-American,12,4,8,true
2012,Jeff Tedford,California,Pac-12,12,3,9,true
2012,Dan Enos,Central Michigan,Mid-American,13,7,6,true
2012,Butch Jones,Cincinnati,Big East,12,9,3,true
2012,Dabo Swinney,Clemson,ACC,13,11,2,true
2012,Jon Embree,Colorado,Pac-12,12,1,11,true
2012,Jim McElwain,Colorado State,Mountain West,12,4,8,true
2012,David Cutcliffe,Duke,ACC,13,6,7,true
2012,Ruffin McNeill,East Carolina,Conference USA,13,8,5,true
2012,Ron English,Eastern Michigan,Mid-American,12,2,10,true
2012,Will Muschamp,Florida,SEC,13,11,2,true
2012,Carl Pelini,Florida Atlantic,Sun Belt,12,3,9,true
2012,Mario Cristobal,Florida International,Sun Belt,12,3,9,true
2012,Jimbo Fisher,Florida State,ACC,14,12,2,true
2012,Tim DeRuyter,Fresno State,Mountain West,13,9,4,true
2012,Mark Richt,Georgia,SEC,14,12,2,true
2012,Paul Johnson,Georgia Tech,ACC,14,7,7,true
2012,Norm Chow,Hawai'i,Mountain West,12,3,9,true
2012,Tony Levine,Houston,Conference USA,12,5,7,true
2012,Tim Beckman,Illinois,Big Ten,12,2,10,true
2012,Kevin Wilson,Indiana,Big Ten,12,4,8,true
2012,Kirk Ferentz,Iowa,Big Ten,12,4,8,true
2012,Paul Rhoads,Iowa State,Big 12,13,6,7,true
2012,Charlie Weis,Kansas,Big 12,12,1,11,true
2012,Bill Snyder,Kansas State,Big 12,13,11,2,true
2012,Darrell Hazell,Kent State,Mid-American,14,11,3,true
2012,Joker Phillips,Kentucky,SEC,12,2,10,true
2012,Les Miles,LSU,SEC,13,10,3,true
2012,Mark Hudspeth,Louisiana,Sun Belt,13,9,4,true
2012,Sonny Dykes,Louisiana Tech,Western Athletic,12,9,3,true
2012,Charlie Strong,Louisville,Big East,13,11,2,true
2012,Doc Holliday,Marshall,Conference USA,12,5,7,true
2012,Randy Edsall,Maryland,ACC,12,4,8,true
2012,Charley Molnar,Massachusetts,Mid-American,12,1,11,true
2012,Justin Fuente,Memphis,Conference USA,12,4,8,true
2012,Al Golden,Miami,ACC,12,7,5,true
2012,Don Treadwell,Miami (OH),Mid-American,12,4,8,true
2012,Brady Hoke,Michigan,Big Ten,13,8,5,true
2012,Mark Dantonio,Michigan State,Big Ten,13,7,6,true
2012,Rick Stockstill,Middle Tennessee,Sun Belt,12,8,4,true
2012,Jerry Kill,Minnesota,Big Ten,13,6,7,true
2012,Dan Mullen,Mississippi State,SEC,13,8,5,true
2012,Gary Pinkel,Missouri,SEC,12,5,7,true
2012,Tom O'Brien,NC State,ACC,12,7,5,true
2012,Ken Niumatalolo,Navy,FBS Independents,13,8,5,true
2012,Bo Pelini,Nebraska,Big Ten,14,10,4,true
2012,Chris Ault,Nevada,Mountain West,13,7,6,true
2012,Bob Davie,New Mexico,Mountain West,13,4,9,true
2012,DeWayne Walker,New Mexico State,Western Athletic,12,1,11,true
2012,Larry Fedora,North Carolina,ACC,12,8,4,true
2012,Dan McCarney,North Texas,Sun Belt,12,4,8,true
2012,Dave Doeren,Northern Illinois,Mid-American,13,12,1,true
2012,Pat Fitzgerald,Northwestern,Big Ten,13,10,3,true
2012,Brian Kelly,Notre Dame,FBS Independents,13,12,1,true
2012,Frank Solich,Ohio,Mid-American,13,9,4,true
2012,Urban Meyer,Ohio State,Big Ten,12,12,0,true
2012,Bob Stoops,Oklahoma,Big 12,13,10,3,true
2012,Mike Gundy,Oklahoma State,Big 12,13,8,5,true
2012,Hugh Freeze,Ole Miss,SEC,13,7,6,true
2012,Chip Kelly,Oregon,Pac-12,13,12,1,true
2012,Mike Riley,Oregon State,Pac-12,13,9,4,true
2012,Bill O'Brien,Penn State,Big Ten,12,8,4,true
2012,Paul Chryst,Pittsburgh,Big East,13,6,7,true
2012,Danny Hope,Purdue,Big Ten,6,3,3,true
2012,David Bailiff,Rice,Conference USA,13,7,6,true
2012,Kyle Flood,Rutgers,Big East,13,9,4,true
2012,June Jones,SMU,Conference USA,13,7,6,true
2012,Rocky Long,San Diego State,Mountain West,13,9,4,true
2012,Mike MacIntyre,San José State,Western Athletic,12,10,2,true
2012,Joey Jones,South Alabama,Sun Belt,13,2,11,true
2012,Steve Spurrier,South Carolina,SEC,13,11,2,true
2012,Skip Holtz,South Florida,Big East,12,3,9,true
2012,Ellis Johnson,Southern Miss,Conference USA,12,0,12,true
2012,David Shaw,Stanford,Pac-12,14,12,2,true
2012,Doug Marrone,Syracuse,Big East,13,8,5,true
2012,Gary Patterson,TCU,Big 12,13,7,6,true
2012,Steve Addazio,Temple,Big East,11,4,7,true
2012,Derek Dooley,Tennessee,SEC,11,4,7,true
2012,Mack Brown,Texas,Big 12,13,9,4,true
2012,Kevin Sumlin,Texas A&M,SEC,13,11,2,true
2012,Dennis Franchione,Texas State,Western Athletic,12,4,8,true
2012,Tommy Tuberville,Texas Tech,Big 12,12,7,5,true
2012,Matt Campbell,Toledo,Mid-American,13,9,4,true
2012,Larry Blakeney,Troy,Sun Belt,12,5,7,true
2012,Bill Blankenship,Tulsa,Conference USA,14,11,3,true
2012,Garrick McGee,UAB,Conference USA,12,3,9,true
2012,George O'Leary,UCF,Conference USA,14,10,4,true
2012,Jim Mora,UCLA,Pac-12,14,9,5,true
2012,Paul Pasqualoni,UConn,Big East,12,5,7,true
2012,Todd Berry,UL Monroe,Sun Belt,13,8,5,true
2012,Bobby Hauck,UNLV,Mountain West,13,2,11,true
2012,Lane Kiffin,USC,Pac-12,13,7,6,true
2012,Mike Price,UTEP,Conference USA,12,3,9,true
2012,Larry Coker,UTSA,Western Athletic,12,8,4,true
2012,Kyle Whittingham,Utah,Pac-12,12,5,7,true
2012,Gary Andersen,Utah State,Western Athletic,13,11,2,true
2012,James Franklin,Vanderbilt,SEC,13,9,4,true
2012,Mike London,Virginia,ACC,12,4,8,true
2012,Frank Beamer,Virginia Tech,ACC,13,7,6,true
2012,Jim Grobe,Wake Forest,ACC,12,5,7,true
2012,Steve Sarkisian,Washington,Pac-12,13,7,6,true
2012,Mike Leach,Washington State,Pac-12,12,3,9,true
2012,Dana Holgorsen,West Virginia,Big 12,13,7,6,true
2012,Willie Taggart,Western Kentucky,Sun Belt,12,7,5,true
2012,Bill Cubit,Western Michigan,Mid-American,12,4,8,true
2012,Bret Bielema,Wisconsin,Big Ten,13,8,5,true
2012,Dave Christensen,Wyoming,Mountain West,12,4,8,true
2013,Troy Calhoun,Air Force,Mountain West,12,2,10,true
2013,Terry Bowden,Akron,Mid-American,12,5,7,true
2013,Nick Saban,Alabama,SEC,13,11,2,true
2013,Rich Rodriguez,Arizona,Pac-12,13,8,5,true
2013,Todd Graham,Arizona State,Pac-12,14,10,4,true
2013,Bret Bielema,Arkansas,SEC,12,3,9,true
2013,Bryan Harsin,Arkansas State,Sun Belt,12,7,5,true
2013,Rich Ellerson,Army,FBS Independents,12,3,9,true
2013,Gus Malzahn,Auburn,SEC,14,12,2,true
2013,Bronco Mendenhall,BYU,FBS Independents,13,8,5,true
2013,Pete Lembo,Ball State,Mid-American,13,10,3,true
2013,Art Briles,Baylor,Big 12,13,11,2,true
2013,Chris Petersen,Boise State,Mountain West,12,8,4,true
2013,Steve Addazio,Boston College,ACC,13,7,6,true
2013,Dave Clawson,Bowling Green,Mid-American,14,10,4,true
2013,Jeff Quinn,Buffalo,Mid-American,13,8,5,true
2013,Sonny Dykes,California,Pac-12,12,1,11,true
2013,Dan Enos,Central Michigan,Mid-American,12,6,6,true
2013,Tommy Tuberville,Cincinnati,American Athletic,13,9,4,true
2013,Dabo Swinney,Clemson,ACC,13,11,2,true
2013,Mike MacIntyre,Colorado,Pac-12,12,4,8,true
2013,Jim McElwain,Colorado State,Mountain West,14,8,6,true
2013,David Cutcliffe,Duke,ACC,14,10,4,true
2013,Ruffin McNeill,East Carolina,Conference USA,13,10,3,true
2013,Will Muschamp,Florida,SEC,12,4,8,true
2013,Ron Turner,Florida International,Conference USA,12,1,11,true
2013,Jimbo Fisher,Florida State,ACC,14,14,0,true
2013,Tim DeRuyter,Fresno State,Mountain West,13,11,2,true
2013,Mark Richt,Georgia,SEC,13,8,5,true
2013,Trent Miles,Georgia State,Sun Belt,12,0,12,true
2013,Paul Johnson,Georgia Tech,ACC,13,7,6,true
2013,Norm Chow,Hawai'i,Mountain West,12,1,11,true
2013,Tony Levine,Houston,American Athletic,13,8,5,true
2013,Paul Petrino,Idaho,FBS Independents,12,1,11,true
2013,Tim Beckman,Illinois,Big Ten,12,4,8,true
2013,Kevin Wilson,Indiana,Big Ten,12,5,7,true
2013,Kirk Ferentz,Iowa,Big Ten,13,8,5,true
2013,Paul Rhoads,Iowa State,Big 12,12,3,9,true
2013,Charlie Weis,Kansas,Big 12,12,3,9,true
2013,Bill Snyder,Kansas State,Big 12,13,8,5,true
2013,Paul Haynes,Kent State,Mid-American,12,4,8,true
2013,Mark Stoops,Kentucky,SEC,12,2,10,true
2013,Les Miles,LSU,SEC,13,10,3,true
2013,Mark Hudspeth,Louisiana,Sun Belt,13,9,4,true
2013,Skip Holtz,Louisiana Tech,Conference USA,12,4,8,true
2013,Charlie Strong,Louisville,American Athletic,13,12,1,true
2013,Doc Holliday,Marshall,Conference USA,14,10,4,true
2013,Randy Edsall,Maryland,ACC,13,7,6,true
2013,Charley Molnar,Massachusetts,Mid-American,12,1,11,true
2013,Justin Fuente,Memphis,American Athletic,12,3,9,true
2013,Al Golden,Miami,ACC,13,9,4,true
2013,Brady Hoke,Michigan,Big Ten,13,7,6,true
2013,Mark Dantonio,Michigan State,Big Ten,14,13,1,true
2013,Rick Stockstill,Middle Tennessee,Conference USA,13,8,5,true
2013,Jerry Kill,Minnesota,Big Ten,13,8,5,true
2013,Dan Mullen,Mississippi State,SEC,13,7,6,true
2013,Gary Pinkel,Missouri,SEC,14,12,2,true
2013,Dave Doeren,NC State,ACC,12,3,9,true
2013,Ken Niumatalolo,Navy,FBS Independents,13,9,4,true
2013,Bo Pelini,Nebraska,Big Ten,13,9,4,true
2013,Brian Polian,Nevada,Mountain West,12,4,8,true
2013,Bob Davie,New Mexico,Mountain West,12,3,9,true
2013,Doug Martin,New Mexico State,FBS Independents,12,2,10,true
2013,Larry Fedora,North Carolina,ACC,13,7,6,true
2013,Dan McCarney,North Texas,Conference USA,13,9,4,true
2013,Rod Carey,Northern Illinois,Mid-American,14,12,2,true
2013,Pat Fitzgerald,Northwestern,Big Ten,12,5,7,true
2013,Brian Kelly,Notre Dame,FBS Independents,13,9,4,true
2013,Frank Solich,Ohio,Mid-American,13,7,6,true
2013,Urban Meyer,Ohio State,Big Ten,14,12,2,true
2013,Bob Stoops,Oklahoma,Big 12,13,11,2,true
2013,Mike Gundy,Oklahoma State,Big 12,13,10,3,true
2013,Hugh Freeze,Ole Miss,SEC,13,8,5,true
2013,Mark Helfrich,Oregon,Pac-12,13,11,2,true
2013,Mike Riley,Oregon State,Pac-12,13,7,6,true
2013,Bill O'Brien,Penn State,Big Ten,12,7,5,true
2013,Paul Chryst,Pittsburgh,ACC,13,7,6,true
2013,Darrell Hazell,Purdue,Big Ten,12,1,11,true
2013,David Bailiff,Rice,Conference USA,14,10,4,true
2013,Kyle Flood,Rutgers,American Athletic,13,6,7,true
2013,June Jones,SMU,American Athletic,12,5,7,true
2013,Rocky Long,San Diego State,Mountain West,13,8,5,true
2013,Ron Caragher,San José State,Mountain West,12,6,6,true
2013,Joey Jones,South Alabama,Sun Belt,12,6,6,true
2013,Steve Spurrier,South Carolina,SEC,13,11,2,true
2013,Willie Taggart,South Florida,American Athletic,12,2,10,true
2013,Todd Monken,Southern Miss,Conference USA,12,1,11,true
2013,David Shaw,Stanford,Pac-12,14,11,3,true
2013,Scott Shafer,Syracuse,ACC,12,6,6,true
2013,Gary Patterson,TCU,Big 12,12,4,8,true
2013,Matt Rhule,Temple,American Athletic,12,2,10,true
2013,Butch Jones,Tennessee,SEC,12,5,7,true
2013,Mack Brown,Texas,Big 12,13,8,5,true
2013,Kevin Sumlin,Texas A&M,SEC,13,9,4,true
2013,Dennis Franchione,Texas State,Sun Belt,12,6,6,true
2013,Kliff Kingsbury,Texas Tech,Big 12,13,8,5,true
2013,Matt Campbell,Toledo,Mid-American,12,7,5,true
2013,Larry Blakeney,Troy,Sun Belt,12,6,6,true
2013,Curtis Johnson,Tulane,Conference USA,13,7,6,true
2013,Bill Blankenship,Tulsa,Conference USA,12,3,9,true
2013,Garrick McGee,UAB,Conference USA,12,2,10,true
2013,George O'Leary,UCF,American Athletic,13,12,1,true
2013,Jim Mora,UCLA,Pac-12,13,10,3,true
2013,Paul Pasqualoni,UConn,American Athletic,4,0,4,true
2013,Todd Berry,UL Monroe,Sun Belt,12,6,6,true
2013,Bobby Hauck,UNLV,Mountain West,13,7,6,true
2013,Sean Kugler,UTEP,Conference USA,12,2,10,true
2013,Larry Coker,UTSA,Conference USA,12,7,5,true
2013,Kyle Whittingham,Utah,Pac-12,12,5,7,true
2013,Matt Wells,Utah State,Mountain West,14,9,5,true
2013,James Franklin,Vanderbilt,SEC,13,9,4,true
2013,Mike London,Virginia,ACC,12,2,10,true
2013,Frank Beamer,Virginia Tech,ACC,13,8,5,true
2013,Jim Grobe,Wake Forest,ACC,12,4,8,true
2013,Steve Sarkisian,Washington,Pac-12,12,8,4,true
2013,Mike Leach,Washington State,Pac-12,13,6,7,true
2013,Dana Holgorsen,West Virginia,Big 12,12,4,8,true
2013,Bobby Petrino,Western Kentucky,Sun Belt,12,8,4,true
2013,P.J. Fleck,Western Michigan,Mid-American,12,1,11,true
2013,Gary Andersen,Wisconsin,Big Ten,13,9,4,true
2013,Dave Christensen,Wyoming,Mountain West,12,5,7,true
2014,Troy Calhoun,Air Force,Mountain West,13,10,3,true
2014,Terry Bowden,Akron,Mid-American,12,5,7,true
2014,Nick Saban,Alabama,SEC,14,12,2,true
2014,Scott Satterfield,App State,Sun Belt,12,7,5,true
2014,Rich Rodriguez,Arizona,Pac-12,14,10,4,true
2014,Todd Graham,Arizona State,Pac-12,13,10,3,true
2014,Bret Bielema,Arkansas,SEC,13,7,6,true
2014,Blake Anderson,Arkansas State,Sun Belt,13,7,6,true
2014,Jeff Monken,Army,FBS Independents,12,4,8,true
2014,Gus Malzahn,Auburn,SEC,13,8,5,true
2014,Bronco Mendenhall,BYU,FBS Independents,13,8,5,true
2014,Pete Lembo,Ball State,Mid-American,12,5,7,true
2014,Art Briles,Baylor,Big 12,13,11,2,true
2014,Bryan Harsin,Boise State,Mountain West,14,12,2,true
2014,Steve Addazio,Boston College,ACC,13,7,6,true
2014,Dino Babers,Bowling Green,Mid-American,14,8,6,true
2014,Sonny Dykes,California,Pac-12,12,5,7,true
2014,Dan Enos,Central Michigan,Mid-American,13,7,6,true
2014,Tommy Tuberville,Cincinnati,American Athletic,13,9,4,true
2014,Dabo Swinney,Clemson,ACC,13,10,3,true
2014,Mike MacIntyre,Colorado,Pac-12,12,2,10,true
2014,Jim McElwain,Colorado State,Mountain West,12,10,2,true
2014,David Cutcliffe,Duke,ACC,13,9,4,true
2014,Ruffin McNeill,East Carolina,American Athletic,13,8,5,true
2014,Chris Creighton,Eastern Michigan,Mid-American,12,2,10,true
2014,Will Muschamp,Florida,SEC,11,6,5,true
2014,Charlie Partridge,Florida Atlantic,Conference USA,12,3,9,true
2014,Ron Turner,Florida International,Conference USA,12,4,8,true
2014,Jimbo Fisher,Florida State,ACC,14,13,1,true
2014,Tim DeRuyter,Fresno State,Mountain West,14,6,8,true
2014,Mark Richt,Georgia,SEC,13,10,3,true
2014,Willie Fritz,Georgia Southern,Sun Belt,12,9,3,true
2014,Trent Miles,Georgia State,Sun Belt,12,1,11,true
2014,Paul Johnson,Georgia Tech,ACC,14,11,3,true
2014,Norm Chow,Hawai'i,Mountain West,13,4,9,true
2014,Tony Levine,Houston,American Athletic,12,7,5,true
2014,Paul Petrino,Idaho,Sun Belt,11,1,10,true
2014,Tim Beckman,Illinois,Big Ten,13,6,7,true
2014,Kevin Wilson,Indiana,Big Ten,12,4,8,true
2014,Kirk Ferentz,Iowa,Big Ten,13,7,6,true
2014,Paul Rhoads,Iowa State,Big 12,12,2,10,true
2014,Charlie Weis,Kansas,Big 12,4,2,2,true
2014,Bill Snyder,Kansas State,Big 12,13,9,4,true
2014,Paul Haynes,Kent State,Mid-American,11,2,9,true
2014,Mark Stoops,Kentucky,SEC,12,5,7,true
2014,Les Miles,LSU,SEC,13,8,5,true
2014,Mark Hudspeth,Louisiana,Sun Belt,13,9,4,true
2014,Skip Holtz,Louisiana Tech,Conference USA,14,9,5,true
2014,Bobby Petrino,Louisville,ACC,13,9,4,true
2014,Doc Holliday,Marshall,Conference USA,14,13,1,true
2014,Randy Edsall,Maryland,Big Ten,13,7,6,true
2014,Mark Whipple,Massachusetts,Mid-American,12,3,9,true
2014,Justin Fuente,Memphis,American Athletic,13,10,3,true
2014,Al Golden,Miami,ACC,13,6,7,true
2014,Chuck Martin,Miami (OH),Mid-American,12,2,10,true
2014,Brady Hoke,Michigan,Big Ten,12,5,7,true
2014,Mark Dantonio,Michigan State,Big Ten,13,11,2,true
2014,Rick Stockstill,Middle Tennessee,Conference USA,12,6,6,true
2014,Jerry Kill,Minnesota,Big Ten,13,8,5,true
2014,Dan Mullen,Mississippi State,SEC,13,10,3,true
2014,Gary Pinkel,Missouri,SEC,14,11,3,true
2014,Dave Doeren,NC State,ACC,13,8,5,true
2014,Ken Niumatalolo,Navy,FBS Independents,13,8,5,true
2014,Bo Pelini,Nebraska,Big Ten,12,9,3,true
2014,Brian Polian,Nevada,Mountain West,13,7,6,true
2014,Bob Davie,New Mexico,Mountain West,12,4,8,true
2014,Doug Martin,New Mexico State,Sun Belt,12,2,10,true
2014,Larry Fedora,North Carolina,ACC,13,6,7,true
2014,Dan McCarney,North Texas,Conference USA,12,4,8,true
2014,Rod Carey,Northern Illinois,Mid-American,14,11,3,true
2014,Pat Fitzgerald,Northwestern,Big Ten,12,5,7,true
2014,Brian Kelly,Notre Dame,FBS Independents,13,8,5,true
2014,Frank Solich,Ohio,Mid-American,12,6,6,true
2014,Urban Meyer,Ohio State,Big Ten,15,14,1,true
2014,Bob Stoops,Oklahoma,Big 12,13,8,5,true
2014,Mike Gundy,Oklahoma State,Big 12,13,7,6,true
2014,Bobby Wilder,Old Dominion,Conference USA,12,6,6,true
2014,Hugh Freeze,Ole Miss,SEC,13,9,4,true
2014,Mark Helfrich,Oregon,Pac-12,15,13,2,true
2014,Mike Riley,Oregon State,Pac-12,12,5,7,true
2014,James Franklin,Penn State,Big Ten,13,7,6,true
2014,Paul Chryst,Pittsburgh,ACC,12,6,6,true
2014,Darrell Hazell,Purdue,Big Ten,12,3,9,true
2014,David Bailiff,Rice,Conference USA,13,8,5,true
2014,Kyle Flood,Rutgers,Big Ten,13,8,5,true
2014,June Jones,SMU,American Athletic,2,0,2,true
2014,Rocky Long,San Diego State,Mountain West,13,7,6,true
2014,Ron Caragher,San José State,Mountain West,12,3,9,true
2014,Joey Jones,South Alabama,Sun Belt,13,6,7,true
2014,Steve Spurrier,South Carolina,SEC,13,7,6,true
2014,Willie Taggart,South Florida,American Athletic,12,4,8,true
2014,Todd Monken,Southern Miss,Conference USA,12,3,9,true
2014,David Shaw,Stanford,Pac-12,13,8,5,true
2014,Scott Shafer,Syracuse,ACC,12,3,9,true
2014,Gary Patterson,TCU,Big 12,13,12,1,true
2014,Matt Rhule,Temple,American Athletic,12,6,6,true
2014,Butch Jones,Tennessee,SEC,13,7,6,true
2014,Charlie Strong,Texas,Big 12,13,6,7,true
2014,Kevin Sumlin,Texas A&M,SEC,13,8,5,true
2014,Dennis Franchione,Texas State,Sun Belt,12,7,5,true
2014,Kliff Kingsbury,Texas Tech,Big 12,12,4,8,true
2014,Matt Campbell,Toledo,Mid-American,13,9,4,true
2014,Larry Blakeney,Troy,Sun Belt,12,3,9,true
2014,Curtis Johnson,Tulane,American Athletic,12,3,9,true
2014,Bill Blankenship,Tulsa,American Athletic,12,2,10,true
2014,Bill Clark,UAB,Conference USA,12,6,6,true
2014,George O'Leary,UCF,American Athletic,13,9,4,true
2014,Jim Mora,UCLA,Pac-12,13,10,3,true
2014,Bob Diaco,UConn,American Athletic,14,2,12,true
2014,Todd Berry,UL Monroe,Sun Belt,12,4,8,true
2014,Bobby Hauck,UNLV,Mountain West,13,2,11,true
2014,Steve Sarkisian,USC,Pac-12,13,9,4,true
2014,Sean Kugler,UTEP,Conference USA,13,7,6,true
2014,Larry Coker,UTSA,Conference USA,12,4,8,true
2014,Kyle Whittingham,Utah,Pac-12,13,9,4,true
2014,Matt Wells,Utah State,Mountain West,14,10,4,true
2014,Derek Mason,Vanderbilt,SEC,12,3,9,true
2014,Mike London,Virginia,ACC,12,5,7,true
2014,Frank Beamer,Virginia Tech,ACC,13,7,6,true
2014,Dave Clawson,Wake Forest,ACC,12,3,9,true
2014,Chris Petersen,Washington,Pac-12,14,8,6,true
2014,Mike Leach,Washington State,Pac-12,12,3,9,true
2014,Dana Holgorsen,West Virginia,Big 12,13,7,6,true
2014,Jeff Brohm,Western Kentucky,Conference USA,13,8,5,true
2014,P.J. Fleck,Western Michigan,Mid-American,13,8,5,true
2014,Gary Andersen,Wisconsin,Big Ten,13,10,3,true
2014,Craig Bohl,Wyoming,Mountain West,12,4,8,true
2015,Troy Calhoun,Air Force,Mountain West,14,8,6,true
2015,Terry Bowden,Akron,Mid-American,13,8,5,true
2015,Nick Saban,Alabama,SEC,15,14,1,true
2015,Scott Satterfield,App State,Sun Belt,13,11,2,true
2015,Rich Rodriguez,Arizona,Pac-12,13,7,6,true
2015,Todd Graham,Arizona State,Pac-12,13,6,7,true
2015,Bret Bielema,Arkansas,SEC,13,8,5,true
2015,Blake Anderson,Arkansas State,Sun Belt,13,9,4,true
2015,Jeff Monken,Army,FBS Independents,12,2,10,true
2015,Gus Malzahn,Auburn,SEC,13,7,6,true
2015,Bronco Mendenhall,BYU,FBS Independents,13,9,4,true
2015,Pete Lembo,Ball State,Mid-American,12,3,9,true
2015,Art Briles,Baylor,Big 12,13,10,3,true
2015,Bryan Harsin,Boise State,Mountain West,13,9,4,true
2015,Steve Addazio,Boston College,ACC,12,3,9,true
2015,Dino Babers,Bowling Green,Mid-American,13,10,3,true
2015,Lance Leipold,Buffalo,Mid-American,12,5,7,true
2015,Sonny Dykes,California,Pac-12,13,8,5,true
2015,John Bonamego,Central Michigan,Mid-American,13,7,6,true
2015,Brad Lambert,Charlotte,Conference USA,12,2,10,true
2015,Tommy Tuberville,Cincinnati,American Athletic,13,7,6,true
2015,Dabo Swinney,Clemson,ACC,15,14,1,true
2015,Mike MacIntyre,Colorado,Pac-12,13,4,9,true
2015,Mike Bobo,Colorado State,Mountain West,13,7,6,true
2015,David Cutcliffe,Duke,ACC,13,8,5,true
2015,Ruffin McNeill,East Carolina,American Athletic,12,5,7,true
2015,Chris Creighton,Eastern Michigan,Mid-American,12,1,11,true
2015,Jim McElwain,Florida,SEC,14,10,4,true
2015,Charlie Partridge,Florida Atlantic,Conference USA,12,3,9,true
2015,Ron Turner,Florida International,Conference USA,12,5,7,true
2015,Jimbo Fisher,Florida State,ACC,13,10,3,true
2015,Tim DeRuyter,Fresno State,Mountain West,12,3,9,true
2015,Mark Richt,Georgia,SEC,12,9,3,true
2015,Willie Fritz,Georgia Southern,Sun Belt,13,9,4,true
2015,Trent Miles,Georgia State,Sun Belt,13,6,7,true
2015,Paul Johnson,Georgia Tech,ACC,12,3,9,true
2015,Chris Naeole,Hawai'i,Mountain West,4,1,3,false
2015,Norm Chow,Hawai'i,Mountain West,9,2,7,false
2015,Tom Herman,Houston,American Athletic,14,13,1,true
2015,Paul Petrino,Idaho,Sun Belt,12,4,8,true
2015,Bill Cubit,Illinois,Big Ten,12,5,7,true
2015,Kevin Wilson,Indiana,Big Ten,13,6,7,true
2015,Kirk Ferentz,Iowa,Big Ten,14,12,2,true
2015,Paul Rhoads,Iowa State,Big 12,12,3,9,true
2015,David Beaty,Kansas,Big 12,12,0,12,true
2015,Bill Snyder,Kansas State,Big 12,13,6,7,true
2015,Paul Haynes,Kent State,Mid-American,12,3,9,true
2015,Mark Stoops,Kentucky,SEC,12,5,7,true
2015,Les Miles,LSU,SEC,12,9,3,true
2015,Mark Hudspeth,Louisiana,Sun Belt,12,4,8,true
2015,Skip Holtz,Louisiana Tech,Conference USA,13,9,4,true
2015,Bobby Petrino,Louisville,ACC,13,8,5,true
2015,Doc Holliday,Marshall,Conference USA,13,10,3,true
2015,Randy Edsall,Maryland,Big Ten,6,2,4,true
2015,Mark Whipple,Massachusetts,Mid-American,12,3,9,true
2015,Justin Fuente,Memphis,American Athletic,12,9,3,true
2015,Al Golden,Miami,ACC,7,4,3,true
2015,Chuck Martin,Miami (OH),Mid-American,12,3,9,true
2015,Jim Harbaugh,Michigan,Big Ten,13,10,3,true
2015,Mark Dantonio,Michigan State,Big Ten,14,12,2,true
2015,Rick Stockstill,Middle Tennessee,Conference USA,13,7,6,true
2015,Jerry Kill,Minnesota,Big Ten,7,4,3,false
2015,Tracy Claeys,Minnesota,Big Ten,6,2,4,false
2015,Dan Mullen,Mississippi State,SEC,13,9,4,true
2015,Gary Pinkel,Missouri,SEC,12,5,7,true
2015,Dave Doeren,NC State,ACC,13,7,6,true
2015,Ken Niumatalolo,Navy,American Athletic,13,11,2,true
2015,Mike Riley,Nebraska,Big Ten,13,6,7,true
2015,Brian Polian,Nevada,Mountain West,13,7,6,true
2015,Bob Davie,New Mexico,Mountain West,13,7,6,true
2015,Doug Martin,New Mexico State,Sun Belt,12,3,9,true
2015,Larry Fedora,North Carolina,ACC,14,11,3,true
2015,Dan McCarney,North Texas,Conference USA,5,0,5,true
2015,Rod Carey,Northern Illinois,Mid-American,14,8,6,true
2015,Pat Fitzgerald,Northwestern,Big Ten,13,10,3,true
2015,Brian Kelly,Notre Dame,FBS Independents,13,10,3,true
2015,Frank Solich,Ohio,Mid-American,13,8,5,true
2015,Urban Meyer,Ohio State,Big Ten,13,12,1,true
2015,Bob Stoops,Oklahoma,Big 12,13,11,2,true
2015,Mike Gundy,Oklahoma State,Big 12,13,10,3,true
2015,Bobby Wilder,Old Dominion,Conference USA,12,5,7,true
2015,Hugh Freeze,Ole Miss,SEC,13,10,3,true
2015,Mark Helfrich,Oregon,Pac-12,13,9,4,true
2015,Gary Andersen,Oregon State,Pac-12,12,2,10,true
2015,James Franklin,Penn State,Big Ten,13,7,6,true
2015,Pat Narduzzi,Pittsburgh,ACC,13,8,5,true
2015,Darrell Hazell,Purdue,Big Ten,12,2,10,true
2015,David Bailiff,Rice,Conference USA,12,5,7,true
2015,Kyle Flood,Rutgers,Big Ten,12,4,8,true
2015,Chad Morris,SMU,American Athletic,12,2,10,true
2015,Rocky Long,San Diego State,Mountain West,14,11,3,true
2015,Ron Caragher,San José State,Mountain West,13,6,7,true
2015,Joey Jones,South Alabama,Sun Belt,12,5,7,true
2015,Shawn Elliott,South Carolina,SEC,6,1,5,false
2015,Steve Spurrier,South Carolina,SEC,6,2,4,false
2015,Willie Taggart,South Florida,American Athletic,13,8,5,true
2015,Todd Monken,Southern Miss,Conference USA,14,9,5,true
2015,David Shaw,Stanford,Pac-12,14,12,2,true
2015,Scott Shafer,Syracuse,ACC,12,4,8,true
2015,Gary Patterson,TCU,Big 12,13,11,2,true
2015,Matt Rhule,Temple,American Athletic,14,10,4,true
2015,Butch Jones,Tennessee,SEC,13,9,4,true
2015,Charlie Strong,Texas,Big 12,12,5,7,true
2015,Kevin Sumlin,Texas A&M,SEC,13,8,5,true
2015,Dennis Franchione,Texas State,Sun Belt,12,3,9,true
2015,Kliff Kingsbury,Texas Tech,Big 12,13,7,6,true
2015,Jason Candle,Toledo,Mid-American,1,1,0,false
2015,Matt Campbell,Toledo,Mid-American,11,9,2,true
2015,Neal Brown,Troy,Sun Belt,12,4,8,true
2015,Curtis Johnson,Tulane,American Athletic,12,3,9,true
2015,Philip Montgomery,Tulsa,American Athletic,13,6,7,true
2015,George O'Leary,UCF,American Athletic,8,0,8,true
2015,Jim Mora,UCLA,Pac-12,13,8,5,true
2015,Bob Diaco,UConn,American Athletic,13,6,7,true
2015,Todd Berry,UL Monroe,Sun Belt,13,2,11,true
2015,Tony Sanchez,UNLV,Mountain West,12,3,9,true
2015,Clay Helton,USC,Pac-12,9,5,4,true
2015,Sean Kugler,UTEP,Conference USA,12,5,7,true
2015,Larry Coker,UTSA,Conference USA,12,3,9,true
2015,Kyle Whittingham,Utah,Pac-12,13,10,3,true
2015,Matt Wells,Utah State,Mountain West,13,6,7,true
2015,Derek Mason,Vanderbilt,SEC,12,4,8,true
2015,Mike London,Virginia,ACC,12,4,8,true
2015,Frank Beamer,Virginia Tech,ACC,13,7,6,true
2015,Dave Clawson,Wake Forest,ACC,12,3,9,true
2015,Chris Petersen,Washington,Pac-12,13,7,6,true
2015,Mike Leach,Washington State,Pac-12,13,9,4,true
2015,Dana Holgorsen,West Virginia,Big 12,13,8,5,true
2015,Jeff Brohm,Western Kentucky,Conference USA,14,12,2,true
2015,P.J. Fleck,Western Michigan,Mid-American,13,8,5,true
2015,Paul Chryst,Wisconsin,Big Ten,13,10,3,true
2015,Craig Bohl,Wyoming,Mountain West,12,2,10,true
2016,Troy Calhoun,Air Force,Mountain West,13,10,3,true
2016,Terry Bowden,Akron,Mid-American,12,5,7,true
2016,Nick Saban,Alabama,SEC,15,14,1,true
2016,Scott Satterfield,App State,Sun Belt,13,10,3,true
2016,Rich Rodriguez,Arizona,Pac-12,12,3,9,true
2016,Todd Graham,Arizona State,Pac-12,12,5,7,true
2016,Bret Bielema,Arkansas,SEC,13,7,6,true
2016,Blake Anderson,Arkansas State,Sun Belt,13,8,5,true
2016,Jeff Monken,Army,FBS Independents,13,8,5,true
2016,Gus Malzahn,Auburn,SEC,13,8,5,true
2016,Kalani Sitake,BYU,FBS Independents,13,9,4,true
2016,Mike Neu,Ball State,Mid-American,12,4,8,true
2016,Jim Grobe,Baylor,Big 12,13,7,6,true
2016,Bryan Harsin,Boise State,Mountain West,13,10,3,true
2016,Steve Addazio,Boston College,ACC,13,7,6,true
2016,Mike Jinks,Bowling Green,Mid-American,12,4,8,true
2016,Lance Leipold,Buffalo,Mid-American,12,2,10,true
2016,Sonny Dykes,California,Pac-12,12,5,7,true
2016,John Bonamego,Central Michigan,Mid-American,13,6,7,true
2016,Brad Lambert,Charlotte,Conference USA,12,4,8,true
2016,Tommy Tuberville,Cincinnati,American Athletic,12,4,8,true
2016,Dabo Swinney,Clemson,ACC,15,14,1,true
2016,Mike MacIntyre,Colorado,Pac-12,14,10,4,true
2016,Mike Bobo,Colorado State,Mountain West,13,7,6,true
2016,David Cutcliffe,Duke,ACC,12,4,8,true
2016,Scottie Montgomery,East Carolina,American Athletic,12,3,9,true
2016,Chris Creighton,Eastern Michigan,Mid-American,13,7,6,true
2016,Jim McElwain,Florida,SEC,13,9,4,true
2016,Charlie Partridge,Florida Atlantic,Conference USA,12,3,9,true
2016,Ron Turner,Florida International,Conference USA,4,0,4,true
2016,Jimbo Fisher,Florida State,ACC,13,10,3,true
2016,Kirby Smart,Georgia,SEC,13,8,5,true
2016,Tyson Summers,Georgia Southern,Sun Belt,12,5,7,true
2016,Trent Miles,Georgia State,Sun Belt,9,1,8,true
2016,Paul Johnson,Georgia Tech,ACC,13,9,4,true
2016,Nick Rolovich,Hawai'i,Mountain West,14,7,7,true
2016,Tom Herman,Houston,American Athletic,12,9,3,true
2016,Paul Petrino,Idaho,Sun Belt,13,9,4,true
2016,Lovie Smith,Illinois,Big Ten,12,3,9,true
2016,Kevin Wilson,Indiana,Big Ten,12,6,6,true
2016,Kirk Ferentz,Iowa,Big Ten,13,8,5,true
2016,Matt Campbell,Iowa State,Big 12,12,3,9,true
2016,David Beaty,Kansas,Big 12,12,2,10,true
2016,Bill Snyder,Kansas State,Big 12,13,9,4,true
2016,Paul Haynes,Kent State,Mid-American,12,3,9,true
2016,Mark Stoops,Kentucky,SEC,13,7,6,true
2016,Mark Hudspeth,Louisiana,Sun Belt,13,6,7,true
2016,Skip Holtz,Louisiana Tech,Conference USA,14,9,5,true
2016,Bobby Petrino,Louisville,ACC,13,9,4,true
2016,Doc Holliday,Marshall,Conference USA,12,3,9,true
2016,D.J. Durkin,Maryland,Big Ten,13,6,7,true
2016,Mark Whipple,Massachusetts,FBS Independents,12,2,10,true
2016,Mike Norvell,Memphis,American Athletic,13,8,5,true
2016,Mark Richt,Miami,ACC,13,9,4,true
2016,Chuck Martin,Miami (OH),Mid-American,13,6,7,true
2016,Jim Harbaugh,Michigan,Big Ten,13,10,3,true
2016,Mark Dantonio,Michigan State,Big Ten,12,3,9,true
2016,Rick Stockstill,Middle Tennessee,Conference USA,13,8,5,true
2016,Tracy Claeys,Minnesota,Big Ten,13,9,4,true
2016,Dan Mullen,Mississippi State,SEC,13,6,7,true
2016,Barry Odom,Missouri,SEC,12,4,8,true
2016,Dave Doeren,NC State,ACC,13,7,6,true
2016,Ken Niumatalolo,Navy,American Athletic,14,9,5,true
2016,Mike Riley,Nebraska,Big Ten,13,9,4,true
2016,Brian Polian,Nevada,Mountain West,12,5,7,true
2016,Bob Davie,New Mexico,Mountain West,13,9,4,true
2016,Doug Martin,New Mexico State,Sun Belt,12,3,9,true
2016,Larry Fedora,North Carolina,ACC,13,8,5,true
2016,Seth Littrell,North Texas,Conference USA,13,5,8,true
2016,Rod Carey,Northern Illinois,Mid-American,12,5,7,true
2016,Pat Fitzgerald,Northwestern,Big Ten,13,7,6,true
2016,Brian Kelly,Notre Dame,FBS Independents,12,4,8,true
2016,Frank Solich,Ohio,Mid-American,14,8,6,true
2016,Urban Meyer,Ohio State,Big Ten,13,11,2,true
2016,Bob Stoops,Oklahoma,Big 12,13,11,2,true
2016,Mike Gundy,Oklahoma State,Big 12,13,10,3,true
2016,Bobby Wilder,Old Dominion,Conference USA,13,10,3,true
2016,Hugh Freeze,Ole Miss,SEC,12,5,7,true
2016,Mark Helfrich,Oregon,Pac-12,12,4,8,true
2016,Gary Andersen,Oregon State,Pac-12,12,4,8,true
2016,James Franklin,Penn State,Big Ten,14,11,3,true
2016,Pat Narduzzi,Pittsburgh,ACC,13,8,5,true
2016,David Bailiff,Rice,Conference USA,12,3,9,true
2016,Chris Ash,Rutgers,Big Ten,12,2,10,true
2016,Chad Morris,SMU,American Athletic,12,5,7,true
2016,Rocky Long,San Diego State,Mountain West,14,11,3,true
2016,Ron Caragher,San José State,Mountain West,12,4,8,true
2016,Joey Jones,South Alabama,Sun Belt,13,6,7,true
2016,Will Muschamp,South Carolina,SEC,13,6,7,true
2016,Willie Taggart,South Florida,American Athletic,12,10,2,true
2016,Jay Hopson,Southern Miss,Conference USA,13,7,6,true
2016,David Shaw,Stanford,Pac-12,13,10,3,true
2016,Dino Babers,Syracuse,ACC,12,4,8,true
2016,Gary Patterson,TCU,Big 12,13,6,7,true
2016,Matt Rhule,Temple,American Athletic,13,10,3,true
2016,Butch Jones,Tennessee,SEC,13,9,4,true
2016,Charlie Strong,Texas,Big 12,12,5,7,true
2016,Kevin Sumlin,Texas A&M,SEC,13,8,5,true
2016,Everett Withers,Texas State,Sun Belt,12,2,10,true
2016,Kliff Kingsbury,Texas Tech,Big 12,12,5,7,true
2016,Jason Candle,Toledo,Mid-American,13,9,4,true
2016,Neal Brown,Troy,Sun Belt,13,10,3,true
2016,Willie Fritz,Tulane,American Athletic,12,4,8,true
2016,Philip Montgomery,Tulsa,American Athletic,13,10,3,true
2016,Scott Frost,UCF,American Athletic,13,6,7,true
2016,Jim Mora,UCLA,Pac-12,12,4,8,true
2016,Bob Diaco,UConn,American Athletic,12,3,9,true
2016,Matt Viator,UL Monroe,Sun Belt,12,4,8,true
2016,Tony Sanchez,UNLV,Mountain West,12,4,8,true
2016,Clay Helton,USC,Pac-12,13,10,3,true
2016,Sean Kugler,UTEP,Conference USA,12,4,8,true
2016,Frank Wilson,UTSA,Conference USA,13,6,7,true
2016,Kyle Whittingham,Utah,Pac-12,13,9,4,true
2016,Matt Wells,Utah State,Mountain West,12,3,9,true
2016,Derek Mason,Vanderbilt,SEC,13,6,7,true
2016,Bronco Mendenhall,Virginia,ACC,12,2,10,true
2016,Justin Fuente,Virginia Tech,ACC,14,10,4,true
2016,Dave Clawson,Wake Forest,ACC,13,7,6,true
2016,Chris Petersen,Washington,Pac-12,14,12,2,true
2016,Mike Leach,Washington State,Pac-12,13,8,5,true
2016,Dana Holgorsen,West Virginia,Big 12,13,10,3,true
2016,Jeff Brohm,Western Kentucky,Conference USA,13,10,3,true
2016,P.J. Fleck,Western Michigan,Mid-American,14,13,1,true
2016,Paul Chryst,Wisconsin,Big Ten,14,11,3,true
2016,Craig Bohl,Wyoming,Mountain West,14,8,6,true
2017,Troy Calhoun,Air Force,Mountain West,12,5,7,true
2017,Terry Bowden,Akron,Mid-American,14,7,7,true
2017,Nick Saban,Alabama,SEC,14,13,1,true
2017,Scott Satterfield,App State,Sun Belt,13,9,4,true
2017,Rich Rodriguez,Arizona,Pac-12,13,7,6,true
2017,Todd Graham,Arizona State,Pac-12,13,7,6,true
2017,Bret Bielema,Arkansas,SEC,12,4,8,true
2017,Blake Anderson,Arkansas State,Sun Belt,12,7,5,true
2017,Jeff Monken,Army,FBS Independents,13,10,3,true
2017,Gus Malzahn,Auburn,SEC,14,10,4,true
2017,Kalani Sitake,BYU,FBS Independents,13,4,9,true
2017,Mike Neu,Ball State,Mid-American,12,2,10,true
2017,Matt Rhule,Baylor,Big 12,12,1,11,true
2017,Bryan Harsin,Boise State,Mountain West,14,11,3,true
2017,Steve Addazio,Boston College,ACC,13,7,6,true
2017,Mike Jinks,Bowling Green,Mid-American,12,2,10,true
2017,Lance Leipold,Buffalo,Mid-American,12,6,6,true
2017,Justin Wilcox,California,Pac-12,12,5,7,true
2017,John Bonamego,Central Michigan,Mid-American,13,8,5,true
2017,Brad Lambert,Charlotte,Conference USA,12,1,11,true
2017,Luke Fickell,Cincinnati,American Athletic,12,4,8,true
2017,Dabo Swinney,Clemson,ACC,14,12,2,true
2017,Jamey Chadwell,Coastal Carolina,Sun Belt,12,3,9,true
2017,Mike MacIntyre,Colorado,Pac-12,12,5,7,true
2017,Mike Bobo,Colorado State,Mountain West,13,7,6,true
2017,David Cutcliffe,Duke,ACC,13,7,6,true
2017,Scottie Montgomery,East Carolina,American Athletic,12,3,9,true
2017,Chris Creighton,Eastern Michigan,Mid-American,12,5,7,true
2017,Lane Kiffin,Florida Atlantic,Conference USA,14,11,3,true
2017,Butch Davis,Florida International,Conference USA,13,8,5,true
2017,Jimbo Fisher,Florida State,ACC,11,5,6,true
2017,Jeff Tedford,Fresno State,Mountain West,14,10,4,true
2017,Kirby Smart,Georgia,SEC,15,13,2,true
2017,Shawn Elliott,Georgia State,Sun Belt,12,7,5,true
2017,Paul Johnson,Georgia Tech,ACC,11,5,6,true
2017,Nick Rolovich,Hawai'i,Mountain West,12,3,9,true
2017,Major Applewhite,Houston,American Athletic,12,7,5,true
2017,Paul Petrino,Idaho,Sun Belt,12,4,8,true
2017,Lovie Smith,Illinois,Big Ten,12,2,10,true
2017,Tom Allen,Indiana,Big Ten,12,5,7,true
2017,Kirk Ferentz,Iowa,Big Ten,13,8,5,true
2017,Matt Campbell,Iowa State,Big 12,13,8,5,true
2017,David Beaty,Kansas,Big 12,12,1,11,true
2017,Bill Snyder,Kansas State,Big 12,13,8,5,true
2017,Paul Haynes,Kent State,Mid-American,12,2,10,true
2017,Mark Stoops,Kentucky,SEC,13,7,6,true
2017,Ed Orgeron,LSU,SEC,13,9,4,true
2017,Mark Hudspeth,Louisiana,Sun Belt,12,5,7,true
2017,Skip Holtz,Louisiana Tech,Conference USA,13,7,6,true
2017,Bobby Petrino,Louisville,ACC,13,8,5,true
2017,Doc Holliday,Marshall,Conference USA,13,8,5,true
2017,D.J. Durkin,Maryland,Big Ten,12,4,8,true
2017,Mark Whipple,Massachusetts,FBS Independents,12,4,8,true
2017,Mike Norvell,Memphis,American Athletic,13,10,3,true
2017,Mark Richt,Miami,ACC,13,10,3,true
2017,Chuck Martin,Miami (OH),Mid-American,12,5,7,true
2017,Jim Harbaugh,Michigan,Big Ten,13,8,5,true
2017,Mark Dantonio,Michigan State,Big Ten,13,10,3,true
2017,Rick Stockstill,Middle Tennessee,Conference USA,13,7,6,true
2017,P.J. Fleck,Minnesota,Big Ten,12,5,7,true
2017,Dan Mullen,Mississippi State,SEC,12,8,4,true
2017,Barry Odom,Missouri,SEC,13,7,6,true
2017,Dave Doeren,NC State,ACC,13,9,4,true
2017,Ken Niumatalolo,Navy,American Athletic,13,7,6,true
2017,Mike Riley,Nebraska,Big Ten,12,4,8,true
2017,Jay Norvell,Nevada,Mountain West,12,3,9,true
2017,Bob Davie,New Mexico,Mountain West,12,3,9,true
2017,Doug Martin,New Mexico State,Sun Belt,13,7,6,true
2017,Larry Fedora,North Carolina,ACC,12,3,9,true
2017,Seth Littrell,North Texas,Conference USA,14,9,5,true
2017,Rod Carey,Northern Illinois,Mid-American,13,8,5,true
2017,Pat Fitzgerald,Northwestern,Big Ten,13,10,3,true
2017,Brian Kelly,Notre Dame,FBS Independents,13,10,3,true
2017,Frank Solich,Ohio,Mid-American,13,9,4,true
2017,Urban Meyer,Ohio State,Big Ten,14,12,2,true
2017,Lincoln Riley,Oklahoma,Big 12,14,12,2,true
2017,Mike Gundy,Oklahoma State,Big 12,13,10,3,true
2017,Bobby Wilder,Old Dominion,Conference USA,12,5,7,true
2017,Matt Luke,Ole Miss,SEC,12,6,6,true
2017,Willie Taggart,Oregon,Pac-12,13,7,6,true
2017,James Franklin,Penn State,Big Ten,13,11,2,true
2017,Pat Narduzzi,Pittsburgh,ACC,12,5,7,true
2017,Jeff Brohm,Purdue,Big Ten,13,7,6,true
2017,David Bailiff,Rice,Conference USA,12,1,11,true
2017,Chris Ash,Rutgers,Big Ten,12,4,8,true
2017,Chad Morris,SMU,American Athletic,13,7,6,true
2017,Rocky Long,San Diego State,Mountain West,13,10,3,true
2017,Brent Brennan,San José State,Mountain West,13,2,11,true
2017,Joey Jones,South Alabama,Sun Belt,12,4,8,true
2017,Will Muschamp,South Carolina,SEC,13,9,4,true
2017,Charlie Strong,South Florida,American Athletic,12,10,2,true
2017,Jay Hopson,Southern Miss,Conference USA,13,8,5,true
2017,David Shaw,Stanford,Pac-12,14,9,5,true
2017,Dino Babers,Syracuse,ACC,12,4,8,true
2017,Gary Patterson,TCU,Big 12,14,11,3,true
2017,Geoff Collins,Temple,American Athletic,13,7,6,true
2017,Butch Jones,Tennessee,SEC,10,4,6,true
2017,Tom Herman,Texas,Big 12,13,7,6,true
2017,Kevin Sumlin,Texas A&M,SEC,12,7,5,true
2017,Everett Withers,Texas State,Sun Belt,12,2,10,true
2017,Kliff Kingsbury,Texas Tech,Big 12,13,6,7,true
2017,Jason Candle,Toledo,Mid-American,14,11,3,true
2017,Neal Brown,Troy,Sun Belt,13,11,2,true
2017,Willie Fritz,Tulane,American Athletic,12,5,7,true
2017,Philip Montgomery,Tulsa,American Athletic,12,2,10,true
2017,Bill Clark,UAB,Conference USA,13,8,5,true
2017,Scott Frost,UCF,American Athletic,13,13,0,true
2017,Jim Mora,UCLA,Pac-12,11,5,6,true
2017,Randy Edsall,UConn,American Athletic,12,3,9,true
2017,Matt Viator,UL Monroe,Sun Belt,12,4,8,true
2017,Tony Sanchez,UNLV,Mountain West,12,5,7,true
2017,Clay Helton,USC,Pac-12,14,11,3,true
2017,Frank Wilson,UTSA,Conference USA,11,6,5,true
2017,Kyle Whittingham,Utah,Pac-12,13,7,6,true
2017,Matt Wells,Utah State,Mountain West,13,6,7,true
2017,Derek Mason,Vanderbilt,SEC,12,5,7,true
2017,Bronco Mendenhall,Virginia,ACC,13,6,7,true
2017,Justin Fuente,Virginia Tech,ACC,13,9,4,true
2017,Dave Clawson,Wake Forest,ACC,13,8,5,true
2017,Chris Petersen,Washington,Pac-12,13,10,3,true
2017,Mike Leach,Washington State,Pac-12,13,9,4,true
2017,Dana Holgorsen,West Virginia,Big 12,13,7,6,true
2017,Mike Sanford Jr.,Western Kentucky,Conference USA,13,6,7,true
2017,Tim Lester,Western Michigan,Mid-American,12,6,6,true
2017,Paul Chryst,Wisconsin,Big Ten,14,13,1,true
2017,Craig Bohl,Wyoming,Mountain West,13,8,5,true
2018,Troy Calhoun,Air Force,Mountain West,12,5,7,true
2018,Terry Bowden,Akron,Mid-American,12,4,8,true
2018,Nick Saban,Alabama,SEC,15,14,1,true
2018,Scott Satterfield,App State,Sun Belt,12,10,2,true
2018,Kevin Sumlin,Arizona,Pac-12,12,5,7,true
2018,Herm Edwards,Arizona State,Pac-12,13,7,6,true
2018,Chad Morris,Arkansas,SEC,12,2,10,true
2018,Blake Anderson,Arkansas State,Sun Belt,13,8,5,true
2018,Jeff Monken,Army,FBS Independents,13,11,2,true
2018,Gus Malzahn,Auburn,SEC,13,8,5,true
2018,Kalani Sitake,BYU,FBS Independents,13,7,6,true
2018,Mike Neu,Ball State,Mid-American,12,4,8,true
2018,Matt Rhule,Baylor,Big 12,13,7,6,true
2018,Bryan Harsin,Boise State,Mountain West,13,10,3,true
2018,Steve Addazio,Boston College,ACC,12,7,5,true
2018,Lance Leipold,Buffalo,Mid-American,14,10,4,true
2018,Justin Wilcox,California,Pac-12,13,7,6,true
2018,John Bonamego,Central Michigan,Mid-American,12,1,11,true
2018,Brad Lambert,Charlotte,Conference USA,12,5,7,true
2018,Luke Fickell,Cincinnati,American Athletic,13,11,2,true
2018,Dabo Swinney,Clemson,ACC,15,15,0,true
2018,Joe Moglia,Coastal Carolina,Sun Belt,12,5,7,true
2018,Mike MacIntyre,Colorado,Pac-12,11,5,6,true
2018,Mike Bobo,Colorado State,Mountain West,12,3,9,true
2018,David Cutcliffe,Duke,ACC,13,8,5,true
2018,Scottie Montgomery,East Carolina,American Athletic,11,3,8,true
2018,Chris Creighton,Eastern Michigan,Mid-American,13,7,6,true
2018,Dan Mullen,Florida,SEC,13,10,3,true
2018,Lane Kiffin,Florida Atlantic,Conference USA,12,5,7,true
2018,Butch Davis,Florida International,Conference USA,13,9,4,true
2018,Willie Taggart,Florida State,ACC,12,5,7,true
2018,Jeff Tedford,Fresno State,Mountain West,14,12,2,true
2018,Kirby Smart,Georgia,SEC,14,11,3,true
2018,Chad Lunsford,Georgia Southern,Sun Belt,13,10,3,true
2018,Shawn Elliott,Georgia State,Sun Belt,12,2,10,true
2018,Paul Johnson,Georgia Tech,ACC,13,7,6,true
2018,Nick Rolovich,Hawai'i,Mountain West,14,8,6,true
2018,Major Applewhite,Houston,American Athletic,13,8,5,true
2018,Lovie Smith,Illinois,Big Ten,12,4,8,true
2018,Tom Allen,Indiana,Big Ten,12,5,7,true
2018,Kirk Ferentz,Iowa,Big Ten,13,9,4,true
2018,Matt Campbell,Iowa State,Big 12,13,8,5,true
2018,David Beaty,Kansas,Big 12,12,3,9,true
2018,Bill Snyder,Kansas State,Big 12,12,5,7,true
2018,Sean Lewis,Kent State,Mid-American,12,2,10,true
2018,Mark Stoops,Kentucky,SEC,13,10,3,true
2018,Ed Orgeron,LSU,SEC,13,10,3,true
2018,Turner Gill,Liberty,FBS Independents,12,6,6,true
2018,Billy Napier,Louisiana,Sun Belt,14,7,7,true
2018,Skip Holtz,Louisiana Tech,Conference USA,13,8,5,true
2018,Lorenzo Ward,Louisville,ACC,2,0,2,true
2018,Doc Holliday,Marshall,Conference USA,13,9,4,true
2018,Matt Canada,Maryland,Big Ten,12,5,7,true
2018,Mark Whipple,Massachusetts,FBS Independents,12,4,8,true
2018,Mike Norvell,Memphis,American Athletic,14,8,6,true
2018,Mark Richt,Miami,ACC,13,7,6,true
2018,Chuck Martin,Miami (OH),Mid-American,12,6,6,true
2018,Jim Harbaugh,Michigan,Big Ten,13,10,3,true
2018,Mark Dantonio,Michigan State,Big Ten,13,7,6,true
2018,Rick Stockstill,Middle Tennessee,Conference USA,14,8,6,true
2018,P.J. Fleck,Minnesota,Big Ten,13,7,6,true
2018,Joe Moorhead,Mississippi State,SEC,13,8,5,true
2018,Barry Odom,Missouri,SEC,13,8,5,true
2018,Dave Doeren,NC State,ACC,13,9,4,true
2018,Ken Niumatalolo,Navy,American Athletic,13,3,10,true
2018,Scott Frost,Nebraska,Big Ten,12,4,8,true
2018,Jay Norvell,Nevada,Mountain West,13,8,5,true
2018,Bob Davie,New Mexico,Mountain West,12,3,9,true
2018,Doug Martin,New Mexico State,FBS Independents,12,3,9,true
2018,Larry Fedora,North Carolina,ACC,11,2,9,true
2018,Seth Littrell,North Texas,Conference USA,13,9,4,true
2018,Rod Carey,Northern Illinois,Mid-American,14,8,6,true
2018,Pat Fitzgerald,Northwestern,Big Ten,14,9,5,true
2018,Brian Kelly,Notre Dame,FBS Independents,13,12,1,true
2018,Frank Solich,Ohio,Mid-American,13,9,4,true
2018,Lincoln Riley,Oklahoma,Big 12,14,12,2,true
2018,Mike Gundy,Oklahoma State,Big 12,13,7,6,true
2018,Bobby Wilder,Old Dominion,Conference USA,12,4,8,true
2018,Matt Luke,Ole Miss,SEC,12,5,7,true
2018,Mario Cristobal,Oregon,Pac-12,13,9,4,true
2018,Jonathan Smith,Oregon State,Pac-12,12,2,10,true
2018,James Franklin,Penn State,Big Ten,13,9,4,true
2018,Pat Narduzzi,Pittsburgh,ACC,14,7,7,true
2018,Jeff Brohm,Purdue,Big Ten,13,6,7,true
2018,Mike Bloomgren,Rice,Conference USA,13,2,11,true
2018,Chris Ash,Rutgers,Big Ten,12,1,11,true
2018,Sonny Dykes,SMU,American Athletic,12,5,7,true
2018,Rocky Long,San Diego State,Mountain West,13,7,6,true
2018,Brent Brennan,San José State,Mountain West,12,1,11,true
2018,Steve Campbell,South Alabama,Sun Belt,12,3,9,true
2018,Will Muschamp,South Carolina,SEC,13,7,6,true
2018,Charlie Strong,South Florida,American Athletic,13,7,6,true
2018,Jay Hopson,Southern Miss,Conference USA,11,6,5,true
2018,David Shaw,Stanford,Pac-12,13,9,4,true
2018,Dino Babers,Syracuse,ACC,13,10,3,true
2018,Gary Patterson,TCU,Big 12,13,7,6,true
2018,Geoff Collins,Temple,American Athletic,12,8,4,true
2018,Jeremy Pruitt,Tennessee,SEC,12,5,7,true
2018,Tom Herman,Texas,Big 12,14,10,4,true
2018,Jimbo Fisher,Texas A&M,SEC,13,9,4,true
2018,Everett Withers,Texas State,Sun Belt,11,3,8,true
2018,Kliff Kingsbury,Texas Tech,Big 12,12,5,7,true
2018,Jason Candle,Toledo,Mid-American,13,7,6,true
2018,Neal Brown,Troy,Sun Belt,13,10,3,true
2018,Willie Fritz,Tulane,American Athletic,13,7,6,true
2018,Philip Montgomery,Tulsa,American Athletic,12,3,9,true
2018,Bill Clark,UAB,Conference USA,14,11,3,true
2018,Josh Heupel,UCF,American Athletic,13,12,1,true
2018,Chip Kelly,UCLA,Pac-12,12,3,9,true
2018,Randy Edsall,UConn,American Athletic,12,1,11,true
2018,Matt Viator,UL Monroe,Sun Belt,12,6,6,true
2018,Tony Sanchez,UNLV,Mountain West,12,4,8,true
2018,Clay Helton,USC,Pac-12,12,5,7,true
2018,Dana Dimel,UTEP,Conference USA,12,1,11,true
2018,Frank Wilson,UTSA,Conference USA,12,3,9,true
2018,Kyle Whittingham,Utah,Pac-12,14,9,5,true
2018,Matt Wells,Utah State,Mountain West,12,10,2,true
2018,Derek Mason,Vanderbilt,SEC,13,6,7,true
2018,Bronco Mendenhall,Virginia,ACC,13,8,5,true
2018,Justin Fuente,Virginia Tech,ACC,13,6,7,true
2018,Dave Clawson,Wake Forest,ACC,13,7,6,true
2018,Chris Petersen,Washington,Pac-12,14,10,4,true
2018,Mike Leach,Washington State,Pac-12,13,11,2,true
2018,Dana Holgorsen,West Virginia,Big 12,12,8,4,true
2018,Tim Lester,Western Michigan,Mid-American,13,7,6,true
2018,Paul Chryst,Wisconsin,Big Ten,13,8,5,true
2018,Craig Bohl,Wyoming,Mountain West,12,6,6,true
2019,Troy Calhoun,Air Force,Mountain West,13,11,2,true
2019,Tom Arth,Akron,Mid-American,12,0,12,true
2019,Nick Saban,Alabama,SEC,13,11,2,true
2019,Eli Drinkwitz,App State,Sun Belt,13,12,1,true
2019,Kevin Sumlin,Arizona,Pac-12,12,4,8,true
2019,Herm Edwards,Arizona State,Pac-12,13,8,5,true
2019,Chad Morris,Arkansas,SEC,10,2,8,true
2019,Blake Anderson,Arkansas State,Sun Belt,13,8,5,true
2019,Jeff Monken,Army,FBS Independents,13,5,8,true
2019,Gus Malzahn,Auburn,SEC,13,9,4,true
2019,Kalani Sitake,BYU,FBS Independents,13,7,6,true
2019,Mike Neu,Ball State,Mid-American,12,5,7,true
2019,Matt Rhule,Baylor,Big 12,14,11,3,true
2019,Bryan Harsin,Boise State,Mountain West,14,12,2,true
2019,Steve Addazio,Boston College,ACC,12,6,6,true
2019,Scot Loeffler,Bowling Green,Mid-American,12,3,9,true
2019,Lance Leipold,Buffalo,Mid-American,13,8,5,true
2019,Justin Wilcox,California,Pac-12,13,8,5,true
2019,Jim McElwain,Central Michigan,Mid-American,14,8,6,true
2019,Will Healy,Charlotte,Conference USA,13,7,6,true
2019,Luke Fickell,Cincinnati,American Athletic,14,11,3,true
2019,Dabo Swinney,Clemson,ACC,15,14,1,true
2019,Jamey Chadwell,Coastal Carolina,Sun Belt,12,5,7,true
2019,Mel Tucker,Colorado,Pac-12,12,5,7,true
2019,Mike Bobo,Colorado State,Mountain West,12,4,8,true
2019,David Cutcliffe,Duke,ACC,12,5,7,true
2019,Mike Houston,East Carolina,American Athletic,12,4,8,true
2019,Chris Creighton,Eastern Michigan,Mid-American,13,6,7,true
2019,Dan Mullen,Florida,SEC,13,11,2,true
2019,Lane Kiffin,Florida Atlantic,Conference USA,14,11,3,true
2019,Butch Davis,Florida International,Conference USA,13,6,7,true
2019,Jeff Tedford,Fresno State,Mountain West,12,4,8,true
2019,Kirby Smart,Georgia,SEC,14,12,2,true
2019,Chad Lunsford,Georgia Southern,Sun Belt,13,7,6,true
2019,Shawn Elliott,Georgia State,Sun Belt,13,7,6,true
2019,Geoff Collins,Georgia Tech,ACC,12,3,9,true
2019,Nick Rolovich,Hawai'i,Mountain West,15,10,5,true
2019,Dana Holgorsen,Houston,American Athletic,12,4,8,true
2019,Lovie Smith,Illinois,Big Ten,13,6,7,true
2019,Tom Allen,Indiana,Big Ten,13,8,5,true
2019,Kirk Ferentz,Iowa,Big Ten,13,10,3,true
2019,Matt Campbell,Iowa State,Big 12,13,7,6,true
2019,Les Miles,Kansas,Big 12,12,3,9,true
2019,Chris Klieman,Kansas State,Big 12,13,8,5,true
2019,Sean Lewis,Kent State,Mid-American,13,7,6,true
2019,Mark Stoops,Kentucky,SEC,13,8,5,true
2019,Ed Orgeron,LSU,SEC,15,15,0,true
2019,Hugh Freeze,Liberty,FBS Independents,13,8,5,true
2019,Billy Napier,Louisiana,Sun Belt,14,11,3,true
2019,Skip Holtz,Louisiana Tech,Conference USA,13,10,3,true
2019,Scott Satterfield,Louisville,ACC,13,8,5,true
2019,Doc Holliday,Marshall,Conference USA,13,8,5,true
2019,Mike Locksley,Maryland,Big Ten,12,3,9,true
2019,Walt Bell,Massachusetts,FBS Independents,12,1,11,true
2019,Mike Norvell,Memphis,American Athletic,14,12,2,true
2019,Manny Diaz,Miami,ACC,13,6,7,true
2019,Chuck Martin,Miami (OH),Mid-American,14,8,6,true
2019,Jim Harbaugh,Michigan,Big Ten,13,9,4,true
2019,Mark Dantonio,Michigan State,Big Ten,13,7,6,true
2019,Rick Stockstill,Middle Tennessee,Conference USA,12,4,8,true
2019,P.J. Fleck,Minnesota,Big Ten,13,11,2,true
2019,Joe Moorhead,Mississippi State,SEC,13,6,7,true
2019,Barry Odom,Missouri,SEC,12,6,6,true
2019,Dave Doeren,NC State,ACC,12,4,8,true
2019,Ken Niumatalolo,Navy,American Athletic,13,11,2,true
2019,Scott Frost,Nebraska,Big Ten,12,5,7,true
2019,Jay Norvell,Nevada,Mountain West,13,7,6,true
2019,Bob Davie,New Mexico,Mountain West,12,2,10,true
2019,Doug Martin,New Mexico State,FBS Independents,12,2,10,true
2019,Mack Brown,North Carolina,ACC,13,7,6,true
2019,Seth Littrell,North Texas,Conference USA,12,4,8,true
2019,Thomas Hammock,Northern Illinois,Mid-American,12,5,7,true
2019,Pat Fitzgerald,Northwestern,Big Ten,12,3,9,true
2019,Brian Kelly,Notre Dame,FBS Independents,13,11,2,true
2019,Frank Solich,Ohio,Mid-American,13,7,6,true
2019,Ryan Day,Ohio State,Big Ten,14,13,1,true
2019,Lincoln Riley,Oklahoma,Big 12,14,12,2,true
2019,Mike Gundy,Oklahoma State,Big 12,13,8,5,true
2019,Bobby Wilder,Old Dominion,Conference USA,12,1,11,true
2019,Matt Luke,Ole Miss,SEC,12,4,8,true
2019,Mario Cristobal,Oregon,Pac-12,14,12,2,true
2019,Jonathan Smith,Oregon State,Pac-12,12,5,7,true
2019,James Franklin,Penn State,Big Ten,13,11,2,true
2019,Pat Narduzzi,Pittsburgh,ACC,13,8,5,true
2019,Jeff Brohm,Purdue,Big Ten,12,4,8,true
2019,Mike Bloomgren,Rice,Conference USA,12,3,9,true
2019,Sonny Dykes,SMU,American Athletic,13,10,3,true
2019,Rocky Long,San Diego State,Mountain West,13,10,3,true
2019,Brent Brennan,San José State,Mountain West,12,5,7,true
2019,Steve Campbell,South Alabama,Sun Belt,12,2,10,true
2019,Will Muschamp,South Carolina,SEC,12,4,8,true
2019,Charlie Strong,South Florida,American Athletic,12,4,8,true
2019,Jay Hopson,Southern Miss,Conference USA,13,7,6,true
2019,David Shaw,Stanford,Pac-12,12,4,8,true
2019,Dino Babers,Syracuse,ACC,12,5,7,true
2019,Gary Patterson,TCU,Big 12,12,5,7,true
2019,Rod Carey,Temple,American Athletic,13,8,5,true
2019,Jeremy Pruitt,Tennessee,SEC,13,8,5,true
2019,Tom Herman,Texas,Big 12,13,8,5,true
2019,Jimbo Fisher,Texas A&M,SEC,13,8,5,true
2019,Jake Spavital,Texas State,Sun Belt,12,3,9,true
2019,Matt Wells,Texas Tech,Big 12,12,4,8,true
2019,Jason Candle,Toledo,Mid-American,12,6,6,true
2019,Chip Lindsey,Troy,Sun Belt,12,5,7,true
2019,Willie Fritz,Tulane,American Athletic,13,7,6,true
2019,Philip Montgomery,Tulsa,American Athletic,12,4,8,true
2019,Bill Clark,UAB,Conference USA,14,9,5,true
2019,Josh Heupel,UCF,American Athletic,13,10,3,true
2019,Chip Kelly,UCLA,Pac-12,12,4,8,true
2019,Randy Edsall,UConn,American Athletic,12,2,10,true
2019,Matt Viator,UL Monroe,Sun Belt,12,5,7,true
2019,Tony Sanchez,UNLV,Mountain West,12,4,8,true
2019,Clay Helton,USC,Pac-12,13,8,5,true
2019,Dana Dimel,UTEP,Conference USA,12,1,11,true
2019,Frank Wilson,UTSA,Conference USA,12,4,8,true
2019,Kyle Whittingham,Utah,Pac-12,14,11,3,true
2019,Gary Andersen,Utah State,Mountain West,13,7,6,true
2019,Derek Mason,Vanderbilt,SEC,12,3,9,true
2019,Bronco Mendenhall,Virginia,ACC,14,9,5,true
2019,Justin Fuente,Virginia Tech,ACC,13,8,5,true
2019,Dave Clawson,Wake Forest,ACC,13,8,5,true
2019,Chris Petersen,Washington,Pac-12,13,8,5,true
2019,Mike Leach,Washington State,Pac-12,13,6,7,true
2019,Neal Brown,West Virginia,Big 12,12,5,7,true
2019,Tyson Helton,Western Kentucky,Conference USA,13,9,4,true
2019,Tim Lester,Western Michigan,Mid-American,13,7,6,true
2019,Paul Chryst,Wisconsin,Big Ten,14,10,4,true
2019,Craig Bohl,Wyoming,Mountain West,13,8,5,true
2020,Troy Calhoun,Air Force,Mountain West,6,3,3,true
2020,Tom Arth,Akron,Mid-American,6,1,5,true
2020,Nick Saban,Alabama,SEC,13,13,0,true
2020,Shawn Clark,App State,Sun Belt,12,9,3,true
2020,Kevin Sumlin,Arizona,Pac-12,5,0,5,true
2020,Herm Edwards,Arizona State,Pac-12,4,2,2,true
2020,Sam Pittman,Arkansas,SEC,10,3,7,true
2020,Blake Anderson,Arkansas State,Sun Belt,11,4,7,true
2020,Jeff Monken,Army,FBS Independents,12,9,3,true
2020,Gus Malzahn,Auburn,SEC,10,6,4,true
2020,Kalani Sitake,BYU,FBS Independents,12,11,1,true
2020,Mike Neu,Ball State,Mid-American,8,7,1,true
2020,Dave Aranda,Baylor,Big 12,9,2,7,true
2020,Bryan Harsin,Boise State,Mountain West,7,5,2,true
2020,Jeff Hafley,Boston College,ACC,11,6,5,true
2020,Scot Loeffler,Bowling Green,Mid-American,5,0,5,true
2020,Lance Leipold,Buffalo,Mid-American,7,6,1,true
2020,Justin Wilcox,California,Pac-12,4,1,3,true
2020,Jim McElwain,Central Michigan,Mid-American,6,3,3,true
2020,Will Healy,Charlotte,Conference USA,6,2,4,true
2020,Luke Fickell,Cincinnati,American Athletic,10,9,1,true
2020,Dabo Swinney,Clemson,ACC,12,10,2,true
2020,Jamey Chadwell,Coastal Carolina,Sun Belt,12,11,1,true
2020,Karl Dorrell,Colorado,Pac-12,6,4,2,true
2020,Steve Addazio,Colorado State,Mountain West,4,1,3,true
2020,David Cutcliffe,Duke,ACC,11,2,9,true
2020,Mike Houston,East Carolina,American Athletic,9,3,6,true
2020,Chris Creighton,Eastern Michigan,Mid-American,6,2,4,true
2020,Dan Mullen,Florida,SEC,12,8,4,true
2020,Willie Taggart,Florida Atlantic,Conference USA,9,5,4,true
2020,Butch Davis,Florida International,Conference USA,5,0,5,true
2020,Mike Norvell,Florida State,ACC,9,3,6,true
2020,Kalen DeBoer,Fresno State,Mountain West,6,3,3,true
2020,Kirby Smart,Georgia,SEC,10,8,2,true
2020,Chad Lunsford,Georgia Southern,Sun Belt,13,8,5,true
2020,Shawn Elliott,Georgia State,Sun Belt,10,6,4,true
2020,Geoff Collins,Georgia Tech,ACC,10,3,7,true
2020,Todd Graham,Hawai'i,Mountain West,9,5,4,true
2020,Dana Holgorsen,Houston,American Athletic,8,3,5,true
2020,Lovie Smith,Illinois,Big Ten,7,2,5,true
2020,Tom Allen,Indiana,Big Ten,8,6,2,true
2020,Kirk Ferentz,Iowa,Big Ten,8,6,2,true
2020,Matt Campbell,Iowa State,Big 12,12,9,3,true
2020,Les Miles,Kansas,Big 12,9,0,9,true
2020,Chris Klieman,Kansas State,Big 12,10,4,6,true
2020,Sean Lewis,Kent State,Mid-American,4,3,1,true
2020,Mark Stoops,Kentucky,SEC,11,5,6,true
2020,Ed Orgeron,LSU,SEC,10,5,5,true
2020,Hugh Freeze,Liberty,FBS Independents,11,10,1,true
2020,Billy Napier,Louisiana,Sun Belt,11,10,1,true
2020,Skip Holtz,Louisiana Tech,Conference USA,10,5,5,true
2020,Scott Satterfield,Louisville,ACC,11,4,7,true
2020,Doc Holliday,Marshall,Conference USA,10,7,3,true
2020,Mike Locksley,Maryland,Big Ten,5,2,3,true
2020,Walt Bell,Massachusetts,FBS Independents,4,0,4,true
2020,Ryan Silverfield,Memphis,American Athletic,11,8,3,true
2020,Manny Diaz,Miami,ACC,11,8,3,true
2020,Chuck Martin,Miami (OH),Mid-American,3,2,1,true
2020,Jim Harbaugh,Michigan,Big Ten,6,2,4,true
2020,Mel Tucker,Michigan State,Big Ten,7,2,5,true
2020,Rick Stockstill,Middle Tennessee,Conference USA,9,3,6,true
2020,P.J. Fleck,Minnesota,Big Ten,7,3,4,true
2020,Mike Leach,Mississippi State,SEC,11,4,7,true
2020,Eli Drinkwitz,Missouri,SEC,10,5,5,true
2020,Dave Doeren,NC State,ACC,12,8,4,true
2020,Ken Niumatalolo,Navy,American Athletic,10,3,7,true
2020,Scott Frost,Nebraska,Big Ten,8,3,5,true
2020,Jay Norvell,Nevada,Mountain West,9,7,2,true
2020,Danny Gonzales,New Mexico,Mountain West,7,2,5,true
2020,Doug Martin,New Mexico State,FBS Independents,2,1,1,true
2020,Mack Brown,North Carolina,ACC,12,8,4,true
2020,Seth Littrell,North Texas,Conference USA,10,4,6,true
2020,Thomas Hammock,Northern Illinois,Mid-American,6,0,6,true
2020,Pat Fitzgerald,Northwestern,Big Ten,9,7,2,true
2020,Brian Kelly,Notre Dame,ACC,12,10,2,true
2020,Frank Solich,Ohio,Mid-American,3,2,1,true
2020,Ryan Day,Ohio State,Big Ten,8,7,1,true
2020,Lincoln Riley,Oklahoma,Big 12,11,9,2,true
2020,Mike Gundy,Oklahoma State,Big 12,11,8,3,true
2020,Lane Kiffin,Ole Miss,SEC,10,5,5,true
2020,Mario Cristobal,Oregon,Pac-12,7,4,3,true
2020,Jonathan Smith,Oregon State,Pac-12,7,2,5,true
2020,James Franklin,Penn State,Big Ten,9,4,5,true
2020,Pat Narduzzi,Pittsburgh,ACC,11,6,5,true
2020,Jeff Brohm,Purdue,Big Ten,6,2,4,true
2020,Mike Bloomgren,Rice,Conference USA,5,2,3,true
2020,Greg Schiano,Rutgers,Big Ten,9,3,6,true
2020,Sonny Dykes,SMU,American Athletic,10,7,3,true
2020,Brady Hoke,San Diego State,Mountain West,8,4,4,true
2020,Brent Brennan,San José State,Mountain West,8,7,1,true
2020,Steve Campbell,South Alabama,Sun Belt,11,4,7,true
2020,Jeff Scott,South Florida,American Athletic,9,1,8,true
2020,David Shaw,Stanford,Pac-12,6,4,2,true
2020,Dino Babers,Syracuse,ACC,11,1,10,true
2020,Gary Patterson,TCU,Big 12,10,6,4,true
2020,Rod Carey,Temple,American Athletic,7,1,6,true
2020,Jeremy Pruitt,Tennessee,SEC,10,3,7,true
2020,Tom Herman,Texas,Big 12,10,7,3,true
2020,Jimbo Fisher,Texas A&M,SEC,10,9,1,true
2020,Jake Spavital,Texas State,Sun Belt,12,2,10,true
2020,Matt Wells,Texas Tech,Big 12,10,4,6,true
2020,Jason Candle,Toledo,Mid-American,6,4,2,true
2020,Chip Lindsey,Troy,Sun Belt,11,5,6,true
2020,Willie Fritz,Tulane,American Athletic,12,6,6,true
2020,Philip Montgomery,Tulsa,American Athletic,9,6,3,true
2020,Bill Clark,UAB,Conference USA,9,6,3,true
2020,Josh Heupel,UCF,American Athletic,10,6,4,true
2020,Chip Kelly,UCLA,Pac-12,7,3,4,true
2020,Matt Viator,UL Monroe,Sun Belt,10,0,10,true
2020,Marcus Arroyo,UNLV,Mountain West,6,0,6,true
2020,Clay Helton,USC,Pac-12,6,5,1,true
2020,Dana Dimel,UTEP,Conference USA,8,3,5,true
2020,Jeff Traylor,UTSA,Conference USA,12,7,5,true
2020,Kyle Whittingham,Utah,Pac-12,5,3,2,true
2020,Derek Mason,Vanderbilt,SEC,8,0,8,true
2020,Bronco Mendenhall,Virginia,ACC,10,5,5,true
2020,Justin Fuente,Virginia Tech,ACC,11,5,6,true
2020,Dave Clawson,Wake Forest,ACC,9,4,5,true
2020,Jimmy Lake,Washington,Pac-12,4,3,1,true
2020,Nick Rolovich,Washington State,Pac-12,4,1,3,true
2020,Neal Brown,West Virginia,Big 12,10,6,4,true
2020,Tyson Helton,Western Kentucky,Conference USA,12,5,7,true
2020,Tim Lester,Western Michigan,Mid-American,6,4,2,true
2020,Paul Chryst,Wisconsin,Big Ten,7,4,3,true
2020,Craig Bohl,Wyoming,Mountain West,6,2,4,true
2021,Troy Calhoun,Air Force,Mountain West,13,10,3,true
2021,Nick Saban,Alabama,SEC,15,13,2,true
2021,Shawn Clark,App State,Sun Belt,14,10,4,true
2021,Jedd Fisch,Arizona,Pac-12,12,1,11,true
2021,Herm Edwards,Arizona State,Pac-12,13,8,5,true
2021,Sam Pittman,Arkansas,SEC,13,9,4,true
2021,Butch Jones,Arkansas State,Sun Belt,12,2,10,true
2021,Jeff Monken,Army,FBS Independents,13,9,4,true
2021,Bryan Harsin,Auburn,SEC,13,6,7,true
2021,Kalani Sitake,BYU,FBS Independents,13,10,3,true
2021,Mike Neu,Ball State,Mid-American,13,6,7,true
2021,Dave Aranda,Baylor,Big 12,14,12,2,true
2021,Andy Avalos,Boise State,Mountain West,12,7,5,true
2021,Jeff Hafley,Boston College,ACC,12,6,6,true
2021,Scot Loeffler,Bowling Green,Mid-American,12,4,8,true
2021,Maurice Linguist,Buffalo,Mid-American,12,4,8,true
2021,Justin Wilcox,California,Pac-12,12,5,7,true
2021,Jim McElwain,Central Michigan,Mid-American,13,9,4,true
2021,Will Healy,Charlotte,Conference USA,12,5,7,true
2021,Luke Fickell,Cincinnati,American Athletic,14,13,1,true
2021,Dabo Swinney,Clemson,ACC,13,10,3,true
2021,Jamey Chadwell,Coastal Carolina,Sun Belt,13,11,2,true
2021,Karl Dorrell,Colorado,Pac-12,12,4,8,true
2021,Steve Addazio,Colorado State,Mountain West,12,3,9,true
2021,David Cutcliffe,Duke,ACC,12,3,9,true
2021,Mike Houston,East Carolina,American Athletic,12,7,5,true
2021,Chris Creighton,Eastern Michigan,Mid-American,13,7,6,true
2021,Dan Mullen,Florida,SEC,11,5,6,true
2021,Willie Taggart,Florida Atlantic,Conference USA,12,5,7,true
2021,Butch Davis,Florida International,Conference USA,12,1,11,true
2021,Mike Norvell,Florida State,ACC,12,5,7,true
2021,Kalen DeBoer,Fresno State,Mountain West,12,9,3,true
2021,Kirby Smart,Georgia,SEC,15,14,1,true
2021,Shawn Elliott,Georgia State,Sun Belt,13,8,5,true
2021,Geoff Collins,Georgia Tech,ACC,12,3,9,true
2021,Todd Graham,Hawai'i,Mountain West,13,6,7,true
2021,Dana Holgorsen,Houston,American Athletic,14,12,2,true
2021,Bret Bielema,Illinois,Big Ten,12,5,7,true
2021,Tom Allen,Indiana,Big Ten,12,2,10,true
2021,Kirk Ferentz,Iowa,Big Ten,14,10,4,true
2021,Matt Campbell,Iowa State,Big 12,13,7,6,true
2021,Lance Leipold,Kansas,Big 12,12,2,10,true
2021,Chris Klieman,Kansas State,Big 12,13,8,5,true
2021,Sean Lewis,Kent State,Mid-American,14,7,7,true
2021,Mark Stoops,Kentucky,SEC,13,10,3,true
2021,Ed Orgeron,LSU,SEC,12,6,6,true
2021,Hugh Freeze,Liberty,FBS Independents,13,8,5,true
2021,Billy Napier,Louisiana,Sun Belt,13,12,1,true
2021,Skip Holtz,Louisiana Tech,Conference USA,12,3,9,true
2021,Scott Satterfield,Louisville,ACC,13,6,7,true
2021,Charles Huff,Marshall,Conference USA,13,7,6,true
2021,Mike Locksley,Maryland,Big Ten,13,7,6,true
2021,Ryan Silverfield,Memphis,American Athletic,12,6,6,true
2021,Manny Diaz,Miami,ACC,12,7,5,true
2021,Chuck Martin,Miami (OH),Mid-American,13,7,6,true
2021,Jim Harbaugh,Michigan,Big Ten,14,12,2,true
2021,Mel Tucker,Michigan State,Big Ten,13,11,2,true
2021,Rick Stockstill,Middle Tennessee,Conference USA,13,7,6,true
2021,P.J. Fleck,Minnesota,Big Ten,13,9,4,true
2021,Mike Leach,Mississippi State,SEC,13,7,6,true
2021,Eli Drinkwitz,Missouri,SEC,13,6,7,true
2021,Dave Doeren,NC State,ACC,12,9,3,true
2021,Ken Niumatalolo,Navy,American Athletic,12,4,8,true
2021,Scott Frost,Nebraska,Big Ten,12,3,9,true
2021,Jay Norvell,Nevada,Mountain West,12,8,4,true
2021,Danny Gonzales,New Mexico,Mountain West,12,3,9,true
2021,Doug Martin,New Mexico State,FBS Independents,12,2,10,true
2021,Mack Brown,North Carolina,ACC,13,6,7,true
2021,Seth Littrell,North Texas,Conference USA,13,6,7,true
2021,Thomas Hammock,Northern Illinois,Mid-American,14,9,5,true
2021,Pat Fitzgerald,Northwestern,Big Ten,12,3,9,true
2021,Brian Kelly,Notre Dame,FBS Independents,12,11,1,true
2021,Tim Albin,Ohio,Mid-American,12,3,9,true
2021,Ryan Day,Ohio State,Big Ten,13,11,2,true
2021,Lincoln Riley,Oklahoma,Big 12,12,10,2,true
2021,Mike Gundy,Oklahoma State,Big 12,14,12,2,true
2021,Ricky Rahne,Old Dominion,Conference USA,13,6,7,true
2021,Lane Kiffin,Ole Miss,SEC,13,10,3,true
2021,Mario Cristobal,Oregon,Pac-12,13,10,3,true
2021,Jonathan Smith,Oregon State,Pac-12,13,7,6,true
2021,James Franklin,Penn State,Big Ten,13,7,6,true
2021,Pat Narduzzi,Pittsburgh,ACC,14,11,3,true
2021,Jeff Brohm,Purdue,Big Ten,13,9,4,true
2021,Mike Bloomgren,Rice,Conference USA,12,4,8,true
2021,Greg Schiano,Rutgers,Big Ten,13,5,8,true
2021,Sonny Dykes,SMU,American Athletic,12,8,4,true
2021,Brady Hoke,San Diego State,Mountain West,14,12,2,true
2021,Brent Brennan,San José State,Mountain West,12,5,7,true
2021,Kane Wommack,South Alabama,Sun Belt,12,5,7,true
2021,Shane Beamer,South Carolina,SEC,13,7,6,true
2021,Jeff Scott,South Florida,American Athletic,12,2,10,true
2021,Will Hall,Southern Miss,Conference USA,12,3,9,true
2021,David Shaw,Stanford,Pac-12,12,3,9,true
2021,Dino Babers,Syracuse,ACC,12,5,7,true
2021,Rod Carey,Temple,American Athletic,12,3,9,true
2021,Josh Heupel,Tennessee,SEC,13,7,6,true
2021,Steve Sarkisian,Texas,Big 12,12,5,7,true
2021,Jimbo Fisher,Texas A&M,SEC,12,8,4,true
2021,Jake Spavital,Texas State,Sun Belt,12,4,8,true
2021,Jason Candle,Toledo,Mid-American,13,7,6,true
2021,Chip Lindsey,Troy,Sun Belt,11,5,6,true
2021,Willie Fritz,Tulane,American Athletic,12,2,10,true
2021,Philip Montgomery,Tulsa,American Athletic,13,7,6,true
2021,Bill Clark,UAB,Conference USA,13,9,4,true
2021,Gus Malzahn,UCF,American Athletic,13,9,4,true
2021,Chip Kelly,UCLA,Pac-12,12,8,4,true
2021,Lou Spanos,UConn,FBS Independents,10,1,9,true
2021,Terry Bowden,UL Monroe,Sun Belt,12,4,8,true
2021,Marcus Arroyo,UNLV,Mountain West,12,2,10,true
2021,Donte Williams,USC,Pac-12,10,3,7,true
2021,Dana Dimel,UTEP,Conference USA,13,7,6,true
2021,Jeff Traylor,UTSA,Conference USA,14,12,2,true
2021,Kyle Whittingham,Utah,Pac-12,14,10,4,true
2021,Blake Anderson,Utah State,Mountain West,14,11,3,true
2021,Clark Lea,Vanderbilt,SEC,12,2,10,true
2021,Bronco Mendenhall,Virginia,ACC,12,6,6,true
2021,Dave Clawson,Wake Forest,ACC,14,11,3,true
2021,Neal Brown,West Virginia,Big 12,13,6,7,true
2021,Tyson Helton,Western Kentucky,Conference USA,14,9,5,true
2021,Tim Lester,Western Michigan,Mid-American,13,8,5,true
2021,Paul Chryst,Wisconsin,Big Ten,13,9,4,true
2021,Craig Bohl,Wyoming,Mountain West,13,7,6,true
2022,Troy Calhoun,Air Force,Mountain West,13,10,3,true
2022,Joe Moorhead,Akron,Mid-American,12,2,10,true
2022,Nick Saban,Alabama,SEC,13,11,2,true
2022,Shawn Clark,App State,Sun Belt,12,6,6,true
2022,Jedd Fisch,Arizona,Pac-12,12,5,7,true
2022,Herm Edwards,Arizona State,Pac-12,3,1,2,false
2022,Shaun Aguano,Arizona State,Pac-12,9,2,7,false
2022,Sam Pittman,Arkansas,SEC,13,7,6,true
2022,Butch Jones,Arkansas State,Sun Belt,12,3,9,true
2022,Jeff Monken,Army,FBS Independents,12,6,6,true
2022,Bryan Harsin,Auburn,SEC,8,3,5,false
2022,Cadillac Williams,Auburn,SEC,4,2,2,false
2022,Kalani Sitake,BYU,FBS Independents,13,8,5,true
2022,Mike Neu,Ball State,Mid-American,12,5,7,true
2022,Dave Aranda,Baylor,Big 12,13,6,7,true
2022,Andy Avalos,Boise State,Mountain West,14,10,4,true
2022,Jeff Hafley,Boston College,ACC,12,3,9,true
2022,Scot Loeffler,Bowling Green,Mid-American,13,6,7,true
2022,Maurice Linguist,Buffalo,Mid-American,13,7,6,true
2022,Justin Wilcox,California,Pac-12,12,4,8,true
2022,Jim McElwain,Central Michigan,Mid-American,12,4,8,true
2022,Peter Rossomando,Charlotte,Conference USA,4,2,2,false
2022,Will Healy,Charlotte,Conference USA,8,1,7,false
2022,Kerry Coombs,Cincinnati,American Athletic,1,0,1,false
2022,Luke Fickell,Cincinnati,American Athletic,12,9,3,true
2022,Dabo Swinney,Clemson,ACC,14,11,3,true
2022,Chad Staggs,Coastal Carolina,Sun Belt,1,0,1,false
2022,Jamey Chadwell,Coastal Carolina,Sun Belt,12,9,3,true
2022,Karl Dorrell,Colorado,Pac-12,5,0,5,false
2022,Mike Sanford Jr.,Colorado,Pac-12,7,1,6,false
2022,Jay Norvell,Colorado State,Mountain West,12,3,9,true
2022,Mike Elko,Duke,ACC,13,9,4,true
2022,Mike Houston,East Carolina,American Athletic,13,8,5,true
2022,Chris Creighton,Eastern Michigan,Mid-American,13,9,4,true
2022,Billy Napier,Florida,SEC,13,6,7,true
2022,Willie Taggart,Florida Atlantic,Conference USA,12,5,7,true
2022,Mike MacIntyre,Florida International,Conference USA,12,4,8,true
2022,Mike Norvell,Florida State,ACC,13,10,3,true
2022,Jeff Tedford,Fresno State,Mountain West,14,10,4,true
2022,Kirby Smart,Georgia,SEC,15,15,0,true
2022,Clay Helton,Georgia Southern,Sun Belt,13,6,7,true
2022,Shawn Elliott,Georgia State,Sun Belt,12,4,8,true
2022,Brent Key,Georgia Tech,ACC,8,4,4,false
2022,Geoff Collins,Georgia Tech,ACC,4,1,3,false
2022,Timmy Chang,Hawai'i,Mountain West,13,3,10,true
2022,Dana Holgorsen,Houston,American Athletic,13,8,5,true
2022,Bret Bielema,Illinois,Big Ten,13,8,5,true
2022,Tom Allen,Indiana,Big Ten,12,4,8,true
2022,Kirk Ferentz,Iowa,Big Ten,13,8,5,true
2022,Matt Campbell,Iowa State,Big 12,12,4,8,true
2022,Curt Cignetti,James Madison,Sun Belt,11,8,3,true
2022,Lance Leipold,Kansas,Big 12,13,6,7,true
2022,Chris Klieman,Kansas State,Big 12,14,10,4,true
2022,Sean Lewis,Kent State,Mid-American,12,5,7,true
2022,Mark Stoops,Kentucky,SEC,13,7,6,true
2022,Brian Kelly,LSU,SEC,14,10,4,true
2022,Hugh Freeze,Liberty,FBS Independents,12,8,4,true
2022,Josh Aldridge,Liberty,FBS Independents,1,0,1,false
2022,Michael Desormeaux,Louisiana,Sun Belt,13,6,7,true
2022,Sonny Cumbie,Louisiana Tech,Conference USA,12,3,9,true
2022,Deion Branch,Louisville,ACC,1,1,0,false
2022,Scott Satterfield,Louisville,ACC,12,7,5,true
2022,Charles Huff,Marshall,Sun Belt,13,9,4,true
2022,Mike Locksley,Maryland,Big Ten,13,8,5,true
2022,Don Brown,Massachusetts,FBS Independents,12,1,11,true
2022,Ryan Silverfield,Memphis,American Athletic,13,7,6,true
2022,Mario Cristobal,Miami,ACC,12,5,7,true
2022,Chuck Martin,Miami (OH),Mid-American,13,6,7,true
2022,Jim Harbaugh,Michigan,Big Ten,14,13,1,true
2022,Mel Tucker,Michigan State,Big Ten,12,5,7,true
2022,Rick Stockstill,Middle Tennessee,Conference USA,13,8,5,true
2022,P.J. Fleck,Minnesota,Big Ten,13,9,4,true
2022,Mike Leach,Mississippi State,SEC,12,8,4,true
2022,Zach Arnett,Mississippi State,SEC,1,1,0,false
2022,Eli Drinkwitz,Missouri,SEC,13,6,7,true
2022,Dave Doeren,NC State,ACC,13,8,5,true
2022,Ken Niumatalolo,Navy,American Athletic,12,4,8,true
2022,Mickey Joseph,Nebraska,Big Ten,9,3,6,false
2022,Scott Frost,Nebraska,Big Ten,3,1,2,false
2022,Ken Wilson,Nevada,Mountain West,12,2,10,true
2022,Danny Gonzales,New Mexico,Mountain West,12,2,10,true
2022,Jerry Kill,New Mexico State,FBS Independents,13,7,6,true
2022,Mack Brown,North Carolina,ACC,14,9,5,true
2022,Phil Bennett,North Texas,Conference USA,1,0,1,false
2022,Seth Littrell,North Texas,Conference USA,13,7,6,true
2022,Thomas Hammock,Northern Illinois,Mid-American,12,3,9,true
2022,Pat Fitzgerald,Northwestern,Big Ten,12,1,11,true
2022,Marcus Freeman,Notre Dame,FBS Independents,13,9,4,true
2022,Tim Albin,Ohio,Mid-American,14,10,4,true
2022,Ryan Day,Ohio State,Big Ten,13,11,2,true
2022,Brent Venables,Oklahoma,Big 12,13,6,7,true
2022,Mike Gundy,Oklahoma State,Big 12,13,7,6,true
2022,Ricky Rahne,Old Dominion,Sun Belt,12,3,9,true
2022,Lane Kiffin,Ole Miss,SEC,13,8,5,true
2022,Dan Lanning,Oregon,Pac-12,13,10,3,true
2022,Jonathan Smith,Oregon State,Pac-12,13,10,3,true
2022,James Franklin,Penn State,Big Ten,13,11,2,true
2022,Pat Narduzzi,Pittsburgh,ACC,13,9,4,true
2022,Brian Brohm,Purdue,Big Ten,1,0,1,false
2022,Jeff Brohm,Purdue,Big Ten,13,8,5,true
2022,Mike Bloomgren,Rice,Conference USA,13,5,8,true
2022,Greg Schiano,Rutgers,Big Ten,12,4,8,true
2022,Rhett Lashlee,SMU,American Athletic,13,7,6,true
2022,Brady Hoke,San Diego State,Mountain West,13,7,6,true
2022,Brent Brennan,San José State,Mountain West,12,7,5,true
2022,Kane Wommack,South Alabama,Sun Belt,13,10,3,true
2022,Shane Beamer,South Carolina,SEC,13,8,5,true
2022,Daniel Da Prato,South Florida,American Athletic,3,0,3,false
2022,Jeff Scott,South Florida,American Athletic,9,1,8,false
2022,Will Hall,Southern Miss,Sun Belt,13,7,6,true
2022,David Shaw,Stanford,Pac-12,12,3,9,true
2022,Dino Babers,Syracuse,ACC,13,7,6,true
2022,Sonny Dykes,TCU,Big 12,15,13,2,true
2022,Stan Drayton,Temple,American Athletic,12,3,9,true
2022,Josh Heupel,Tennessee,SEC,13,11,2,true
2022,Steve Sarkisian,Texas,Big 12,13,8,5,true
2022,Jimbo Fisher,Texas A&M,SEC,12,5,7,true
2022,Jake Spavital,Texas State,Sun Belt,12,4,8,true
2022,Joey McGuire,Texas Tech,Big 12,13,8,5,true
2022,Jason Candle,Toledo,Mid-American,14,9,5,true
2022,Jon Sumrall,Troy,Sun Belt,14,12,2,true
2022,Willie Fritz,Tulane,American Athletic,14,12,2,true
2022,Philip Montgomery,Tulsa,American Athletic,12,5,7,true
2022,Bryant Vincent,UAB,Conference USA,13,7,6,true
2022,Gus Malzahn,UCF,American Athletic,14,9,5,true
2022,Chip Kelly,UCLA,Pac-12,13,9,4,true
2022,Jim Mora,UConn,FBS Independents,13,6,7,true
2022,Terry Bowden,UL Monroe,Sun Belt,12,4,8,true
2022,Marcus Arroyo,UNLV,Mountain West,12,5,7,true
2022,Lincoln Riley,USC,Pac-12,14,11,3,true
2022,Dana Dimel,UTEP,Conference USA,12,5,7,true
2022,Jeff Traylor,UTSA,Conference USA,14,11,3,true
2022,Kyle Whittingham,Utah,Pac-12,14,10,4,true
2022,Blake Anderson,Utah State,Mountain West,13,6,7,true
2022,Clark Lea,Vanderbilt,SEC,12,5,7,true
2022,Tony Elliott,Virginia,ACC,10,3,7,true
2022,Brent Pry,Virginia Tech,ACC,11,3,8,true
2022,Dave Clawson,Wake Forest,ACC,13,8,5,true
2022,Kalen DeBoer,Washington,Pac-12,13,11,2,true
2022,Jake Dickert,Washington State,Pac-12,13,7,6,true
2022,Neal Brown,West Virginia,Big 12,12,5,7,true
2022,Tyson Helton,Western Kentucky,Conference USA,14,9,5,true
2022,Tim Lester,Western Michigan,Mid-American,12,5,7,true
2022,Jim Leonhard,Wisconsin,Big Ten,7,4,3,false
2022,Luke Fickell,Wisconsin,Big Ten,1,1,0,false
2022,Paul Chryst,Wisconsin,Big Ten,5,2,3,false
2022,Craig Bohl,Wyoming,Mountain West,13,7,6,true
2023,Troy Calhoun,Air Force,Mountain West,13,9,4,true
2023,Joe Moorhead,Akron,Mid-American,12,2,10,true
2023,Nick Saban,Alabama,SEC,14,12,2,true
2023,Shawn Clark,App State,Sun Belt,14,9,5,true
2023,Jedd Fisch,Arizona,Pac-12,13,10,3,true
2023,Kenny Dillingham,Arizona State,Pac-12,12,3,9,true
2023,Sam Pittman,Arkansas,SEC,12,4,8,true
2023,Butch Jones,Arkansas State,Sun Belt,13,6,7,true
2023,Jeff Monken,Army,FBS Independents,12,6,6,true
2023,Hugh Freeze,Auburn,SEC,13,6,7,true
2023,Kalani Sitake,BYU,Big 12,12,5,7,true
2023,Mike Neu,Ball State,Mid-American,12,4,8,true
2023,Dave Aranda,Baylor,Big 12,12,3,9,true
2023,Jeff Hafley,Boston College,ACC,13,7,6,true
2023,Scot Loeffler,Bowling Green,Mid-American,13,7,6,true
2023,Maurice Linguist,Buffalo,Mid-American,12,3,9,true
2023,Justin Wilcox,California,Pac-12,13,6,7,true
2023,Jim McElwain,Central Michigan,Mid-American,12,5,7,true
2023,Biff Poggi,Charlotte,American Athletic,12,3,9,true
2023,Scott Satterfield,Cincinnati,Big 12,12,3,9,true
2023,Dabo Swinney,Clemson,ACC,13,9,4,true
2023,Tim Beck,Coastal Carolina,Sun Belt,13,8,5,true
2023,Deion Sanders,Colorado,Pac-12,12,4,8,true
2023,Jay Norvell,Colorado State,Mountain West,12,5,7,true
2023,Mike Elko,Duke,ACC,12,7,5,true
2023,Mike Houston,East Carolina,American Athletic,12,2,10,true
2023,Chris Creighton,Eastern Michigan,Mid-American,13,6,7,true
2023,Billy Napier,Florida,SEC,12,5,7,true
2023,Tom Herman,Florida Atlantic,American Athletic,12,4,8,true
2023,Mike MacIntyre,Florida International,Conference USA,12,4,8,true
2023,Mike Norvell,Florida State,ACC,14,13,1,true
2023,Jeff Tedford,Fresno State,Mountain West,13,9,4,true
2023,Kirby Smart,Georgia,SEC,14,13,1,true
2023,Clay Helton,Georgia Southern,Sun Belt,13,6,7,true
2023,Shawn Elliott,Georgia State,Sun Belt,13,7,6,true
2023,Brent Key,Georgia Tech,ACC,13,7,6,true
2023,Timmy Chang,Hawai'i,Mountain West,13,5,8,true
2023,Dana Holgorsen,Houston,Big 12,12,4,8,true
2023,Bret Bielema,Illinois,Big Ten,12,5,7,true
2023,Tom Allen,Indiana,Big Ten,12,3,9,true
2023,Kirk Ferentz,Iowa,Big Ten,14,10,4,true
2023,Matt Campbell,Iowa State,Big 12,13,7,6,true
2023,Rich Rodriguez,Jacksonville State,Conference USA,13,9,4,true
2023,Curt Cignetti,James Madison,Sun Belt,12,11,1,true
2023,Lance Leipold,Kansas,Big 12,13,9,4,true
2023,Chris Klieman,Kansas State,Big 12,13,9,4,true
2023,Kenni Burns,Kent State,Mid-American,12,1,11,true
2023,Mark Stoops,Kentucky,SEC,13,7,6,true
2023,Brian Kelly,LSU,SEC,13,10,3,true
2023,Jamey Chadwell,Liberty,Conference USA,14,13,1,true
2023,Michael Desormeaux,Louisiana,Sun Belt,13,6,7,true
2023,Sonny Cumbie,Louisiana Tech,Conference USA,12,3,9,true
2023,Jeff Brohm,Louisville,ACC,14,10,4,true
2023,Charles Huff,Marshall,Sun Belt,13,6,7,true
2023,Mike Locksley,Maryland,Big Ten,13,8,5,true
2023,Don Brown,Massachusetts,FBS Independents,12,3,9,true
2023,Ryan Silverfield,Memphis,American Athletic,13,10,3,true
2023,Mario Cristobal,Miami,ACC,13,7,6,true
2023,Chuck Martin,Miami (OH),Mid-American,14,11,3,true
2023,Jim Harbaugh,Michigan,Big Ten,15,15,0,true
2023,Harlon Barnett,Michigan State,Big Ten,10,2,8,true
2023,Rick Stockstill,Middle Tennessee,Conference USA,12,4,8,true
2023,P.J. Fleck,Minnesota,Big Ten,13,6,7,true
2023,Zach Arnett,Mississippi State,SEC,10,4,6,true
2023,Eli Drinkwitz,Missouri,SEC,13,11,2,true
2023,Dave Doeren,NC State,ACC,13,9,4,true
2023,Brian Newberry,Navy,American Athletic,12,5,7,true
2023,Matt Rhule,Nebraska,Big Ten,12,5,7,true
2023,Ken Wilson,Nevada,Mountain West,12,2,10,true
2023,Danny Gonzales,New Mexico,Mountain West,12,4,8,true
2023,Jerry Kill,New Mexico State,Conference USA,15,10,5,true
2023,Mack Brown,North Carolina,ACC,13,8,5,true
2023,Eric Morris,North Texas,American Athletic,12,5,7,true
2023,Thomas Hammock,Northern Illinois,Mid-American,13,7,6,true
2023,David Braun,Northwestern,Big Ten,13,8,5,true
2023,Marcus Freeman,Notre Dame,FBS Independents,13,10,3,true
2023,Tim Albin,Ohio,Mid-American,13,10,3,true
2023,Ryan Day,Ohio State,Big Ten,13,11,2,true
2023,Brent Venables,Oklahoma,Big 12,13,10,3,true
2023,Mike Gundy,Oklahoma State,Big 12,14,10,4,true
2023,Ricky Rahne,Old Dominion,Sun Belt,13,6,7,true
2023,Lane Kiffin,Ole Miss,SEC,13,11,2,true
2023,Dan Lanning,Oregon,Pac-12,14,12,2,true
2023,Jonathan Smith,Oregon State,Pac-12,12,8,4,true
2023,James Franklin,Penn State,Big Ten,13,10,3,true
2023,Pat Narduzzi,Pittsburgh,ACC,12,3,9,true
2023,Ryan Walters,Purdue,Big Ten,12,4,8,true
2023,Mike Bloomgren,Rice,American Athletic,13,6,7,true
2023,Greg Schiano,Rutgers,Big Ten,13,7,6,true
2023,Rhett Lashlee,SMU,American Athletic,14,11,3,true
2023,K.C. Keeler,Sam Houston,Conference USA,12,3,9,true
2023,Brady Hoke,San Diego State,Mountain West,12,4,8,true
2023,Brent Brennan,San José State,Mountain West,13,7,6,true
2023,Kane Wommack,South Alabama,Sun Belt,13,7,6,true
2023,Shane Beamer,South Carolina,SEC,12,5,7,true
2023,Alex Golesh,South Florida,American Athletic,13,7,6,true
2023,Will Hall,Southern Miss,Sun Belt,12,3,9,true
2023,Troy Taylor,Stanford,Pac-12,12,3,9,true
2023,Dino Babers,Syracuse,ACC,11,5,6,true
2023,Sonny Dykes,TCU,Big 12,12,5,7,true
2023,Stan Drayton,Temple,American Athletic,12,3,9,true
2023,Josh Heupel,Tennessee,SEC,13,9,4,true
2023,Steve Sarkisian,Texas,Big 12,14,12,2,true
2023,G.J. Kinne,Texas State,Sun Belt,13,8,5,true
2023,Joey McGuire,Texas Tech,Big 12,13,7,6,true
2023,Jason Candle,Toledo,Mid-American,14,11,3,true
2023,Jon Sumrall,Troy,Sun Belt,13,11,2,true
2023,Willie Fritz,Tulane,American Athletic,13,11,2,true
2023,Kevin Wilson,Tulsa,American Athletic,12,4,8,true
2023,Trent Dilfer,UAB,American Athletic,12,4,8,true
2023,Gus Malzahn,UCF,Big 12,13,6,7,true
2023,Chip Kelly,UCLA,Pac-12,13,8,5,true
2023,Jim Mora,UConn,FBS Independents,12,3,9,true
2023,Terry Bowden,UL Monroe,Sun Belt,12,2,10,true
2023,Barry Odom,UNLV,Mountain West,14,9,5,true
2023,Lincoln Riley,USC,Pac-12,13,8,5,true
2023,Dana Dimel,UTEP,Conference USA,12,3,9,true
2023,Jeff Traylor,UTSA,American Athletic,13,9,4,true
2023,Kyle Whittingham,Utah,Pac-12,13,8,5,true
2023,Blake Anderson,Utah State,Mountain West,13,6,7,true
2023,Clark Lea,Vanderbilt,SEC,12,2,10,true
2023,Tony Elliott,Virginia,ACC,12,3,9,true
2023,Brent Pry,Virginia Tech,ACC,13,7,6,true
2023,Dave Clawson,Wake Forest,ACC,12,4,8,true
2023,Kalen DeBoer,Washington,Pac-12,15,14,1,true
2023,Jake Dickert,Washington State,Pac-12,12,5,7,true
2023,Neal Brown,West Virginia,Big 12,13,9,4,true
2023,Tyson Helton,Western Kentucky,Conference USA,13,8,5,true
2023,Lance Taylor,Western Michigan,Mid-American,12,4,8,true
2023,Luke Fickell,Wisconsin,Big Ten,13,7,6,true
2023,Craig Bohl,Wyoming,Mountain West,13,9,4,true
2024,Troy Calhoun,Air Force,Mountain West,12,5,7,true
2024,Joe Moorhead,Akron,Mid-American,12,4,8,true
2024,Kalen DeBoer,Alabama,SEC,13,9,4,true
2024,Shawn Clark,App State,Sun Belt,11,5,6,true
2024,Brent Brennan,Arizona,Big 12,12,4,8,true
2024,Kenny Dillingham,Arizona State,Big 12,14,11,3,true
2024,Sam Pittman,Arkansas,SEC,13,7,6,true
2024,Butch Jones,Arkansas State,Sun Belt,13,8,5,true
2024,Jeff Monken,Army,American Athletic,14,12,2,true
2024,Hugh Freeze,Auburn,SEC,12,5,7,true
2024,Kalani Sitake,BYU,Big 12,13,11,2,true
2024,Mike Neu,Ball State,Mid-American,10,3,7,true
2024,Dave Aranda,Baylor,Big 12,13,8,5,true
2024,Spencer Danielson,Boise State,Mountain West,14,12,2,true
2024,Bill O'Brien,Boston College,ACC,13,7,6,true
2024,Scot Loeffler,Bowling Green,Mid-American,13,7,6,true
2024,Pete Lembo,Buffalo,Mid-American,13,9,4,true
2024,Justin Wilcox,California,ACC,13,6,7,true
2024,Jim McElwain,Central Michigan,Mid-American,12,4,8,true
2024,Biff Poggi,Charlotte,American Athletic,10,3,7,true
2024,Scott Satterfield,Cincinnati,Big 12,12,5,7,true
2024,Dabo Swinney,Clemson,ACC,14,10,4,true
2024,Tim Beck,Coastal Carolina,Sun Belt,13,6,7,true
2024,Deion Sanders,Colorado,Big 12,13,9,4,true
2024,Jay Norvell,Colorado State,Mountain West,13,8,5,true
2024,Manny Diaz,Duke,ACC,13,9,4,true
2024,Chris Creighton,Eastern Michigan,Mid-American,12,5,7,true
2024,Billy Napier,Florida,SEC,13,8,5,true
2024,Tom Herman,Florida Atlantic,American Athletic,10,2,8,true
2024,Mike MacIntyre,Florida International,Conference USA,12,4,8,true
2024,Mike Norvell,Florida State,ACC,12,2,10,true
2024,Tim Skipper,Fresno State,Mountain West,13,6,7,true
2024,Kirby Smart,Georgia,SEC,14,11,3,true
2024,Clay Helton,Georgia Southern,Sun Belt,13,8,5,true
2024,Dell McGee,Georgia State,Sun Belt,12,3,9,true
2024,Brent Key,Georgia Tech,ACC,13,7,6,true
2024,Timmy Chang,Hawai'i,Mountain West,12,5,7,true
2024,Willie Fritz,Houston,Big 12,12,4,8,true
2024,Bret Bielema,Illinois,Big Ten,13,10,3,true
2024,Curt Cignetti,Indiana,Big Ten,13,11,2,true
2024,Kirk Ferentz,Iowa,Big Ten,13,8,5,true
2024,Matt Campbell,Iowa State,Big 12,14,11,3,true
2024,Rich Rodriguez,Jacksonville State,Conference USA,14,9,5,true
2024,Bob Chesney,James Madison,Sun Belt,13,9,4,true
2024,Lance Leipold,Kansas,Big 12,12,5,7,true
2024,Chris Klieman,Kansas State,Big 12,13,9,4,true
2024,Kenni Burns,Kent State,Mid-American,12,0,12,true
2024,Mark Stoops,Kentucky,SEC,12,4,8,true
2024,Brian Kelly,LSU,SEC,13,9,4,true
2024,Jamey Chadwell,Liberty,Conference USA,12,8,4,true
2024,Michael Desormeaux,Louisiana,Sun Belt,14,10,4,true
2024,Sonny Cumbie,Louisiana Tech,Conference USA,13,5,8,true
2024,Jeff Brohm,Louisville,ACC,13,9,4,true
2024,Charles Huff,Marshall,Sun Belt,13,10,3,true
2024,Mike Locksley,Maryland,Big Ten,12,4,8,true
2024,Don Brown,Massachusetts,FBS Independents,10,2,8,true
2024,Ryan Silverfield,Memphis,American Athletic,13,11,2,true
2024,Mario Cristobal,Miami,ACC,13,10,3,true
2024,Chuck Martin,Miami (OH),Mid-American,14,9,5,true
2024,Sherrone Moore,Michigan,Big Ten,13,8,5,true
2024,Jonathan Smith,Michigan State,Big Ten,12,5,7,true
2024,Derek Mason,Middle Tennessee,Conference USA,12,3,9,true
2024,P.J. Fleck,Minnesota,Big Ten,13,8,5,true
2024,Jeff Lebby,Mississippi State,SEC,12,2,10,true
2024,Eli Drinkwitz,Missouri,SEC,13,10,3,true
2024,Dave Doeren,NC State,ACC,13,6,7,true
2024,Brian Newberry,Navy,American Athletic,13,10,3,true
2024,Matt Rhule,Nebraska,Big Ten,13,7,6,true
2024,Jeff Choate,Nevada,Mountain West,13,3,10,true
2024,Bronco Mendenhall,New Mexico,Mountain West,12,5,7,true
2024,Tony Sanchez,New Mexico State,Conference USA,12,3,9,true
2024,Mack Brown,North Carolina,ACC,12,6,6,true
2024,Eric Morris,North Texas,American Athletic,13,6,7,true
2024,Thomas Hammock,Northern Illinois,Mid-American,13,8,5,true
2024,David Braun,Northwestern,Big Ten,12,4,8,true
2024,Marcus Freeman,Notre Dame,FBS Independents,16,14,2,true
2024,Tim Albin,Ohio,Mid-American,14,11,3,true
2024,Ryan Day,Ohio State,Big Ten,16,14,2,true
2024,Brent Venables,Oklahoma,SEC,13,6,7,true
2024,Mike Gundy,Oklahoma State,Big 12,12,3,9,true
2024,Ricky Rahne,Old Dominion,Sun Belt,12,5,7,true
2024,Lane Kiffin,Ole Miss,SEC,13,10,3,true
2024,Dan Lanning,Oregon,Big Ten,14,13,1,true
2024,Trent Bray,Oregon State,Pac-12,12,5,7,true
2024,James Franklin,Penn State,Big Ten,16,13,3,true
2024,Pat Narduzzi,Pittsburgh,ACC,13,7,6,true
2024,Ryan Walters,Purdue,Big Ten,12,1,11,true
2024,Greg Schiano,Rutgers,Big Ten,13,7,6,true
2024,Rhett Lashlee,SMU,ACC,14,11,3,true
2024,K.C. Keeler,Sam Houston,Conference USA,12,9,3,true
2024,Sean Lewis,San Diego State,Mountain West,12,3,9,true
2024,Ken Niumatalolo,San José State,Mountain West,13,7,6,true
2024,Major Applewhite,South Alabama,Sun Belt,13,7,6,true
2024,Shane Beamer,South Carolina,SEC,13,9,4,true
2024,Alex Golesh,South Florida,American Athletic,13,7,6,true
2024,Troy Taylor,Stanford,ACC,12,3,9,true
2024,Fran Brown,Syracuse,ACC,13,10,3,true
2024,Sonny Dykes,TCU,Big 12,13,9,4,true
2024,Stan Drayton,Temple,American Athletic,10,3,7,true
2024,Josh Heupel,Tennessee,SEC,13,10,3,true
2024,Steve Sarkisian,Texas,SEC,16,13,3,true
2024,Mike Elko,Texas A&M,SEC,13,8,5,true
2024,G.J. Kinne,Texas State,Sun Belt,13,8,5,true
2024,Joey McGuire,Texas Tech,Big 12,13,8,5,true
2024,Jason Candle,Toledo,Mid-American,13,8,5,true
2024,Gerad Parker,Troy,Sun Belt,12,4,8,true
2024,Jon Sumrall,Tulane,American Athletic,14,9,5,true
2024,Kevin Wilson,Tulsa,American Athletic,11,3,8,true
2024,Trent Dilfer,UAB,American Athletic,12,3,9,true
2024,Gus Malzahn,UCF,Big 12,12,4,8,true
2024,Deshaun Foster,UCLA,Big Ten,12,5,7,true
2024,Jim Mora,UConn,FBS Independents,13,9,4,true
2024,Bryant Vincent,UL Monroe,Sun Belt,12,5,7,true
2024,Barry Odom,UNLV,Mountain West,14,11,3,true
2024,Lincoln Riley,USC,Big Ten,13,7,6,true
2024,Scotty Walden,UTEP,Conference USA,12,3,9,true
2024,Jeff Traylor,UTSA,American Athletic,13,7,6,true
2024,Kyle Whittingham,Utah,Big 12,12,5,7,true
2024,Nate Dreiling,Utah State,Mountain West,12,4,8,true
2024,Clark Lea,Vanderbilt,SEC,13,7,6,true
2024,Tony Elliott,Virginia,ACC,12,5,7,true
2024,Brent Pry,Virginia Tech,ACC,13,6,7,true
2024,Dave Clawson,Wake Forest,ACC,12,4,8,true
2024,Jedd Fisch,Washington,Big Ten,13,6,7,true
2024,Jake Dickert,Washington State,Pac-12,12,8,4,true
2024,Neal Brown,West Virginia,Big 12,12,6,6,true
2024,Tyson Helton,Western Kentucky,Conference USA,14,8,6,true
2024,Lance Taylor,Western Michigan,Mid-American,13,6,7,true
2024,Luke Fickell,Wisconsin,Big Ten,12,5,7,true
2024,Jay Sawvel,Wyoming,Mountain West,12,3,9,true
2025,Troy Calhoun,Air Force,Mountain West,12,4,8,true
2025,Joe Moorhead,Akron,Mid-American,12,5,7,true
2025,Kalen DeBoer,Alabama,SEC,15,11,4,true
2025,Dowell Loggains,App State,Sun Belt,13,5,8,true
2025,Brent Brennan,Arizona,Big 12,13,9,4,true
2025,Kenny Dillingham,Arizona State,Big 12,13,8,5,true
2025,Bobby Petrino,Arkansas,SEC,7,0,7,false
2025,Sam Pittman,Arkansas,SEC,5,2,3,false
2025,Butch Jones,Arkansas State,Sun Belt,13,7,6,true
2025,Jeff Monken,Army,American Athletic,13,7,6,true
2025,D.J. Durkin,Auburn,SEC,3,1,2,false
2025,Hugh Freeze,Auburn,SEC,9,4,5,false
2025,Kalani Sitake,BYU,Big 12,14,12,2,true
2025,Mike Uremovich,Ball State,Mid-American,12,4,8,true
2025,Dave Aranda,Baylor,Big 12,12,5,7,true
2025,Spencer Danielson,Boise State,Mountain West,14,9,5,true
2025,Bill O'Brien,Boston College,ACC,12,2,10,true
2025,Eddie George,Bowling Green,Mid-American,12,4,8,true
2025,Pete Lembo,Buffalo,Mid-American,12,5,7,true
2025,Justin Wilcox,California,ACC,11,6,5,true
2025,Nick Rolovich,California,ACC,2,1,1,false
2025,Matt Drinkall,Central Michigan,Mid-American,13,7,6,true
2025,Tim Albin,Charlotte,American Athletic,12,1,11,true
2025,Scott Satterfield,Cincinnati,Big 12,13,7,6,true
2025,Dabo Swinney,Clemson,ACC,13,7,6,true
2025,Jeremiah Johnson,Coastal Carolina,Sun Belt,1,0,1,false
2025,Tim Beck,Coastal Carolina,Sun Belt,12,6,6,true
2025,Deion Sanders,Colorado,Big 12,12,3,9,true
2025,Jay Norvell,Colorado State,Mountain West,7,2,5,false
2025,Tyson Summers,Colorado State,Mountain West,5,0,5,false
2025,Ryan Carty,Delaware,Conference USA,13,7,6,true
2025,Manny Diaz,Duke,ACC,14,9,5,true
2025,Blake Harrell,East Carolina,American Athletic,13,9,4,true
2025,Chris Creighton,Eastern Michigan,Mid-American,12,4,8,true
2025,Billy Gonzales,Florida,SEC,5,1,4,false
2025,Billy Napier,Florida,SEC,7,3,4,false
2025,Zach Kittley,Florida Atlantic,American Athletic,12,4,8,true
2025,Willie Simmons,Florida International,Conference USA,13,7,6,true
2025,Mike Norvell,Florida State,ACC,12,5,7,true
2025,Matt Entz,Fresno State,Mountain West,13,9,4,true
2025,Kirby Smart,Georgia,SEC,14,12,2,true
2025,Clay Helton,Georgia Southern,Sun Belt,13,7,6,true
2025,Dell McGee,Georgia State,Sun Belt,12,1,11,true
2025,Brent Key,Georgia Tech,ACC,13,9,4,true
2025,Timmy Chang,Hawai'i,Mountain West,13,9,4,true
2025,Willie Fritz,Houston,Big 12,13,10,3,true
2025,Bret Bielema,Illinois,Big Ten,13,9,4,true
2025,Curt Cignetti,Indiana,Big Ten,16,16,0,true
2025,Kirk Ferentz,Iowa,Big Ten,13,9,4,true
2025,Matt Campbell,Iowa State,Big 12,12,8,4,true
2025,Charles Kelly,Jacksonville State,Conference USA,14,9,5,true
2025,Bob Chesney,James Madison,Sun Belt,14,12,2,true
2025,Lance Leipold,Kansas,Big 12,12,5,7,true
2025,Chris Klieman,Kansas State,Big 12,12,6,6,true
2025,Jerry Mack,Kennesaw State,Conference USA,14,10,4,true
2025,Mark Carney,Kent State,Mid-American,12,5,7,true
2025,Mark Stoops,Kentucky,SEC,12,5,7,true
2025,Brian Kelly,LSU,SEC,8,5,3,false
2025,Frank Wilson,LSU,SEC,5,2,3,false
2025,Jamey Chadwell,Liberty,Conference USA,12,4,8,true
2025,Michael Desormeaux,Louisiana,Sun Belt,13,6,7,true
2025,Sonny Cumbie,Louisiana Tech,Conference USA,13,8,5,true
2025,Jeff Brohm,Louisville,ACC,13,9,4,true
2025,Tony Gibson,Marshall,Sun Belt,12,5,7,true
2025,Mike Locksley,Maryland,Big Ten,12,4,8,true
2025,Joe Harasymiak,Massachusetts,Mid-American,12,0,12,true
2025,Reggie Howard,Memphis,American Athletic,1,0,1,false
2025,Ryan Silverfield,Memphis,American Athletic,12,8,4,true
2025,Mario Cristobal,Miami,ACC,16,13,3,true
2025,Chuck Martin,Miami (OH),Mid-American,14,7,7,true
2025,Biff Poggi,Michigan,Big Ten,1,0,1,false
2025,Sherrone Moore,Michigan,Big Ten,12,9,3,true
2025,Jonathan Smith,Michigan State,Big Ten,12,4,8,true
2025,Derek Mason,Middle Tennessee,Conference USA,12,3,9,true
2025,P.J. Fleck,Minnesota,Big Ten,13,8,5,true
2025,Jeff Lebby,Mississippi State,SEC,13,5,8,true
2025,Eli Drinkwitz,Missouri,SEC,13,8,5,true
2025,Nick Petrino,Missouri State,Conference USA,1,0,1,false
2025,Ryan Beard,Missouri State,Conference USA,12,7,5,true
2025,Dave Doeren,NC State,ACC,13,8,5,true
2025,Brian Newberry,Navy,American Athletic,13,11,2,true
2025,Matt Rhule,Nebraska,Big Ten,13,7,6,true
2025,Jeff Choate,Nevada,Mountain West,12,3,9,true
2025,Jason Eck,New Mexico,Mountain West,13,9,4,true
2025,Tony Sanchez,New Mexico State,Conference USA,12,4,8,true
2025,Bill Belichick,North Carolina,ACC,12,4,8,true
2025,Drew Svoboda,North Texas,American Athletic,1,1,0,false
2025,Eric Morris,North Texas,American Athletic,13,11,2,true
2025,Thomas Hammock,Northern Illinois,Mid-American,12,3,9,true
2025,David Braun,Northwestern,Big Ten,13,7,6,true
2025,Marcus Freeman,Notre Dame,FBS Independents,12,10,2,true
2025,Brian Smith,Ohio,Mid-American,12,8,4,true
2025,John Hauser,Ohio,Mid-American,1,1,0,false
2025,Ryan Day,Ohio State,Big Ten,14,12,2,true
2025,Brent Venables,Oklahoma,SEC,13,10,3,true
2025,Doug Meacham,Oklahoma State,Big 12,9,0,9,false
2025,Mike Gundy,Oklahoma State,Big 12,3,1,2,false
2025,Ricky Rahne,Old Dominion,Sun Belt,13,10,3,true
2025,Lane Kiffin,Ole Miss,SEC,12,11,1,true
2025,Pete Golding,Ole Miss,SEC,3,2,1,false
2025,Dan Lanning,Oregon,Big Ten,15,13,2,true
2025,Robb Akey,Oregon State,Pac-12,5,2,3,false
2025,Trent Bray,Oregon State,Pac-12,7,0,7,false
2025,James Franklin,Penn State,Big Ten,6,3,3,false
2025,Terry Smith,Penn State,Big Ten,7,4,3,false
2025,Pat Narduzzi,Pittsburgh,ACC,13,8,5,true
2025,Barry Odom,Purdue,Big Ten,12,2,10,true
2025,Scott Abell,Rice,American Athletic,13,5,8,true
2025,Greg Schiano,Rutgers,Big Ten,12,5,7,true
2025,Rhett Lashlee,SMU,ACC,13,9,4,true
2025,Phil Longo,Sam Houston,Conference USA,12,2,10,true
2025,Sean Lewis,San Diego State,Mountain West,13,9,4,true
2025,Ken Niumatalolo,San José State,Mountain West,12,3,9,true
2025,Major Applewhite,South Alabama,Sun Belt,12,4,8,true
2025,Shane Beamer,South Carolina,SEC,12,4,8,true
2025,Alex Golesh,South Florida,American Athletic,12,9,3,true
2025,Kevin Patrick,South Florida,American Athletic,1,0,1,false
2025,Blake Anderson,Southern Miss,Sun Belt,1,0,1,false
2025,Charles Huff,Southern Miss,Sun Belt,12,7,5,true
2025,Frank Reich,Stanford,ACC,12,4,8,true
2025,Fran Brown,Syracuse,ACC,12,3,9,true
2025,Sonny Dykes,TCU,Big 12,13,9,4,true
2025,K.C. Keeler,Temple,American Athletic,12,5,7,true
2025,Josh Heupel,Tennessee,SEC,13,8,5,true
2025,Steve Sarkisian,Texas,SEC,13,10,3,true
2025,Mike Elko,Texas A&M,SEC,13,11,2,true
2025,G.J. Kinne,Texas State,Sun Belt,13,7,6,true
2025,Joey McGuire,Texas Tech,Big 12,14,12,2,true
2025,Jason Candle,Toledo,Mid-American,12,8,4,true
2025,Robert Weiner,Toledo,Mid-American,1,0,1,false
2025,Gerad Parker,Troy,Sun Belt,14,8,6,true
2025,Jon Sumrall,Tulane,American Athletic,14,11,3,true
2025,Tre Lamb,Tulsa,American Athletic,12,4,8,true
2025,Alex Mortensen,UAB,American Athletic,6,2,4,false
2025,Trent Dilfer,UAB,American Athletic,6,2,4,false
2025,Scott Frost,UCF,Big 12,12,5,7,true
2025,Deshaun Foster,UCLA,Big Ten,3,0,3,false
2025,Tim Skipper,UCLA,Big Ten,9,3,6,false
2025,Gordon Sammis,UConn,FBS Independents,1,0,1,false
2025,Jim Mora,UConn,FBS Independents,12,9,3,true
2025,Bryant Vincent,UL Monroe,Sun Belt,12,3,9,true
2025,Dan Mullen,UNLV,Mountain West,14,10,4,true
2025,Lincoln Riley,USC,Big Ten,13,9,4,true
2025,Scotty Walden,UTEP,Conference USA,12,2,10,true
2025,Jeff Traylor,UTSA,American Athletic,13,7,6,true
2025,Kyle Whittingham,Utah,Big 12,12,10,2,true
2025,Morgan Scalley,Utah,Big 12,1,1,0,false
2025,Bronco Mendenhall,Utah State,Mountain West,13,6,7,true
2025,Clark Lea,Vanderbilt,SEC,13,10,3,true
2025,Tony Elliott,Virginia,ACC,14,11,3,true
2025,Brent Pry,Virginia Tech,ACC,3,0,3,false
2025,Philip Montgomery,Virginia Tech,ACC,9,3,6,false
2025,Jake Dickert,Wake Forest,ACC,13,9,4,true
2025,Jedd Fisch,Washington,Big Ten,13,9,4,true
2025,Jesse Bobbit,Washington State,Pac-12,1,1,0,false
2025,Jimmy Rogers,Washington State,Pac-12,12,6,6,true
2025,Rich Rodriguez,West Virginia,Big 12,12,4,8,true
2025,Tyson Helton,Western Kentucky,Conference USA,13,9,4,true
2025,Lance Taylor,Western Michigan,Mid-American,14,10,4,true
2025,Luke Fickell,Wisconsin,Big Ten,12,4,8,true
2025,Jay Sawvel,Wyoming,Mountain West,12,4,8,true
2026,Troy Calhoun,Air Force,Mountain West,0,0,0,true
2026,Joe Moorhead,Akron,Mid-American,0,0,0,true
2026,Kalen DeBoer,Alabama,SEC,0,0,0,true
2026,Dowell Loggains,App State,Sun Belt,0,0,0,true
2026,Brent Brennan,Arizona,Big 12,0,0,0,true
2026,Kenny Dillingham,Arizona State,Big 12,0,0,0,true
2026,Ryan Silverfield,Arkansas,SEC,0,0,0,true
2026,Butch Jones,Arkansas State,Sun Belt,0,0,0,true
2026,Jeff Monken,Army,American Athletic,0,0,0,true
2026,Alex Golesh,Auburn,SEC,0,0,0,true
2026,Kalani Sitake,BYU,Big 12,0,0,0,true
2026,Mike Uremovich,Ball State,Mid-American,0,0,0,true
2026,Dave Aranda,Baylor,Big 12,0,0,0,true
2026,Spencer Danielson,Boise State,Pac-12,0,0,0,true
2026,Bill O'Brien,Boston College,ACC,0,0,0,true
2026,Eddie George,Bowling Green,Mid-American,0,0,0,true
2026,Pete Lembo,Buffalo,Mid-American,0,0,0,true
2026,Tosh Lupoi,California,ACC,0,0,0,true
2026,Matt Drinkall,Central Michigan,Mid-American,0,0,0,true
2026,Tim Albin,Charlotte,American Athletic,0,0,0,true
2026,Scott Satterfield,Cincinnati,Big 12,0,0,0,true
2026,Dabo Swinney,Clemson,ACC,0,0,0,true
2026,Ryan Beard,Coastal Carolina,Sun Belt,0,0,0,true
2026,Deion Sanders,Colorado,Big 12,0,0,0,true
2026,Jim Mora,Colorado State,Pac-12,0,0,0,true
2026,Ryan Carty,Delaware,Conference USA,0,0,0,true
2026,Manny Diaz,Duke,ACC,0,0,0,true
2026,Blake Harrell,East Carolina,American Athletic,0,0,0,true
2026,Chris Creighton,Eastern Michigan,Mid-American,0,0,0,true
2026,Jon Sumrall,Florida,SEC,0,0,0,true
2026,Zach Kittley,Florida Atlantic,American Athletic,0,0,0,true
2026,Willie Simmons,Florida International,Conference USA,0,0,0,true
2026,Mike Norvell,Florida State,ACC,0,0,0,true
2026,Matt Entz,Fresno State,Pac-12,0,0,0,true
2026,Kirby Smart,Georgia,SEC,0,0,0,true
2026,Clay Helton,Georgia Southern,Sun Belt,0,0,0,true
2026,Dell McGee,Georgia State,Sun Belt,0,0,0,true
2026,Brent Key,Georgia Tech,ACC,0,0,0,true
2026,Timmy Chang,Hawai'i,Mountain West,0,0,0,true
2026,Willie Fritz,Houston,Big 12,0,0,0,true
2026,Bret Bielema,Illinois,Big Ten,0,0,0,true
2026,Curt Cignetti,Indiana,Big Ten,0,0,0,true
2026,Kirk Ferentz,Iowa,Big Ten,0,0,0,true
2026,Jimmy Rogers,Iowa State,Big 12,0,0,0,true
2026,Charles Kelly,Jacksonville State,Conference USA,0,0,0,true
2026,Billy Napier,James Madison,Sun Belt,0,0,0,true
2026,Lance Leipold,Kansas,Big 12,0,0,0,true
2026,Collin Klein,Kansas State,Big 12,0,0,0,true
2026,Jerry Mack,Kennesaw State,Conference USA,0,0,0,true
2026,Mark Carney,Kent State,Mid-American,0,0,0,true
2026,Will Stein,Kentucky,SEC,0,0,0,true
2026,Lane Kiffin,LSU,SEC,0,0,0,true
2026,Jamey Chadwell,Liberty,Conference USA,0,0,0,true
2026,Michael Desormeaux,Louisiana,Sun Belt,0,0,0,true
2026,Sonny Cumbie,Louisiana Tech,Sun Belt,0,0,0,true
2026,Jeff Brohm,Louisville,ACC,0,0,0,true
2026,Tony Gibson,Marshall,Sun Belt,0,0,0,true
2026,Mike Locksley,Maryland,Big Ten,0,0,0,true
2026,Joe Harasymiak,Massachusetts,Mid-American,0,0,0,true
2026,Charles Huff,Memphis,American Athletic,0,0,0,true
2026,Mario Cristobal,Miami,ACC,0,0,0,true
2026,Chuck Martin,Miami (OH),Mid-American,0,0,0,true
2026,Kyle Whittingham,Michigan,Big Ten,0,0,0,true
2026,Pat Fitzgerald,Michigan State,Big Ten,0,0,0,true
2026,Derek Mason,Middle Tennessee,Conference USA,0,0,0,true
2026,P.J. Fleck,Minnesota,Big Ten,0,0,0,true
2026,Jeff Lebby,Mississippi State,SEC,0,0,0,true
2026,Eli Drinkwitz,Missouri,SEC,0,0,0,true
2026,Casey Woods,Missouri State,Conference USA,0,0,0,true
2026,Dave Doeren,NC State,ACC,0,0,0,true
2026,Brian Newberry,Navy,American Athletic,0,0,0,true
2026,Matt Rhule,Nebraska,Big Ten,0,0,0,true
2026,Jeff Choate,Nevada,Mountain West,0,0,0,true
2026,Jason Eck,New Mexico,Mountain West,0,0,0,true
2026,Tony Sanchez,New Mexico State,Conference USA,0,0,0,true
2026,Bill Belichick,North Carolina,ACC,0,0,0,true
2026,Tim Polasek,North Dakota State,Mountain West,0,0,0,true
2026,Neal Brown,North Texas,American Athletic,0,0,0,true
2026,Rob Harley,Northern Illinois,Mountain West,0,0,0,true
2026,David Braun,Northwestern,Big Ten,0,0,0,true
2026,Marcus Freeman,Notre Dame,FBS Independents,0,0,0,true
2026,John Hauser,Ohio,Mid-American,0,0,0,true
2026,Ryan Day,Ohio State,Big Ten,0,0,0,true
2026,Brent Venables,Oklahoma,SEC,0,0,0,true
2026,Eric Morris,Oklahoma State,Big 12,0,0,0,true
2026,Ricky Rahne,Old Dominion,Sun Belt,0,0,0,true
2026,Pete Golding,Ole Miss,SEC,0,0,0,true
2026,Dan Lanning,Oregon,Big Ten,0,0,0,true
2026,JaMarcus Shephard,Oregon State,Pac-12,0,0,0,true
2026,Matt Campbell,Penn State,Big Ten,0,0,0,true
2026,Pat Narduzzi,Pittsburgh,ACC,0,0,0,true
2026,Barry Odom,Purdue,Big Ten,0,0,0,true
2026,Scott Abell,Rice,American Athletic,0,0,0,true
2026,Greg Schiano,Rutgers,Big Ten,0,0,0,true
2026,Rhett Lashlee,SMU,ACC,0,0,0,true
2026,Alonzo Carter,Sacramento State,Mid-American,0,0,0,true
2026,Phil Longo,Sam Houston,Conference USA,0,0,0,true
2026,Sean Lewis,San Diego State,Pac-12,0,0,0,true
2026,Ken Niumatalolo,San José State,Mountain West,0,0,0,true
2026,Major Applewhite,South Alabama,Sun Belt,0,0,0,true
2026,Shane Beamer,South Carolina,SEC,0,0,0,true
2026,Brian Hartline,South Florida,American Athletic,0,0,0,true
2026,Blake Anderson,Southern Miss,Sun Belt,0,0,0,true
2026,Tavita Pritchard,Stanford,ACC,0,0,0,true
2026,Fran Brown,Syracuse,ACC,0,0,0,true
2026,Sonny Dykes,TCU,Big 12,0,0,0,true
2026,K.C. Keeler,Temple,American Athletic,0,0,0,true
2026,Josh Heupel,Tennessee,SEC,0,0,0,true
2026,Steve Sarkisian,Texas,SEC,0,0,0,true
2026,Mike Elko,Texas A&M,SEC,0,0,0,true
2026,G.J. Kinne,Texas State,Pac-12,0,0,0,true
2026,Joey McGuire,Texas Tech,Big 12,0,0,0,true
2026,Mike Jacobs,Toledo,Mid-American,0,0,0,true
2026,Gerad Parker,Troy,Sun Belt,0,0,0,true
2026,Will Hall,Tulane,American Athletic,0,0,0,true
2026,Tre Lamb,Tulsa,American Athletic,0,0,0,true
2026,Alex Mortensen,UAB,American Athletic,0,0,0,true
2026,Scott Frost,UCF,Big 12,0,0,0,true
2026,Bob Chesney,UCLA,Big Ten,0,0,0,true
2026,Jason Candle,UConn,FBS Independents,0,0,0,true
2026,Bryant Vincent,UL Monroe,Sun Belt,0,0,0,true
2026,Dan Mullen,UNLV,Mountain West,0,0,0,true
2026,Lincoln Riley,USC,Big Ten,0,0,0,true
2026,Scotty Walden,UTEP,Mountain West,0,0,0,true
2026,Jeff Traylor,UTSA,American Athletic,0,0,0,true
2026,Morgan Scalley,Utah,Big 12,0,0,0,true
2026,Bronco Mendenhall,Utah State,Pac-12,0,0,0,true
2026,Clark Lea,Vanderbilt,SEC,0,0,0,true
2026,Tony Elliott,Virginia,ACC,0,0,0,true
2026,James Franklin,Virginia Tech,ACC,0,0,0,true
2026,Jake Dickert,Wake Forest,ACC,0,0,0,true
2026,Jedd Fisch,Washington,Big Ten,0,0,0,true
2026,Kirby Moore,Washington State,Pac-12,0,0,0,true
2026,Rich Rodriguez,West Virginia,Big 12,0,0,0,true
2026,Tyson Helton,Western Kentucky,Conference USA,0,0,0,true
2026,Lance Taylor,Western Michigan,Mid-American,0,0,0,true
2026,Luke Fickell,Wisconsin,Big Ten,0,0,0,true
2026,Jay Sawvel,Wyoming,Mountain West,0,0,0,true
