season,team,qb_name,athlete_id,returning_qb,qb_starter_years,qb_games
2004,Air Force Falcons,Shaun Carney,164361,0,0,0
2004,Akron Zips,Charlie Frye,102203,0,0,0
2004,Alabama Crimson Tide,Spencer Pennington,123212,0,0,0
2004,Arizona State Sun Devils,Andrew Walter,100104,0,0,0
2004,Arizona Wildcats,Kris Heavner,144901,0,0,0
2004,Arkansas Razorbacks,Robert Johnson,148627,0,0,0
2004,Arkansas State Red Wolves,Nick Noce,150641,0,0,0
2004,Army Black Knights,Matt Silva,130166,0,0,0
2004,Auburn Tigers,Jason Campbell,103392,0,0,0
2004,BYU Cougars,John Beck,148066,0,0,0
2004,Ball State Cardinals,Joey Lynch,136871,0,0,0
2004,Baylor Bears,Shawn Bell,134743,0,0,0
2004,Boise State Broncos,Jared Zabransky,134778,0,0,0
2004,Boston College Eagles,Paul Peterson,146251,0,0,0
2004,Bowling Green Falcons,Omar Jacobs,134244,0,0,0
2004,Buffalo Bulls,P.J. Piskorik,115858,0,0,0
2004,California Golden Bears,Aaron Rodgers,144994,0,0,0
2004,Central Michigan Chippewas,Kent Smith,114700,0,0,0
2004,Cincinnati Bearcats,Gino Guidugli,119891,0,0,0
2004,Clemson Tigers,Charlie Whitehurst,116343,0,0,0
2004,Colorado Buffaloes,Joel Klatt,144289,0,0,0
2004,Colorado State Rams,Justin Holland,116481,0,0,0
2004,Connecticut Huskies,Dan Orlovsky,116125,0,0,0
2004,Duke Blue Devils,Chris Dapolito,116904,0,0,0
2004,East Carolina Pirates,James Pinkney,136126,0,0,0
2004,Eastern Kentucky Colonels,Josh Greco,150790,0,0,0
2004,Eastern Michigan Eagles,Matt Bohnet,116236,0,0,0
2004,Florida A&M Rattlers,Josh Driscoll,116652,0,0,0
2004,Florida Gators,Chris Leak,146526,0,0,0
2004,Florida State Seminoles,Wyatt Sexton,136670,0,0,0
2004,Fresno State Bulldogs,Paul Pinegar,120888,0,0,0
2004,Furman Paladins,Ingle Martin,120735,0,0,0
2004,Georgia Bulldogs,David Greene,103592,0,0,0
2004,Georgia Southern Eagles,Trey Hunter,107157,0,0,0
2004,Georgia Tech Yellow Jackets,Reggie Ball,145781,0,0,0
2004,Hawai'i Rainbow Warriors,Timmy Chang,105182,0,0,0
2004,Houston Cougars,Kevin Kolb,147493,0,0,0
2004,Idaho Vandals,Michael Harrington,115709,0,0,0
2004,Illinois Fighting Illini,Jon Beutjer,123483,0,0,0
2004,Indiana Hoosiers,Matt LoVecchio,107218,0,0,0
2004,Iowa Hawkeyes,Drew Tate,146009,0,0,0
2004,Iowa State Cyclones,Bret Meyer,145404,0,0,0
2004,James Madison Dukes,Justin Rascati,137182,0,0,0
2004,Kansas Jayhawks,Adam Barmann,145353,0,0,0
2004,Kansas State Wildcats,Dylan Meier,137215,0,0,0
2004,Kent State Golden Flashes,Joshua Cribbs,116199,0,0,0
2004,Kentucky Wildcats,Shane Boyd,107632,0,0,0
2004,LSU Tigers,Marcus Randall,107723,0,0,0
2004,Louisiana Monroe Warhawks,Steven Jyles,136243,0,0,0
2004,Louisiana Ragin' Cajuns,Jerry Babb,136229,0,0,0
2004,Louisiana Tech Bulldogs,Matt Kubik,120824,0,0,0
2004,Louisville Cardinals,Stefan LeFors,112516,0,0,0
2004,Maine Black Bears,Ron Whitcomb,138382,0,0,0
2004,Marshall Thundering Herd,Stan Hill,100854,0,0,0
2004,Maryland Terrapins,Joel Statham,136015,0,0,0
2004,Massachusetts Minutemen,Tim Day,133510,0,0,0
2004,Memphis Tigers,Danny Wimprine,103751,0,0,0
2004,Miami (OH) RedHawks,Josh Betts,116397,0,0,0
2004,Miami Hurricanes,Brock Berlin,100223,0,0,0
2004,Michigan State Spartans,Drew Stanton,133795,0,0,0
2004,Michigan Wolverines,Chad Henne,160898,0,0,0
2004,Middle Tennessee Blue Raiders,Clint Marks,133314,0,0,0
2004,Minnesota Golden Gophers,Bryan Cupito,133808,0,0,0
2004,Mississippi State Bulldogs,Omarr Conner,146850,0,0,0
2004,Missouri Tigers,Brad Smith,120165,0,0,0
2004,Murray State Racers,Ryne Salyer,149191,0,0,0
2004,NC State Wolfpack,Jay Davis,118122,0,0,0
2004,Navy Midshipmen,Aaron Polanco,136721,0,0,0
2004,Nebraska Cornhuskers,Joe Dailey,145567,0,0,0
2004,Nevada Wolf Pack,Jeff Rowe,133570,0,0,0
2004,New Hampshire Wildcats,Ricky Santos,149238,0,0,0
2004,New Mexico Lobos,Kole McKamey,135136,0,0,0
2004,New Mexico State Aggies,Buck Pierce,107836,0,0,0
2004,North Carolina A&T Aggies,Marshall Glenn,139919,0,0,0
2004,North Carolina Tar Heels,Darian Durant,108523,0,0,0
2004,North Texas Mean Green,Scott Hall,105712,0,0,0
2004,Northern Arizona Lumberjacks,Jason Murrietta,149543,0,0,0
2004,Northern Illinois Huskies,Phil Horvath,138204,0,0,0
2004,Northwestern Wildcats,Brett Basanez,116993,0,0,0
2004,Notre Dame Fighting Irish,Brady Quinn,150329,0,0,0
2004,Ohio Bobcats,Ryan Hawk,102351,0,0,0
2004,Ohio State Buckeyes,Justin Zwick,133653,0,0,0
2004,Oklahoma Sooners,Jason White,20847,0,0,0
2004,Oklahoma State Cowboys,Donovan Woods,145596,0,0,0
2004,Ole Miss Rebels,Ethan Flatt,133963,0,0,0
2004,Oregon Ducks,Kellen Clemens,120702,0,0,0
2004,Oregon State Beavers,Derek Anderson,122255,0,0,0
2004,Penn State Nittany Lions,Zack Mills,111281,0,0,0
2004,Pittsburgh Panthers,Tyler Palko,134942,0,0,0
2004,Purdue Boilermakers,Kyle Orton,119358,0,0,0
2004,Rice Owls,Joel Armstrong,149925,0,0,0
2004,Richmond Spiders,Stacy Tutt,117767,0,0,0
2004,Rutgers Scarlet Knights,Ryan Hart,135377,0,0,0
2004,SMU Mustangs,Chris Phillips,147861,0,0,0
2004,San Diego State Aztecs,Matt Dlugolecki,120295,0,0,0
2004,San Jose State Spartans,Dale Rogers,147041,0,0,0
2004,South Carolina Gamecocks,Syvelle Newton,146835,0,0,0
2004,South Florida Bulls,Pat Julmiste,148398,0,0,0
2004,Southern Miss Golden Eagles,Dustin Almond,129234,0,0,0
2004,Stanford Cardinal,Trent Edwards,137101,0,0,0
2004,Syracuse Orange,Perry Patterson,134493,0,0,0
2004,TCU Horned Frogs,Tye Gunn,113659,0,0,0
2004,Temple Owls,Walter Washington,152491,0,0,0
2004,Tennessee Volunteers,Erik Ainge,161062,0,0,0
2004,Texas A&M Aggies,Reggie McNeal,138583,0,0,0
2004,Texas Longhorns,Vince Young,135107,0,0,0
2004,Texas State Bobcats,Chase Wasson,152353,0,0,0
2004,Texas Tech Red Raiders,Sonny Cumbie,118210,0,0,0
2004,The Citadel Bulldogs,Duran Lawson,148558,0,0,0
2004,Toledo Rockets,Bruce Gradkowski,114338,0,0,0
2004,Troy Trojans,D.T. McDowell,164451,0,0,0
2004,Tulane Green Wave,Lester Ricard,134032,0,0,0
2004,Tulsa Golden Hurricane,James Kilian,105974,0,0,0
2004,UAB Blazers,Darrell Hackney,115044,0,0,0
2004,UCF Knights,Steven Moffett,150032,0,0,0
2004,UCLA Bruins,Drew Olson,137200,0,0,0
2004,UNLV Rebels,Shane Steichen,148335,0,0,0
2004,USC Trojans,Matt Leinart,120511,0,0,0
2004,UTEP Miners,Jordan Palmer,136814,0,0,0
2004,Utah State Aggies,Travis Cox,109834,0,0,0
2004,Utah Utes,Alex Smith,134662,0,0,0
2004,Vanderbilt Commodores,Jay Cutler,115374,0,0,0
2004,Virginia Cavaliers,Marques Hagans,113717,0,0,0
2004,Virginia Tech Hokies,Bryan Randall,116190,0,0,0
2004,Wake Forest Demon Deacons,Cory Randolph,116872,0,0,0
2004,Washington Huskies,Casey Paus,119010,0,0,0
2004,Washington State Cougars,Alex Brink,145238,0,0,0
2004,West Virginia Mountaineers,Rasheed Marshall,101204,0,0,0
2004,Western Carolina Catamounts,Bennett Swygert,117120,0,0,0
2004,Western Illinois Leathernecks,Steve LaFalce,137313,0,0,0
2004,Western Kentucky Hilltoppers,Justin Haddix,149444,0,0,0
2004,Western Michigan Broncos,Ryan Cubit,115823,0,0,0
2004,Wisconsin Badgers,John Stocco,133680,0,0,0
2004,Wyoming Cowboys,Corey Bramlet,128371,0,0,0
2005,Air Force Falcons,Shaun Carney,164361,1,1,1
2005,Akron Zips,Luke Getsy,134939,0,0,0
2005,Alabama Crimson Tide,Brodie Croyle,128154,1,0,3
2005,Appalachian State Mountaineers,Richie Williams,121617,0,0,0
2005,Arizona State Sun Devils,Rudy Carpenter,160303,0,0,0
2005,Arizona Wildcats,Willie Tuitama,175819,0,0,0
2005,Arkansas Razorbacks,Robert Johnson,148627,1,1,6
2005,Arkansas State Red Wolves,Nick Noce,150641,1,1,4
2005,Army Black Knights,Zac Dahman,141839,0,0,0
2005,Auburn Tigers,Brandon Cox,134972,0,0,6
2005,BYU Cougars,John Beck,148066,1,1,3
2005,Ball State Cardinals,Joey Lynch,136871,1,1,3
2005,Baylor Bears,Shawn Bell,134743,1,1,8
2005,Boise State Broncos,Jared Zabransky,134778,1,1,10
2005,Boston College Eagles,Quinton Porter,115987,0,0,0
2005,Bowling Green Falcons,Omar Jacobs,134244,1,1,3
2005,Buffalo Bulls,Drew Willy,170700,0,0,0
2005,California Golden Bears,Joseph Ayoob,168799,0,0,0
2005,Central Michigan Chippewas,Kent Smith,114700,1,1,2
2005,Chattanooga Mocs,Antonio Miller,159794,0,0,0
2005,Cincinnati Bearcats,Dustin Grutza,162870,0,0,0
2005,Clemson Tigers,Charlie Whitehurst,116343,1,1,10
2005,Colorado Buffaloes,Joel Klatt,144289,1,1,12
2005,Colorado State Rams,Justin Holland,116481,1,1,3
2005,Connecticut Huskies,Matt Bonislawski,138180,0,0,3
2005,Duke Blue Devils,Paul Asack,172902,0,0,0
2005,East Carolina Pirates,James Pinkney,136126,1,1,4
2005,Eastern Illinois Panthers,Mike Donato,148871,0,0,0
2005,Eastern Michigan Eagles,Matt Bohnet,116236,1,1,1
2005,Florida A&M Rattlers,Josh Driscoll,116652,1,1,3
2005,Florida Atlantic Owls,Danny Embick,128199,0,0,0
2005,Florida Gators,Chris Leak,146526,1,1,11
2005,Florida Intl Golden Panthers,Josh Padrick,151970,0,0,0
2005,Florida State Seminoles,Drew Weatherford,167354,0,0,0
2005,Fresno State Bulldogs,Paul Pinegar,120888,1,1,6
2005,Georgia Bulldogs,DJ Shockley,127637,0,0,8
2005,Georgia Tech Yellow Jackets,Reggie Ball,145781,1,1,12
2005,Hawai'i Rainbow Warriors,Colton Brennan,145275,0,0,0
2005,Houston Cougars,"art at 13:22 (1st), Kevin Kolb",147493,1,1,3
2005,Idaho Vandals,Steven Wichman,170131,0,0,0
2005,Illinois Fighting Illini,Tim Brasic,133655,0,0,0
2005,Indiana Hoosiers,Blake Powers,145985,0,0,5
2005,Indiana State Sycamores,Blayne Baggett,115462,0,0,1
2005,Iowa Hawkeyes,Drew Tate,146009,1,1,11
2005,Iowa State Cyclones,Bret Meyer,145404,1,1,12
2005,Jacksonville State Gamecocks,Maurice Mullins,137618,0,0,0
2005,Kansas Jayhawks,Jason Swanson,156307,0,0,6
2005,Kansas State Wildcats,Allen Webb,133724,0,0,8
2005,Kent State Golden Flashes,Michael Machen,146609,0,0,0
2005,Kentucky Wildcats,Andre' Woodson,146711,0,0,6
2005,LSU Tigers,Jamarcus Russell,146755,1,0,9
2005,Liberty Flames,Brock Farrel,159858,0,0,0
2005,Louisiana Monroe Warhawks,Steven Jyles,136243,1,1,2
2005,Louisiana Ragin' Cajuns,Jerry Babb,136229,1,1,1
2005,Louisiana Tech Bulldogs,Matt Kubik,120824,1,1,5
2005,Louisville Cardinals,Brian Brohm,164609,0,0,8
2005,Maine Black Bears,Ron Whitcomb,138382,1,1,1
2005,Marshall Thundering Herd,Bernard Morris,149492,0,0,1
2005,Maryland Terrapins,Sam Hollenbach,135988,0,0,3
2005,McNeese State Cowboys,Chris Jones,151321,0,0,0
2005,Memphis Tigers,Maurice Avery,133389,0,0,0
2005,Miami (OH) RedHawks,Josh Betts,116397,1,1,2
2005,Miami Hurricanes,Kyle Wright,146486,0,0,2
2005,Michigan State Spartans,Drew Stanton,133795,1,1,10
2005,Michigan Wolverines,Chad Henne,160898,1,1,11
2005,Middle Tennessee Blue Raiders,Clint Marks,133314,1,1,1
2005,Minnesota Golden Gophers,Bryan Cupito,133808,1,1,11
2005,Mississippi State Bulldogs,Omarr Conner,146850,1,1,9
2005,Missouri Tigers,Brad Smith,120165,1,1,11
2005,Montana Grizzlies,Jason Washington,165701,0,0,0
2005,Montana State Bobcats,Travis Lulay,137677,0,0,0
2005,Murray State Racers,Ken Topps,134629,0,0,0
2005,NC State Wolfpack,Jay Davis,118122,1,1,11
2005,Navy Midshipmen,Lamar Owens,144220,0,0,0
2005,Nebraska Cornhuskers,Zac Taylor,134094,0,0,0
2005,Nevada Wolf Pack,Jeff Rowe,133570,1,1,1
2005,New Mexico Lobos,Kole Mckamey,135136,1,1,5
2005,New Mexico State Aggies,Royal Gill,179341,0,0,0
2005,North Carolina Tar Heels,Matt Baker,113854,0,0,5
2005,North Texas Mean Green,Daniel Meager,160391,0,0,0
2005,Northern Illinois Huskies,Phil Horvath,138204,1,1,2
2005,Northern Iowa Panthers,Eric Sanders,159218,0,0,0
2005,Northwestern Wildcats,Brett Basanez,116993,1,1,12
2005,Notre Dame Fighting Irish,Brady Quinn,150329,1,1,10
2005,Ohio Bobcats,Austen Everson,150728,0,0,2
2005,Ohio State Buckeyes,Troy Smith,133648,0,0,8
2005,Oklahoma Sooners,Rhett Bomar,161705,0,0,0
2005,Oklahoma State Cowboys,Al Pena,145776,0,0,4
2005,Ole Miss Rebels,Micheal Spurlock,117053,1,0,7
2005,Oregon Ducks,"Clock 13:43, Kellen Clemens",120702,1,1,11
2005,Oregon State Beavers,Matt Moore,137189,0,0,0
2005,Penn State Nittany Lions,Michael Robinson,120321,0,0,6
2005,Pittsburgh Panthers,Tyler Palko,134942,1,1,11
2005,Purdue Boilermakers,Brandon Kirsch,133859,0,0,6
2005,Rice Owls,Chase Clement,157266,0,0,0
2005,Rutgers Scarlet Knights,Ryan Hart,135377,1,1,11
2005,SMU Mustangs,Jerad Romo,157321,0,0,3
2005,Sacramento State Hornets,Brad Tredway,158217,0,0,0
2005,Sam Houston State Bearkats,Noah Allen,136681,0,0,0
2005,San Diego State Aztecs,Darren Mougey,169851,0,0,0
2005,San Jose State Spartans,Adam Tafralis,148370,0,0,2
2005,South Carolina Gamecocks,Blake Mitchell,146834,0,0,5
2005,South Florida Bulls,Pat Julmiste,148398,1,1,3
2005,Southeastern Louisiana Lions,Trey Willie,152722,0,0,0
2005,Southern Illinois Salukis,Joel Sambursky,122674,0,0,0
2005,Southern Mississippi Golden Eagles,Dustin Almond,129234,0,1,4
2005,Stanford Cardinal,Trent Edwards,137101,1,1,9
2005,Syracuse Orange,Perry Patterson,134493,1,1,11
2005,TCU Horned Frogs,Jeff Ballard,137461,0,0,0
2005,Temple Owls,Mike Mcgann,114319,0,0,1
2005,Tennessee Tech Golden Eagles,Steven Britton,158605,0,0,0
2005,Tennessee Volunteers,Rick Clausen,116933,0,0,4
2005,Texas A&M Aggies,Reggie McNeal,138583,1,1,11
2005,Texas Longhorns,Vince Young,135107,1,1,11
2005,Texas State Bobcats,Barrick Nealy,120407,0,0,0
2005,Texas Tech Red Raiders,Cody Hodges,118234,0,0,3
2005,The Citadel Bulldogs,Duran Lawson,163925,0,0,1
2005,Toledo Rockets,Bruce Gradkowski,114338,1,1,4
2005,Troy Trojans,Carl Meadows,137383,0,0,0
2005,Tulane Green Wave,Lester Ricard,134032,1,1,1
2005,Tulsa Golden Hurricane,Paul Smith,147935,0,0,0
2005,UAB Blazers,Darrell Hackney,115044,1,1,4
2005,UCF Knights,Steven Moffett,150032,1,1,2
2005,UCLA Bruins,Drew Olson,137200,1,1,12
2005,UNLV Rebels,Jarrod Jackson,169890,0,0,0
2005,USC Trojans,Matt Leinart,120511,1,1,12
2005,UTEP Miners,Jordan Palmer,136814,1,1,6
2005,Utah State Aggies,Leon Jackson iii,149338,0,0,0
2005,Utah Utes,Brian Johnson,156973,0,0,6
2005,VMI Keydets,Jonathan Wilson,139935,0,0,0
2005,Vanderbilt Commodores,Jay Cutler,115374,1,1,10
2005,Villanova Wildcats,Frank Jankowski,149531,0,0,0
2005,Virginia Cavaliers,Marques Hagans,113717,1,1,12
2005,Virginia Tech Hokies,Marcus Vick,135239,0,0,0
2005,Wake Forest Demon Deacons,Cory Randolph,116872,1,1,11
2005,Washington Huskies,Isaiah Stanback,136579,0,0,5
2005,Washington State Cougars,Alex Brink,145238,1,1,7
2005,Weber State Wildcats,Ian Pizarro,140679,0,0,0
2005,West Virginia Mountaineers,Pat White,159846,0,0,0
2005,Western Carolina Catamounts,Justin Clark,139994,0,0,0
2005,Western Illinois Leathernecks,Steve LaFalce,137313,1,1,1
2005,Western Kentucky Hilltoppers,Justin Haddix,149444,1,1,1
2005,Western Michigan Broncos,Tim Hiller,170735,0,0,0
2005,William & Mary Tribe,Michael Potts,152809,0,0,0
2005,Wisconsin Badgers,John Stocco,133680,1,1,11
2005,Wofford Terriers,Josh Collier,145323,0,0,0
2005,Wyoming Cowboys,Corey Bramlet,128371,1,1,4
2005,Youngstown State Penguins,Tom Zetts,147844,0,0,0
2006,Air Force Falcons,Shaun Carney,164361,1,2,10
2006,Akron Zips,Luke Getsy,134939,1,1,13
2006,Alabama Crimson Tide,John Parker Wilson,169602,0,0,3
2006,Arizona State Sun Devils,Rudy Carpenter,160303,1,1,9
2006,Arizona Wildcats,Willie Tuitama,175819,1,1,4
2006,Arkansas Razorbacks,Casey Dick,170906,0,0,3
2006,Arkansas State Red Wolves,Corey Leonard,171349,0,0,0
2006,Army Black Knights,David Pevoto,171191,0,0,1
2006,Auburn Tigers,Brandon Cox,134972,1,1,16
2006,BYU Cougars,John Beck,148066,1,2,14
2006,Ball State Cardinals,Nate Davis,185609,0,0,0
2006,Baylor Bears,Shawn Bell,134743,1,2,13
2006,Boise State Broncos,Jared Zabransky,134778,1,2,15
2006,Boston College Eagles,Matt Ryan,146254,0,0,14
2006,Bowling Green Falcons,Anthony Turner,170527,0,0,2
2006,Buffalo Bulls,Drew Willy,170700,1,1,9
2006,Cal Poly Mustangs,Matt Brennan,174213,0,0,0
2006,California Golden Bears,Nate Longshore,163360,1,0,1
2006,Central Michigan Chippewas,Dan Lefevour,170586,0,0,0
2006,Chattanooga Mocs,Antonio Miller,159794,1,1,1
2006,Cincinnati Bearcats,Dustin Grutza,162870,1,1,11
2006,Clemson Tigers,Will Proctor,135818,0,0,5
2006,Colorado Buffaloes,Bernard Jackson,145302,0,0,1
2006,Colorado State Rams,Caleb Hanie,160036,0,0,4
2006,Connecticut Huskies,Matt Bonislawski,138180,1,1,10
2006,Duke Blue Devils,Thaddeus Lewis,191344,0,0,0
2006,East Carolina Pirates,James Pinkney,136126,1,2,14
2006,Eastern Illinois Panthers,Mike Donato,148871,1,1,1
2006,Eastern Kentucky Colonels,Josh Greco,150790,0,1,1
2006,Eastern Michigan Eagles,Andy Schmitt,170633,0,0,0
2006,Eastern Washington Eagles,Matt Nichols,171156,0,0,0
2006,Florida A&M Rattlers,Leon Camel,159246,0,0,0
2006,Florida Atlantic Owls,Sean Clayton,146129,0,0,1
2006,Florida Gators,Chris Leak,146526,1,2,23
2006,Florida Intl Golden Panthers,Josh Padrick,151970,1,1,1
2006,Florida State Seminoles,Drew Weatherford,167354,1,1,11
2006,Fresno State Bulldogs,Tom Brandstater,147211,0,0,2
2006,Furman Paladins,Renaldo Gray,149020,0,0,0
2006,Georgia Bulldogs,Matthew Stafford,183518,0,0,0
2006,Georgia Tech Yellow Jackets,Reggie Ball,145781,1,2,23
2006,Grambling State Tigers,Larry Kerlegan,175322,0,0,0
2006,Hawai'i Rainbow Warriors,Colton Brennan,145275,1,1,5
2006,Houston Cougars,Kevin Kolb,147493,1,2,14
2006,Howard Bison,William Blanden,164981,0,0,0
2006,Idaho State Bengals,Matt Gutierrez,133763,0,0,3
2006,Idaho Vandals,Steven Wichman,170131,1,1,2
2006,Illinois Fighting Illini,Tim Brasic,133655,1,1,10
2006,Indiana Hoosiers,Kellen Lewis,174294,0,0,0
2006,Indiana State Sycamores,Reilly Murphy,185840,0,0,0
2006,Iowa Hawkeyes,Drew Tate,146009,1,2,23
2006,Iowa State Cyclones,Bret Meyer,145404,1,2,23
2006,Jacksonville State Gamecocks,Matt Hardin,149967,0,0,0
2006,Kansas Jayhawks,Kerry Meier,177261,0,0,0
2006,Kansas State Wildcats,Josh Freeman,192029,0,0,0
2006,Kent State Golden Flashes,Julian Edelman,193061,0,0,0
2006,Kentucky Wildcats,Andre' Woodson,146711,1,1,14
2006,LSU Tigers,Jamarcus Russell,146755,1,1,21
2006,Liberty Flames,Brock Smith,171996,0,0,0
2006,Louisiana Monroe Warhawks,Kinsmon Lancaster,173878,0,0,2
2006,Louisiana Ragin' Cajuns,Jerry Babb,136229,1,2,4
2006,Louisiana Tech Bulldogs,Zac Champion,150697,0,0,2
2006,Louisville Cardinals,Brian Brohm,164609,1,1,18
2006,Maine Black Bears,Ron Whitcomb,138382,1,2,2
2006,Marshall Thundering Herd,Bernard Morris,149492,1,1,10
2006,Maryland Terrapins,Sam Hollenbach,135988,1,1,13
2006,Massachusetts Minutemen,Liam Coen,157911,0,0,0
2006,McNeese State Cowboys,Derrick Fourroux,173765,0,0,0
2006,Memphis Tigers,Martin Hankins,152455,0,0,0
2006,Miami (OH) RedHawks,Mike Kokal,147307,0,0,4
2006,Miami Hurricanes,Kyle Wright,146486,1,1,14
2006,Michigan State Spartans,Drew Stanton,133795,1,2,20
2006,Michigan Wolverines,Chad Henne,160898,1,2,23
2006,Middle Tennessee Blue Raiders,Clint Marks,133314,1,2,4
2006,Minnesota Golden Gophers,Bryan Cupito,133808,1,2,22
2006,Mississippi State Bulldogs,Mike Henig,161604,0,0,7
2006,Missouri State Bears,Matt Krapfl,172446,0,0,0
2006,Missouri Tigers,Chase Daniel,177296,0,0,5
2006,Montana Grizzlies,Josh Swogger,115704,0,0,7
2006,Montana State Bobcats,Cory Carpenter,151165,0,0,0
2006,Murray State Racers,Zac Barnard,191226,0,0,0
2006,NC State Wolfpack,Daniel Evans,159655,0,0,0
2006,Navy Midshipmen,Kaiponoa Kaheakuenhada,180784,0,0,0
2006,Nebraska Cornhuskers,Zac Taylor,134094,1,1,11
2006,Nevada Wolf Pack,Jeff Rowe,133570,1,2,6
2006,New Hampshire Wildcats,Ricky Santos,149238,0,1,1
2006,New Mexico Lobos,Chris Nelson,169962,0,0,5
2006,New Mexico State Aggies,Chase Holbrook,162199,0,0,0
2006,Nicholls State Colonels,Chris Bunch,187603,0,0,0
2006,North Carolina Tar Heels,Joe Dailey,145567,0,1,11
2006,North Dakota State Bison,Steve Walker,153590,0,0,0
2006,North Texas Mean Green,Woody Wilson,162050,0,0,0
2006,Northeastern Huskies,Anthony Orio,159495,0,0,0
2006,Northern Arizona Lumberjacks,Jason Murrietta,149543,0,1,1
2006,Northern Illinois Huskies,Phil Horvath,138204,1,2,9
2006,Northern Iowa Panthers,Eric Sanders,159218,1,1,1
2006,Northwestern State Demons,Ricky Meeks,147860,0,0,0
2006,Northwestern Wildcats,C.J. Bacher,156796,0,0,3
2006,Notre Dame Fighting Irish,Brady Quinn,150329,1,2,22
2006,Ohio Bobcats,Austen Everson,150728,1,1,13
2006,Ohio State Buckeyes,Troy Smith,133648,1,1,19
2006,Oklahoma Sooners,Paul Thompson,136735,1,0,1
2006,Oklahoma State Cowboys,Bobby Reid,158470,0,0,7
2006,Ole Miss Rebels,Brent Schaeffer,161077,0,0,7
2006,Oregon Ducks,Dennis Dixon,145026,0,0,13
2006,Oregon State Beavers,Matt Moore,137189,1,1,7
2006,Penn State Nittany Lions,Anthony Morelli,164344,0,0,6
2006,Pittsburgh Panthers,Tyler Palko,134942,1,2,22
2006,Portland State Vikings,Sawyer Smith,133579,0,0,0
2006,Purdue Boilermakers,Curtis Painter,161031,0,0,9
2006,Rhode Island Rams,Derek Cassidy,173367,0,0,0
2006,Rice Owls,Chase Clement,157266,1,1,11
2006,Richmond Spiders,Eric Ward,172969,0,0,0
2006,Rutgers Scarlet Knights,Mike Teel,161913,0,0,8
2006,SMU Mustangs,Justin Willis,177363,0,0,0
2006,Sam Houston State Bearkats,Brett Hicks,152505,0,0,1
2006,San Diego State Aztecs,Kevin Craft,169840,0,0,0
2006,San Jose State Spartans,Adam Tafralis,148370,1,1,5
2006,South Carolina Gamecocks,Blake Mitchell,146834,1,1,16
2006,South Florida Bulls,Matt Grothe,173139,0,0,0
2006,Southeast Missouri State Redhawks,Kevin Ballatore,173341,0,0,0
2006,Southeastern Louisiana Lions,Seth Babin,152462,0,0,0
2006,Southern Illinois Salukis,Nick Hill,160935,0,0,0
2006,Southern Mississippi Golden Eagles,Jeremy Young,147930,0,0,4
2006,Stanford Cardinal,Trent Edwards,137101,1,2,19
2006,Stephen F Austin Lumberjacks,Danny Southall,155857,0,0,0
2006,Syracuse Orange,Perry Patterson,134493,1,2,22
2006,TCU Horned Frogs,Jeff Ballard,137461,1,1,9
2006,Temple Owls,Adam Dimichele,189953,0,0,0
2006,Tennessee Volunteers,Erik Ainge,161062,0,1,17
2006,Tennessee-Martin Skyhawks,Dexter Anoka,187075,0,0,0
2006,Texas A&M Aggies,Stephen Mcgee,156336,0,0,7
2006,Texas Longhorns,Colt Mccoy,175772,0,0,0
2006,Texas Tech Red Raiders,Graham Harrell,160425,0,0,6
2006,The Citadel Bulldogs,Duran Lawson,163925,1,1,2
2006,Toledo Rockets,Aaron Opelt,184598,0,0,0
2006,Troy Trojans,Omar Haugabook,184540,0,0,0
2006,Tulane Green Wave,Lester Ricard,134032,1,2,10
2006,Tulsa Golden Hurricane,Paul Smith,147935,1,1,11
2006,UAB Blazers,Chris Williams,147989,0,0,1
2006,UC Davis Aggies,Jon Grant,154609,0,0,0
2006,UCF Knights,Steven Moffett,150032,1,2,15
2006,UCLA Bruins,Patrick Cowan,159805,0,0,0
2006,UNLV Rebels,Rocky Hinds,161082,0,0,0
2006,USC Trojans,John Booty,145168,0,0,6
2006,UTEP Miners,Jordan Palmer,136814,1,2,17
2006,Utah State Aggies,Leon Jackson,149338,1,1,3
2006,Utah Utes,Brett Ratliff,169928,0,0,4
2006,VMI Keydets,Kyle Hughes,188400,0,0,0
2006,Vanderbilt Commodores,Chris Nickson,161402,0,0,1
2006,Villanova Wildcats,Marvin Burroughs,138957,0,0,1
2006,Virginia Cavaliers,Jameel Sewell,177413,0,0,0
2006,Virginia Tech Hokies,Sean Glennon,156724,0,0,2
2006,Wake Forest Demon Deacons,Riley Skinner,169077,0,0,0
2006,Washington Huskies,Isaiah Stanback,136579,1,1,14
2006,Washington State Cougars,Alex Brink,145238,1,2,13
2006,West Virginia Mountaineers,Pat White,159846,1,1,12
2006,Western Carolina Catamounts,Andy Horn,171685,0,0,0
2006,Western Illinois Leathernecks,Steve Lafalce,137313,1,2,2
2006,Western Kentucky Hilltoppers,Justin Haddix,149444,1,2,2
2006,Western Michigan Broncos,Ryan Cubit,115823,1,1,5
2006,William & Mary Tribe,Jacob Phillips,162252,0,0,1
2006,Wisconsin Badgers,John Stocco,133680,1,2,24
2006,Wofford Terriers,Josh Collier,145323,1,1,1
2006,Wyoming Cowboys,Karsten Sween,169972,0,0,0
2006,Youngstown State Penguins,Tom Zetts,147844,1,1,1
2007,Air Force Falcons,Shaun Carney,164361,1,3,22
2007,Akron Zips,Chris Jacquemain,169516,0,0,0
2007,Alabama Crimson Tide,John Parker Wilson,169602,1,1,15
2007,Appalachian State Mountaineers,Armanti Edwards,190009,0,0,0
2007,Arizona State Sun Devils,Rudy Carpenter,160303,1,2,21
2007,Arizona Wildcats,Willie Tuitama,175819,1,2,13
2007,Arkansas Razorbacks,Casey Dick,170906,1,1,12
2007,Arkansas State Red Wolves,Corey Leonard,171349,1,1,4
2007,Arkansas-Pine Bluff Golden Lions,Jonathan Moore,179932,0,0,0
2007,Army Black Knights,Carson Williams,189534,0,0,6
2007,Auburn Tigers,Brandon Cox,134972,1,2,29
2007,BYU Cougars,Max Hall,160307,0,0,0
2007,Ball State Cardinals,Nate Davis,185609,1,1,12
2007,Baylor Bears,Blake Szymanski,173619,0,0,4
2007,Boise State Broncos,Taylor Tharp,150200,0,0,6
2007,Boston College Eagles,Matt Ryan,146254,1,1,26
2007,Bowling Green Falcons,Tyler Sheehan,184518,0,0,4
2007,Buffalo Bulls,Drew Willy,170700,1,2,17
2007,California Golden Bears,Nate Longshore,163360,1,1,12
2007,Central Connecticut Blue Devils,Aubrey Norris,176882,0,0,0
2007,Central Michigan Chippewas,Dan LeFevour,170586,1,1,13
2007,Charleston Southern Buccaneers,Eli Byrd,176439,0,0,0
2007,Chattanooga Mocs,Antonio Miller,159794,1,2,2
2007,Cincinnati Bearcats,Ben Mauk,146037,0,0,16
2007,Clemson Tigers,Cullen Harper,160367,0,0,4
2007,Colorado Buffaloes,Cody Hawkins,188466,0,0,0
2007,Colorado State Rams,Caleb Hanie,160036,1,1,15
2007,Connecticut Huskies,Tyler Lorenzen,169130,0,0,0
2007,Delaware Blue Hens,Joe Flacco,146278,0,0,2
2007,Delaware State Hornets,Vashon Winton,161011,0,0,0
2007,Duke Blue Devils,Thaddeus Lewis,191344,1,1,12
2007,East Carolina Pirates,Patrick Pinkney,162666,0,0,0
2007,Eastern Illinois Panthers,Cole Stinson,157785,0,0,2
2007,Eastern Kentucky Colonels,Allan Holland,161175,0,0,1
2007,Eastern Michigan Eagles,Andy Schmitt,170633,1,1,9
2007,Eastern Washington Eagles,Matt Nichols,171156,1,1,2
2007,Florida Atlantic Owls,Rusty Smith,180299,1,0,3
2007,Florida Gators,Tim Tebow,183484,0,0,9
2007,Florida Intl Golden Panthers,Wayne Younger,192739,0,0,0
2007,Florida State Seminoles,Drew Weatherford,167354,1,2,23
2007,Fresno State Bulldogs,Tom Brandstater,147211,1,1,5
2007,Furman Paladins,Jordan Sorrells,173429,0,0,0
2007,Gardner-Webb Bulldogs,Stan Doolittle,186410,0,0,0
2007,Georgia Bulldogs,Matthew Stafford,183518,1,1,13
2007,Georgia Tech Yellow Jackets,Taylor Bennett,156624,0,0,6
2007,Grambling State Tigers,Brandon Landers,164537,0,0,1
2007,Hawai'i Rainbow Warriors,Colt Brennan,145275,1,2,10
2007,Houston Cougars,Case Keenum,191981,0,0,0
2007,Howard Bison,Brian Johnson,111644,0,0,1
2007,Idaho Vandals,Nathan Enderle,185026,0,0,0
2007,Illinois Fighting Illini,Juice Williams,174873,0,0,2
2007,Illinois State Redbirds,Luke Drone,159940,0,0,0
2007,Indiana Hoosiers,Kellen Lewis,174294,1,1,11
2007,Indiana State Sycamores,Reilly Murphy,185840,1,1,1
2007,Iowa Hawkeyes,Jake Christensen,169329,0,0,3
2007,Iowa State Cyclones,Bret Meyer,145404,1,3,34
2007,Kansas Jayhawks,Todd Reesing,184336,0,0,3
2007,Kansas State Wildcats,Josh Freeman,192029,1,1,8
2007,Kent State Golden Flashes,Julian Edelman,193061,1,1,9
2007,Kentucky Wildcats,Andre' Woodson,146711,1,2,23
2007,LSU Tigers,Matt Flynn,146744,0,0,14
2007,Liberty Flames,Brock Smith,171996,1,1,1
2007,Louisiana Monroe Warhawks,Kinsmon Lancaster,173878,1,1,4
2007,Louisiana Ragin' Cajuns,Michael Desormeaux,157747,0,0,3
2007,Louisiana Tech Bulldogs,Zac Champion,150697,1,1,6
2007,Louisville Cardinals,Brian Brohm,164609,1,2,29
2007,Maine Black Bears,Adam Farkes,191757,0,0,0
2007,Marshall Thundering Herd,Bernard Morris,149492,1,2,19
2007,Maryland Terrapins,Chris Turner,169181,0,0,0
2007,Massachusetts Minutemen,Liam Coen,157911,1,1,1
2007,McNeese State Cowboys,Derrick Fourroux,173765,1,1,2
2007,Memphis Tigers,Martin Hankins,152455,1,1,12
2007,Miami (OH) RedHawks,Daniel Raudabaugh,170710,0,0,4
2007,Miami Hurricanes,Kyle Wright,146486,1,2,23
2007,Michigan State Spartans,Brian Hoyer,160772,0,0,10
2007,Michigan Wolverines,Chad Henne,160898,1,3,36
2007,Middle Tennessee Blue Raiders,Dwight Dasher,237244,0,0,0
2007,Minnesota Golden Gophers,Adam Weber,188157,0,0,0
2007,Mississippi State Bulldogs,Wesley Carroll,237155,0,0,0
2007,Missouri State Bears,Cody Kirby,233986,0,0,0
2007,Missouri Tigers,Chase Daniel,177296,1,1,18
2007,Murray State Racers,Jeff Ehrhardt,185201,0,0,0
2007,NC State Wolfpack,Daniel Evans,159655,1,1,10
2007,Navy Midshipmen,Kaipo-Noa Kaheaku-Enhada,180784,1,1,9
2007,Nebraska Cornhuskers,Sam Keller,144960,0,0,0
2007,Nevada Wolf Pack,Colin Kaepernick,183575,0,0,0
2007,New Hampshire Wildcats,Ricky Santos,149238,1,2,2
2007,New Mexico Lobos,Donovan Porterie,169993,0,0,8
2007,New Mexico State Aggies,Chase Holbrook,162199,1,1,3
2007,Nicholls State Colonels,Zack Chauvin,187601,0,0,0
2007,Norfolk State Spartans,Casey Hansen,150654,0,0,0
2007,North Carolina Central Eagles,Stadford Brown,156131,0,0,0
2007,North Carolina Tar Heels,T.J. Yates,183674,0,0,0
2007,North Dakota State Bison,Steve Walker,153590,1,1,2
2007,North Texas Mean Green,Giovanni Vizza,242179,0,0,0
2007,Northeastern Huskies,Anthony Orio,159495,1,1,1
2007,Northern Colorado Bears,Dominic Breazeale,187869,0,0,0
2007,Northern Illinois Huskies,Dan Nicholson,157532,0,0,13
2007,Northern Iowa Panthers,Eric Sanders,159218,1,2,2
2007,Northwestern State Demons,Germayne Edmond,186997,0,0,1
2007,Northwestern Wildcats,C.J. Bacher,156796,1,1,7
2007,Notre Dame Fighting Irish,Jimmy Clausen,231813,0,0,0
2007,Ohio Bobcats,Brad Bower,145942,0,0,16
2007,Ohio State Buckeyes,Todd Boeckman,156811,0,0,3
2007,Oklahoma Sooners,Sam Bradford,188934,0,0,0
2007,Oklahoma State Cowboys,Zac Robinson,174054,0,0,6
2007,Ole Miss Rebels,Seth Adams,154318,0,0,4
2007,Oregon Ducks,Dennis Dixon,145026,1,1,25
2007,Oregon State Beavers,Sean Canfield,168823,1,0,5
2007,Penn State Nittany Lions,Anthony Morelli,164344,1,1,19
2007,Pittsburgh Panthers,Pat Bostick,235963,0,0,0
2007,Purdue Boilermakers,Curtis Painter,161031,1,1,22
2007,Rhode Island Rams,Derek Cassidy,173367,1,1,1
2007,Rice Owls,Chase Clement,157266,1,2,19
2007,Rutgers Scarlet Knights,Mike Teel,161913,1,1,21
2007,SMU Mustangs,Justin Willis,177363,1,1,11
2007,Sacramento State Hornets,Jason Smith,241960,0,0,0
2007,Samford Bulldogs,Jefferson Adcock,148163,0,0,0
2007,San Diego State Aztecs,Kevin O'Connell,147785,0,0,0
2007,San Jose State Spartans,Adam Tafralis,148370,1,2,9
2007,South Carolina Gamecocks,Blake Mitchell,146834,1,2,24
2007,South Carolina State Bulldogs,Cleveland McCoy,152393,0,0,0
2007,South Florida Bulls,Matt Grothe,173139,1,1,13
2007,Southeast Missouri State Redhawks,Victor Anderson,232988,0,0,0
2007,Southeastern Louisiana Lions,Brian Babin,173105,0,0,1
2007,Southern Illinois Salukis,Nick Hill,160935,1,1,1
2007,Southern Mississippi Golden Eagles,Jeremy Young,147930,1,1,18
2007,Stanford Cardinal,T.C. Ostrander,145105,0,0,7
2007,Syracuse Orange,Andrew Robinson,190194,0,0,4
2007,TCU Horned Frogs,Andy Dalton,183253,0,0,0
2007,Temple Owls,Adam DiMichele,189953,1,1,10
2007,Tennessee Tech Golden Eagles,Lee Sweeney,169665,0,0,0
2007,Tennessee Volunteers,Erik Ainge,161062,1,2,29
2007,Tennessee-Martin Skyhawks,Dexter Anoka,187075,1,1,1
2007,Texas A&M Aggies,Stephen McGee,156336,1,1,20
2007,Texas Longhorns,Colt McCoy,175772,1,1,13
2007,Texas State Bobcats,Bradley George,102126,0,0,0
2007,Texas Tech Red Raiders,Graham Harrell,160425,1,1,19
2007,The Citadel Bulldogs,Duran Lawson,163925,1,2,4
2007,Toledo Rockets,Aaron Opelt,184598,1,1,9
2007,Troy Trojans,Omar Haugabook,184540,1,1,4
2007,Tulane Green Wave,Anthony Scelfo,177110,0,0,2
2007,Tulsa Golden Hurricane,Paul Smith,147935,1,2,23
2007,UAB Blazers,Sam Hunt,148133,1,0,7
2007,UC Davis Aggies,Tim Plough,159314,0,0,1
2007,UCF Knights,Kyle Israel,157896,0,0,11
2007,UCLA Bruins,Ben Olson,135256,1,0,6
2007,UNLV Rebels,Travis Dixon,185081,0,0,0
2007,USC Trojans,John David Booty,145168,1,1,19
2007,UTEP Miners,Trevor Vittatoe,189709,0,0,0
2007,Utah State Aggies,Leon Jackson III,149338,1,2,5
2007,Utah Utes,Brian Johnson,156973,0,1,16
2007,Vanderbilt Commodores,Mackenzi Adams,175103,0,0,2
2007,Villanova Wildcats,Antwon Young,172065,0,0,0
2007,Virginia Cavaliers,Jameel Sewell,177413,1,1,10
2007,Virginia Tech Hokies,Sean Glennon,156724,1,1,15
2007,Wake Forest Demon Deacons,Riley Skinner,169077,1,1,13
2007,Washington Huskies,Jake Locker,184374,0,0,0
2007,Washington State Cougars,Alex Brink,145238,1,3,21
2007,Weber State Wildcats,Cameron Higgins,187103,0,0,0
2007,West Virginia Mountaineers,Pat White,159846,1,2,24
2007,Western Carolina Catamounts,Todd Spitzer,149903,0,0,0
2007,Western Illinois Leathernecks,Matt Barr,185345,0,0,0
2007,Western Kentucky Hilltoppers,K.J. Black,186161,0,0,0
2007,Western Michigan Broncos,Tim Hiller,170735,0,1,7
2007,William & Mary Tribe,Jake Phillips,162252,1,1,2
2007,Wisconsin Badgers,Tyler Donovan,146220,0,0,8
2007,Wofford Terriers,Ben Widmyer,173101,0,0,1
2007,Wyoming Cowboys,Karsten Sween,169972,1,1,9
2007,Youngstown State Penguins,Tom Zetts,147844,1,2,2
2008,Air Force Falcons,Tim Jefferson,386275,0,0,0
2008,Akron Zips,Chris Jacquemain,169516,1,1,10
2008,Alabama A&M Bulldogs,Kevin Atkins,186030,0,0,0
2008,Alabama Crimson Tide,John Parker Wilson,169602,1,3,27
2008,Alabama State Hornets,Reid Herchenbach,380651,0,0,0
2008,Alcorn State Braves,Tim Buckley,193206,0,0,0
2008,Appalachian State Mountaineers,Armanti Edwards,190009,1,1,1
2008,Arizona State Sun Devils,Rudy Carpenter,160303,1,3,32
2008,Arizona Wildcats,Willie Tuitama,175819,1,3,24
2008,Arkansas Razorbacks,Casey Dick,170906,1,2,24
2008,Arkansas State Red Wolves,Corey Leonard,171349,1,2,12
2008,Army Black Knights,Chip Bowden,246131,0,0,0
2008,Auburn Tigers,Kodi Burns,238240,0,0,5
2008,BYU Cougars,Max Hall,160307,1,1,12
2008,Ball State Cardinals,Nate Davis,185609,1,2,24
2008,Baylor Bears,Robert Griffin,378497,0,0,0
2008,Boise State Broncos,Kellen Moore,232560,0,0,0
2008,Boston College Eagles,Chris Crane,160231,0,0,6
2008,Bowling Green Falcons,Tyler Sheehan,184518,1,1,15
2008,Buffalo Bulls,Drew Willy,170700,1,3,22
2008,Cal Poly Mustangs,Jonathan Dally,233053,0,0,0
2008,California Golden Bears,Kevin Riley,188427,0,0,2
2008,Central Arkansas Bears,Nathan Brown,178909,0,1,0
2008,Central Michigan Chippewas,Dan LeFevour,170586,1,2,27
2008,Charleston Southern Buccaneers,Tribble Reese,160376,0,0,2
2008,Chattanooga Mocs,Tony Pastore,170654,0,0,0
2008,Cincinnati Bearcats,Tony Pike,169390,0,0,4
2008,Clemson Tigers,Cullen Harper,160367,1,1,16
2008,Coastal Carolina Chanticleers,William Richardson,162614,0,0,0
2008,Colorado Buffaloes,Cody Hawkins,188466,1,1,13
2008,Colorado State Rams,Billy Farris,169826,0,0,5
2008,Connecticut Huskies,Tyler Lorenzen,169130,1,1,12
2008,Delaware Blue Hens,Rob Schoenhoft,174008,0,0,5
2008,Delaware State Hornets,Anthony Glaud,184506,0,0,3
2008,Duke Blue Devils,Thaddeus Lewis,191344,1,2,21
2008,East All-Stars,Chase Daniel,177296,0,3,32
2008,East Carolina Pirates,Patrick Pinkney,162666,1,1,11
2008,Eastern Illinois Panthers,Bodie Reeder,185923,0,0,1
2008,Eastern Kentucky Colonels,Allan Holland,161175,1,1,3
2008,Eastern Michigan Eagles,Andy Schmitt,170633,1,2,20
2008,Eastern Washington Eagles,Matt Nichols,171156,1,2,3
2008,Florida Atlantic Owls,Rusty Smith,180299,1,1,11
2008,Florida Gators,Tim Tebow,183484,1,1,22
2008,Florida Intl Golden Panthers,Paul McCall,177565,0,0,3
2008,Florida State Seminoles,Christian Ponder,183733,0,0,1
2008,Fresno State Bulldogs,Tom Brandstater,147211,1,3,18
2008,Furman Paladins,Jordan Sorrells,173429,1,1,1
2008,Gardner-Webb Bulldogs,Devin Campbell,162458,0,0,1
2008,Georgia Bulldogs,Matthew Stafford,183518,1,2,26
2008,Georgia Southern Eagles,Antonio Henton,188307,0,0,2
2008,Georgia Tech Yellow Jackets,Josh Nesbitt,236253,0,0,7
2008,Hawai'i Rainbow Warriors,Greg Alexander,382996,0,0,0
2008,Hofstra Pride,Cory Christopher,234261,0,0,0
2008,Houston Cougars,Case Keenum,191981,1,1,6
2008,Idaho State Bengals,Russel Hill,185422,0,0,0
2008,Idaho Vandals,Nathan Enderle,185026,1,1,5
2008,Illinois Fighting Illini,Juice Williams,189249,0,0,0
2008,Illinois State Redbirds,Kevin Brockway,158283,0,0,0
2008,Indiana Hoosiers,Kellen Lewis,174294,1,2,23
2008,Indiana State Sycamores,Calvin Schmidtke,385938,0,0,0
2008,Iowa Hawkeyes,Richard Stanzi,188298,0,0,1
2008,Iowa State Cyclones,Austen Arnaud,188980,0,0,6
2008,Jacksonville State Gamecocks,Ryan Perrilloux,176394,0,0,13
2008,James Madison Dukes,Rodney Landers,162173,0,0,0
2008,Kansas Jayhawks,Todd Reesing,184336,1,1,16
2008,Kansas State Wildcats,Josh Freeman,192029,1,2,19
2008,Kent State Golden Flashes,Julian Edelman,193061,1,2,15
2008,Kentucky Wildcats,Mike Hartline,188612,0,0,2
2008,LSU Tigers,Jarrett Lee,232417,0,0,0
2008,Louisiana Monroe Warhawks,Kinsmon Lancaster,173878,1,2,15
2008,Louisiana Ragin' Cajuns,Michael Desormeaux,157747,1,1,11
2008,Louisiana Tech Bulldogs,Ross Jenkins,191074,0,0,0
2008,Louisville Cardinals,Hunter Cantwell,169219,0,0,14
2008,Maine Black Bears,Adam Farkes,191757,1,1,1
2008,Marshall Thundering Herd,Mark Cann,240449,0,0,0
2008,Maryland Terrapins,Chris Turner,169181,1,1,10
2008,Massachusetts Minutemen,Liam Coen,157911,1,2,2
2008,McNeese State Cowboys,Derrick Fourroux,173765,1,2,3
2008,Memphis Tigers,Arkelon Hall,174651,0,0,0
2008,Miami (OH) RedHawks,Daniel Raudabaugh,170710,1,1,11
2008,Miami Hurricanes,Robert Marve,236058,0,0,0
2008,Michigan State Spartans,Brian Hoyer,160772,1,1,23
2008,Michigan Wolverines,Steven Threet,232227,0,0,0
2008,Middle Tennessee Blue Raiders,Joe Craddock,157965,1,0,10
2008,Minnesota Golden Gophers,Adam Weber,188157,1,1,12
2008,Mississippi State Bulldogs,Tyson Lee,378217,0,0,0
2008,Missouri State Bears,Cody Kirby,233986,1,1,1
2008,Missouri Tigers,Chase Daniel,177296,1,2,32
2008,Montana State Bobcats,Cody Kempt,189142,0,0,2
2008,Morgan State Bears,Carlton Jackson,169515,0,0,9
2008,Murray State Racers,Chris Franklin,185203,0,0,1
2008,NC State Wolfpack,Russell Wilson,238093,0,0,0
2008,NORTH All-Stars,Nathan Brown,178909,0,0,0
2008,Navy Midshipmen,Jarod Bryant,182913,0,0,10
2008,Nebraska Cornhuskers,Joe Ganz,162701,0,0,9
2008,Nevada Wolf Pack,Colin Kaepernick,183575,1,1,10
2008,New Hampshire Wildcats,R.J. Toman,189783,0,0,0
2008,New Mexico Lobos,Brad Gruner,240901,0,0,0
2008,New Mexico State Aggies,Chase Holbrook,162199,1,2,14
2008,Nicholls State Colonels,Vincent Montgomery,178028,0,0,0
2008,Norfolk State Spartans,Dennis Brown,174064,0,0,5
2008,North Carolina Tar Heels,Cameron Sexton,170980,0,0,8
2008,North Dakota State Bison,Nick Mertens,175017,0,0,0
2008,North Texas Mean Green,Giovanni Vizza,242179,1,1,9
2008,Northeastern Huskies,Anthony Orio,159495,1,2,2
2008,Northern Arizona Lumberjacks,Lance Kriesien,162139,0,0,1
2008,Northern Colorado Bears,Bryan Waggener,232026,0,0,0
2008,Northern Illinois Huskies,Chandler Harnish,237674,0,0,0
2008,Northern Iowa Panthers,Patrick Grace,172077,0,0,0
2008,Northwestern State Demons,John Hundley,170847,0,0,1
2008,Northwestern Wildcats,C.J. Bacher,156796,1,2,19
2008,Notre Dame Fighting Irish,Jimmy Clausen,231813,1,1,10
2008,Ohio Bobcats,Boo Jackson,379032,0,0,0
2008,Ohio State Buckeyes,Terrelle Pryor,379070,0,0,0
2008,Oklahoma Sooners,Sam Bradford,188934,1,1,14
2008,Oklahoma State Cowboys,Zac Robinson,174054,1,1,16
2008,Ole Miss Rebels,Jevan Snead,183449,0,0,5
2008,Oregon Ducks,Jeremiah Masoli,381755,0,0,0
2008,Oregon State Beavers,Lyle Moevao,189163,0,0,8
2008,Penn State Nittany Lions,Daryll Clark,185917,0,0,10
2008,Pittsburgh Panthers,Bill Stull,173548,1,0,5
2008,Portland State Vikings,Drew Hubel,234074,0,0,0
2008,Purdue Boilermakers,Curtis Painter,161031,1,2,35
2008,Rhode Island Rams,Derek Cassidy,173367,1,2,2
2008,Rice Owls,Chase Clement,157266,1,3,25
2008,Richmond Spiders,Eric Ward,172969,0,1,1
2008,Rutgers Scarlet Knights,Mike Teel,161913,1,2,34
2008,SMU Mustangs,Bo Levi Mitchell,380309,0,0,0
2008,SOUTH All-Stars,John Parker Wilson,169602,0,2,27
2008,Sam Houston State Bearkats,Rhett Bomar,161705,0,1,12
2008,Samford Bulldogs,Dustin Taliaferro,379467,0,0,0
2008,San Diego State Aztecs,Ryan Lindley,238239,0,0,0
2008,San Jose State Spartans,Kyle Reed,174204,0,0,0
2008,South Carolina Gamecocks,Chris Smelley,190695,0,0,7
2008,South Carolina State Bulldogs,Malcolm Long,239907,0,0,2
2008,South Dakota State Jackrabbits,Ryan Berry,159001,0,0,0
2008,South Florida Bulls,Matt Grothe,173139,1,2,25
2008,Southeast Missouri State Redhawks,Houston Lillard,198270,0,0,1
2008,Southeastern Louisiana Lions,Brian Babin,173105,1,1,4
2008,Southern Illinois Salukis,Chris Dieker,187992,0,0,0
2008,Southern Mississippi Golden Eagles,Austin Davis,237729,0,0,0
2008,Southern Utah Thunderbirds,Cody Stone,171319,0,0,0
2008,Stanford Cardinal,Tavita Pritchard,176295,0,0,8
2008,Stephen F Austin Lumberjacks,Jeremy Moses,233840,0,0,0
2008,Syracuse Orange,Cameron Dantley,178730,0,0,6
2008,TCU Horned Frogs,Andy Dalton,183253,1,1,11
2008,Temple Owls,Adam DiMichele,189953,1,2,15
2008,Tennessee Tech Golden Eagles,Josh Lowery,238031,0,0,0
2008,Tennessee Volunteers,Jonathan Crompton,175658,0,0,9
2008,Tennessee-Martin Skyhawks,Cade Thompson,173686,0,0,2
2008,Texas A&M Aggies,Jerrod Johnson,191668,0,0,2
2008,Texas Longhorns,Colt McCoy,175772,1,2,26
2008,Texas State Bobcats,Clint Toon,234623,0,0,0
2008,Texas Tech Red Raiders,Graham Harrell,160425,1,2,31
2008,The Citadel Bulldogs,Bart Blanchard,191942,0,0,0
2008,Toledo Rockets,Aaron Opelt,184598,1,2,18
2008,Towson Tigers,Sean Schaefer,171064,0,0,0
2008,Troy Trojans,Levi Brown,172944,0,0,0
2008,Tulane Green Wave,Kevin Moore,191298,0,0,6
2008,Tulsa Golden Hurricane,David Johnson,158574,0,0,7
2008,UAB Blazers,Joe Webb,173642,0,0,5
2008,UC Davis Aggies,Daniel Alfaro,187897,0,0,0
2008,UCF Knights,Rob Calabrese,383842,0,0,0
2008,UCLA Bruins,Kevin Craft,169840,0,1,8
2008,UNLV Rebels,Omar Clayton,237933,0,0,6
2008,USC Trojans,Mark Sanchez,174154,0,0,8
2008,UTEP Miners,Trevor Vittatoe,189709,1,1,6
2008,Utah State Aggies,Diondre Borel,238343,0,0,0
2008,Utah Utes,Brian Johnson,156973,1,2,27
2008,VMI Keydets,Kyle Hughes,188400,0,1,1
2008,Vanderbilt Commodores,Mackenzi Adams,175103,1,1,12
2008,Villanova Wildcats,Antwon Young,172065,1,1,1
2008,Virginia Cavaliers,Marc Verica,183667,0,0,0
2008,Virginia Tech Hokies,Tyrod Taylor,236838,0,0,11
2008,Wake Forest Demon Deacons,Riley Skinner,169077,1,2,23
2008,Washington Huskies,Ronnie Fouch,232019,0,0,0
2008,Washington State Cougars,Kevin Lopina,173745,0,0,0
2008,Weber State Wildcats,Cameron Higgins,187103,1,1,1
2008,West All-Stars,Tom Brandstater,147211,0,2,18
2008,West Virginia Mountaineers,Pat White,159846,1,3,37
2008,Western Carolina Catamounts,Andy Horn,171685,0,1,1
2008,Western Illinois Leathernecks,Matt Barr,185345,1,1,1
2008,Western Kentucky Hilltoppers,David Wolke,161740,0,0,6
2008,Western Michigan Broncos,Tim Hiller,170735,1,2,19
2008,William & Mary Tribe,Jake Phillips,162252,1,2,3
2008,Wisconsin Badgers,Dustin Sherer,177752,0,0,1
2008,Wofford Terriers,Ben Widmyer,173101,1,1,2
2008,Wyoming Cowboys,Dax Crum,231814,0,0,0
2008,Youngstown State Penguins,Todd Rowan,174139,0,0,0
2009,Air Force Falcons,Tim Jefferson,386275,1,1,8
2009,Akron Zips,Patrick Nicely,482011,0,0,0
2009,Alabama Crimson Tide,Greg McElroy,191494,0,0,5
2009,Alcorn State Braves,Tim Buckley,193206,1,1,1
2009,Appalachian State Mountaineers,DeAndre Presley,381870,0,0,1
2009,Arizona State Sun Devils,Danny Sullivan,183330,0,0,11
2009,Arizona Wildcats,Nick Foles,238803,0,0,1
2009,Arkansas Razorbacks,Ryan Mallett,232007,0,0,10
2009,Arkansas State Red Wolves,Corey Leonard,171349,1,3,22
2009,Army Black Knights,Trent Steelman,483302,0,0,0
2009,Auburn Tigers,Chris Todd,378238,1,0,7
2009,BYU Cougars,Max Hall,160307,1,2,25
2009,Ball State Cardinals,Kelly Page,378384,0,0,0
2009,Baylor Bears,Nick Florence,379895,0,0,0
2009,Boise State Broncos,Kellen Moore,232560,1,1,13
2009,Boston College Eagles,Dave Shinskie,480401,0,0,0
2009,Bowling Green Falcons,Tyler Sheehan,184518,1,2,27
2009,Buffalo Bulls,Zach Maynard,384118,0,0,3
2009,Cal Poly Mustangs,Tony Smith,183994,0,0,0
2009,California Golden Bears,Kevin Riley,188427,1,1,13
2009,Central Arkansas Bears,Robbie Park,151104,0,0,1
2009,Central Michigan Chippewas,Dan LeFevour,170586,1,3,37
2009,Charleston Southern Buccaneers,A.J. Toscano,478032,0,0,0
2009,Chattanooga Mocs,B.J. Coleman,236000,0,0,1
2009,Cincinnati Bearcats,Tony Pike,169390,1,2,16
2009,Clemson Tigers,Kyle Parker,377866,0,0,0
2009,Coastal Carolina Chanticleers,Zach MacDowall,183454,0,0,1
2009,Colorado Buffaloes,Tyler Hansen,380345,0,0,5
2009,Colorado State Rams,Grant Stucker,176430,0,0,1
2009,Connecticut Huskies,Zach Frazer,240787,0,0,4
2009,Delaware Blue Hens,Pat Devlin,188680,0,0,8
2009,Delaware State Hornets,Nick Elko,380943,0,0,0
2009,Duke Blue Devils,Thaddeus Lewis,191344,1,3,32
2009,East All-Stars,Mike Kafka,169280,0,0,10
2009,East Carolina Pirates,Patrick Pinkney,162666,1,2,25
2009,Eastern Illinois Panthers,Jake Christensen,169329,0,1,22
2009,Eastern Kentucky Colonels,T.J. Pryor,485526,0,0,0
2009,Eastern Michigan Eagles,Alex Gillett,482077,0,0,0
2009,Eastern Washington Eagles,Matt Nichols,171156,1,3,5
2009,Elon Phoenix,Scott Riddle,233773,0,0,0
2009,Florida A&M Rattlers,Curtis Pulley,178757,0,0,8
2009,Florida Atlantic Owls,Rusty Smith,180299,1,2,24
2009,Florida Gators,Tim Tebow,183484,1,2,36
2009,Florida Intl Golden Panthers,Paul McCall,177565,1,1,13
2009,Florida State Seminoles,Christian Ponder,183733,1,1,14
2009,Fresno State Bulldogs,Ryan Colburn,170078,0,0,2
2009,Furman Paladins,Jordan Sorrells,173429,1,2,2
2009,Gardner-Webb Bulldogs,Stan Doolittle,186410,0,1,2
2009,Georgia Bulldogs,Joe Cox,171814,0,0,12
2009,Georgia Southern Eagles,Lee Chapple,238422,0,0,1
2009,Georgia Tech Yellow Jackets,Josh Nesbitt,236253,1,1,16
2009,Grambling State Tigers,Greg Dillon,386686,0,0,0
2009,Hawai'i Rainbow Warriors,Bryant Moniz,480919,0,0,0
2009,Hofstra Pride,Cory Christopher,234261,1,1,1
2009,Houston Cougars,Case Keenum,191981,1,2,17
2009,Howard Bison,Floyd Haigler,177183,0,0,1
2009,Idaho State Bengals,Kyle Blum,238433,0,0,0
2009,Idaho Vandals,Nathan Enderle,185026,1,2,13
2009,Illinois Fighting Illini,Juice Williams,189249,1,1,12
2009,Illinois State Redbirds,Matt Brown,476691,0,0,0
2009,Indiana Hoosiers,Ben Chappell,188708,0,0,9
2009,Indiana State Sycamores,Chris Stutzriem,232488,0,0,8
2009,Iowa Hawkeyes,Richard Stanzi,188298,1,1,14
2009,Iowa State Cyclones,Austen Arnaud,188980,1,1,18
2009,Jackson State Tigers,Trae Rutland,175877,0,0,0
2009,Jacksonville State Gamecocks,Marques Ivory,382477,0,0,0
2009,James Madison Dukes,Drew Dudzik,186142,0,0,1
2009,Kansas Jayhawks,Todd Reesing,184336,1,2,29
2009,Kansas State Wildcats,Grant Gregory,160603,0,0,9
2009,Kent State Golden Flashes,Spencer Keith,482099,0,0,0
2009,Kentucky Wildcats,Morgan Newton,480265,0,0,0
2009,LSU Tigers,Jordan Jefferson,378564,0,0,5
2009,Liberty Flames,Tommy Beecher,173666,0,0,6
2009,Louisiana Monroe Warhawks,Trey Revell,191930,0,0,9
2009,Louisiana Ragin' Cajuns,Chris Masson,237656,0,0,2
2009,Louisiana Tech Bulldogs,Ross Jenkins,191074,1,1,10
2009,Louisville Cardinals,Adam Froman,482903,0,0,0
2009,Maine Black Bears,Warren Smith,385531,0,0,0
2009,Marshall Thundering Herd,Brian Anderson,184187,0,0,10
2009,Maryland Terrapins,Chris Turner,169181,1,2,23
2009,Massachusetts Minutemen,Kyle Havens,483881,0,0,0
2009,McNeese State Cowboys,Derrick Fourroux,173765,1,3,4
2009,Memphis Tigers,Will Hudgens,489437,0,0,0
2009,Miami (OH) RedHawks,Zac Dysert,385212,0,0,0
2009,Miami Hurricanes,Jacory Harris,377700,1,0,11
2009,Michigan State Spartans,Kirk Cousins,238910,0,0,4
2009,Michigan Wolverines,Tate Forcier,480264,0,0,0
2009,Middle Tennessee Blue Raiders,Dwight Dasher,237244,0,1,17
2009,Minnesota Golden Gophers,Adam Weber,188157,1,2,25
2009,Mississippi State Bulldogs,Tyson Lee,378217,1,1,11
2009,Mississippi Valley State Delta Devils,Paul Roberts,190139,0,0,0
2009,Missouri State Bears,Cody Kirby,233986,1,2,2
2009,Missouri Tigers,Blaine Gabbert,381364,0,0,3
2009,Morgan State Bears,Carlton Jackson,169515,1,1,10
2009,Murray State Racers,Nico Yantko,175724,1,0,1
2009,NC State Wolfpack,Russell Wilson,238093,1,1,11
2009,NORTH All-Stars,Tony Pike,169390,0,1,16
2009,Navy Midshipmen,Ricky Dobbs,240655,0,0,4
2009,Nebraska Cornhuskers,Zac Lee,232216,0,0,1
2009,Nevada Wolf Pack,Colin Kaepernick,183575,1,2,22
2009,New Hampshire Wildcats,R.J. Toman,189783,1,1,1
2009,New Mexico Lobos,Donovan Porterie,169993,0,1,22
2009,New Mexico State Aggies,Jeff Fleming,480613,0,0,0
2009,Nicholls State Colonels,Jacob Witt,480318,0,0,0
2009,North Carolina Central Eagles,Michael Johnson,386468,0,0,0
2009,North Carolina Tar Heels,T.J. Yates,183674,1,1,18
2009,North Dakota,Jake Landry,479204,0,0,0
2009,North Dakota State Bison,Nick Mertens,175017,1,1,1
2009,North Texas Mean Green,Riley Dodge,385052,0,0,2
2009,Northeastern Huskies,Matt Carroll,478061,0,0,0
2009,Northern Arizona Lumberjacks,Michael Herrick,191210,0,0,1
2009,Northern Colorado Bears,Bryan Waggener,232026,1,1,1
2009,Northern Illinois Huskies,Chandler Harnish,237674,1,1,10
2009,Northern Iowa Panthers,Pat Grace,172077,1,1,1
2009,Northwestern State Demons,John Hundley,170847,1,1,2
2009,Northwestern Wildcats,Mike Kafka,169280,0,1,10
2009,Notre Dame Fighting Irish,Jimmy Clausen,231813,1,2,23
2009,Ohio Bobcats,Theo Scott,232795,1,0,8
2009,Ohio State Buckeyes,Terrelle Pryor,379070,1,1,13
2009,Oklahoma Sooners,Landry Jones,377845,0,0,0
2009,Oklahoma State Cowboys,Zac Robinson,174054,1,2,29
2009,Ole Miss Rebels,Jevan Snead,183449,1,1,18
2009,Oregon Ducks,Jeremiah Masoli,381755,1,1,12
2009,Oregon State Beavers,Sean Canfield,168823,0,1,17
2009,Penn State Nittany Lions,Daryll Clark,185917,1,1,23
2009,Pittsburgh Panthers,Bill Stull,173548,1,1,17
2009,Portland State Vikings,Drew Hubel,234074,1,1,1
2009,Purdue Boilermakers,Joey Elliott,173694,0,0,8
2009,Rhode Island Rams,Chris Paul-Etienne,194498,0,0,1
2009,Rice Owls,Nick Fanuzzi,237197,0,0,0
2009,Richmond Spiders,Eric Ward,172969,1,2,2
2009,Rutgers Scarlet Knights,Tom Savage,514116,0,0,0
2009,SMU Mustangs,Bo Levi Mitchell,380309,1,1,12
2009,SOUTH All-Stars,Zac Robinson,174054,0,3,29
2009,Sacramento State Hornets,Jason Smith,241960,0,1,2
2009,Sam Houston State Bearkats,Blake Joseph,170233,0,0,12
2009,Samford Bulldogs,Dustin Taliaferro,379467,1,1,1
2009,San Diego State Aztecs,Ryan Lindley,238239,1,1,11
2009,San Jose State Spartans,Jordan La Secla,195048,0,0,4
2009,South Carolina Gamecocks,Stephen Garcia,243503,0,0,8
2009,South Carolina State Bulldogs,Malcolm Long,239907,1,1,4
2009,South Dakota State Jackrabbits,Thomas O'Brien,479054,0,0,0
2009,South Florida Bulls,B.J. Daniels,382201,0,0,2
2009,Southeast Missouri State Redhawks,Matt Scheible,379454,0,0,1
2009,Southeastern Louisiana Lions,Brian Babin,173105,1,2,5
2009,Southern Illinois Salukis,Chris Dieker,187992,1,1,1
2009,Southern Jaguars,Bryant Lee,173757,0,0,0
2009,Southern Mississippi Golden Eagles,Martevious Young,132870,0,0,2
2009,Southern Utah Thunderbirds,Cade Cooper,232511,0,0,0
2009,Stanford Cardinal,Andrew Luck,380470,0,0,0
2009,Stephen F Austin Lumberjacks,Jeremy Moses,233840,1,1,1
2009,Syracuse Orange,Greg Paulus,480614,0,0,0
2009,TCU Horned Frogs,Andy Dalton,183253,1,2,22
2009,Temple Owls,Vaughn Charlton,189949,0,0,10
2009,Tennessee Tech Golden Eagles,Lee Sweeney,169665,1,1,2
2009,Tennessee Volunteers,Jonathan Crompton,175658,1,1,17
2009,Tennessee-Martin Skyhawks,Cade Thompson,173686,1,1,4
2009,Texas A&M Aggies,Jerrod Johnson,191668,1,1,13
2009,Texas Longhorns,Colt McCoy,175772,1,3,39
2009,Texas Southern Tigers,Arvell Nelson,188294,0,0,1
2009,Texas State Bobcats,Bradley George,102126,0,1,2
2009,Texas Tech Red Raiders,Taylor Potts,185054,0,0,10
2009,The Citadel Bulldogs,Bart Blanchard,191942,1,1,2
2009,Toledo Rockets,Aaron Opelt,184598,1,3,25
2009,Towson Tigers,Peter Athens,484681,0,0,0
2009,Troy Trojans,Levi Brown,172944,1,1,9
2009,Tulane Green Wave,Ryan Griffin,383463,0,0,0
2009,Tulsa Golden Hurricane,G.J. Kinne,236717,0,0,0
2009,UAB Blazers,Joe Webb,173642,1,1,16
2009,UC Davis Aggies,Greg Denham,187892,0,0,0
2009,UCF Knights,Brett Hodges,169067,0,0,8
2009,UCLA Bruins,Kevin Prince,380716,0,0,0
2009,UNLV Rebels,Omar Clayton,237933,1,1,15
2009,USC Trojans,Matt Barkley,480322,0,0,0
2009,UTEP Miners,Trevor Vittatoe,189709,1,2,17
2009,Utah State Aggies,Diondre Borel,238343,1,1,12
2009,Utah Utes,Terrance Cain,482317,0,0,0
2009,VMI Keydets,Cameron Jones,234707,0,0,0
2009,Vanderbilt Commodores,Larry Smith,236079,0,0,2
2009,Virginia Cavaliers,Jameel Sewell,177413,0,2,23
2009,Virginia Tech Hokies,Tyrod Taylor,236838,1,1,23
2009,Wake Forest Demon Deacons,Riley Skinner,169077,1,3,36
2009,Washington Huskies,Jake Locker,184374,1,1,16
2009,Washington State Cougars,Marshall Lobbestael,236759,0,0,5
2009,Weber State Wildcats,Cameron Higgins,187103,1,2,2
2009,West All-Stars,Max Hall,160307,0,3,25
2009,West Virginia Mountaineers,Jarrett Brown,174442,0,0,13
2009,Western Illinois Leathernecks,Matt Barr,185345,1,2,2
2009,Western Kentucky Hilltoppers,Kawaun Jakes,382917,0,0,0
2009,Western Michigan Broncos,Tim Hiller,170735,1,3,29
2009,William & Mary Tribe,R.J. Archer,171124,0,0,1
2009,Wisconsin Badgers,Scott Tolzien,188112,0,0,2
2009,Wofford Terriers,Mitch Allen,234576,0,0,0
2009,Wyoming Cowboys,Austyn Carta-Samuels,481988,0,0,0
2009,Youngstown State Penguins,Brandon Summers,169492,0,0,5
2010,Air Force Falcons,Tim Jefferson,386275,1,2,18
2010,Akron Zips,Patrick Nicely,482011,1,1,7
2010,Alabama Crimson Tide,Greg McElroy,191494,1,1,19
2010,Alcorn State Braves,Brandon Bridge,507211,0,0,0
2010,Appalachian State Mountaineers,DeAndre Presley,381870,1,1,2
2010,Arizona State Sun Devils,Steven Threet,232227,0,1,10
2010,Arizona Wildcats,Nick Foles,238803,1,1,13
2010,Arkansas Razorbacks,Ryan Mallett,232007,1,1,23
2010,Arkansas State Red Wolves,Ryan Aplin,384784,0,0,8
2010,Arkansas-Pine Bluff Golden Lions,Josh Boudreaux,488827,0,0,0
2010,Army Black Knights,Trent Steelman,483302,1,1,12
2010,Auburn Tigers,Cameron Newton,232016,0,0,4
2010,Austin Peay Governors,Jake Ryan,476845,0,0,0
2010,BYU Cougars,Jake Heaps,501563,0,0,0
2010,Ball State Cardinals,Keith Wenning,503695,0,0,0
2010,Baylor Bears,Robert Griffin III,378497,1,1,15
2010,Boise State Broncos,Kellen Moore,232560,1,2,27
2010,Boston College Eagles,Chase Rettig,501665,0,0,0
2010,Bowling Green Falcons,Matt Schilz,482947,0,0,0
2010,Buffalo Bulls,Jerry Davis,383087,0,0,2
2010,Cal Poly Mustangs,Andre Broadous,379828,0,0,0
2010,California Golden Bears,Kevin Riley,188427,1,2,26
2010,Central Arkansas Bears,Wynrick Smothers,486614,0,0,0
2010,Central Michigan Chippewas,Ryan Radcliff,383499,0,0,4
2010,Charleston Southern Buccaneers,A.J. Toscano,478032,1,1,2
2010,Chattanooga Mocs,B.J. Coleman,236000,1,1,2
2010,Cincinnati Bearcats,Zach Collaros,232807,0,0,8
2010,Clemson Tigers,Kyle Parker,377866,1,1,14
2010,Coastal Carolina Chanticleers,Zach MacDowall,183454,1,1,3
2010,Colorado Buffaloes,Cody Hawkins,188466,1,2,32
2010,Colorado State Rams,Pete Thomas,501565,0,0,0
2010,Connecticut Huskies,Zach Frazer,240787,1,1,12
2010,Duke Blue Devils,Sean Renfree,381689,0,0,5
2010,East Carolina Pirates,Dominique Davis,500941,0,0,0
2010,Eastern Illinois Panthers,Brandon Large,485494,0,0,0
2010,Eastern Kentucky Colonels,T.J. Pryor,485526,1,1,2
2010,Eastern Michigan Eagles,Alex Gillett,482077,0,1,8
2010,Eastern Washington Eagles,Bo Levi Mitchell,498090,0,0,0
2010,Elon Phoenix,Scott Riddle,233773,1,1,1
2010,Florida A&M Rattlers,Martin Ukpai,476597,0,0,0
2010,Florida Atlantic Owls,Jeff Van Camp,191458,0,0,0
2010,Florida Gators,John Brantley,235158,0,0,13
2010,Florida Intl Golden Panthers,Wesley Carroll,237155,0,1,18
2010,Florida State Seminoles,Christian Ponder,183733,1,2,23
2010,Fresno State Bulldogs,Ryan Colburn,170078,1,1,15
2010,Furman Paladins,Cody Worley,186988,0,0,0
2010,Gardner-Webb Bulldogs,Chandler Browning,484322,0,0,0
2010,Georgia Bulldogs,Aaron Murray,480210,0,0,0
2010,Georgia Southern Eagles,Jaybo Shaw,505852,0,0,0
2010,Georgia State Panthers,Drew Little,501395,0,0,0
2010,Georgia Tech Yellow Jackets,Joshua Nesbitt,236253,1,2,30
2010,Grambling State Tigers,Anthony Carrothers,505898,0,0,0
2010,Hampton Pirates,David Legree,488631,0,0,0
2010,Hawai'i Rainbow Warriors,Bryant Moniz,480919,1,1,10
2010,Houston Cougars,David Piland,503173,0,0,0
2010,Idaho State Bengals,Russel Hill,185422,0,1,2
2010,Idaho Vandals,Nathan Enderle,185026,1,3,24
2010,Illinois Fighting Illini,Nathan Scheelhaase,480413,0,0,0
2010,Indiana Hoosiers,Ben Chappell,188708,1,1,21
2010,Indiana State Sycamores,Ronnie Fouch,498942,0,0,0
2010,Iowa Hawkeyes,Ricky Stanzi,188298,1,2,25
2010,Iowa State Cyclones,Austen Arnaud,188980,1,2,29
2010,Jacksonville State Gamecocks,Marques Ivory,382477,1,1,1
2010,James Madison Dukes,Drew Dudzik,186142,1,1,2
2010,Kansas Jayhawks,Jordan Webb,480812,0,0,0
2010,Kansas State Wildcats,Carson Coffman,192425,1,0,14
2010,Kent State Golden Flashes,Spencer Keith,482099,1,1,10
2010,Kentucky Wildcats,Mike Hartline,188612,0,1,18
2010,LSU Tigers,Jordan Jefferson,378564,1,1,17
2010,Liberty Flames,Mike Brown,237885,0,0,0
2010,Louisiana Monroe Warhawks,Kolton Browning,481248,0,0,0
2010,Louisiana Ragin' Cajuns,Chris Masson,237656,1,1,14
2010,Louisiana Tech Bulldogs,Ross Jenkins,191074,1,2,20
2010,Louisville Cardinals,Adam Froman,482903,1,1,7
2010,Maine Black Bears,Warren Smith,385531,1,1,1
2010,Marshall Thundering Herd,Brian Anderson,184187,1,1,23
2010,Maryland Terrapins,Danny O'Brien,480847,0,0,0
2010,Massachusetts Minutemen,Kyle Havens,483881,1,1,1
2010,McNeese State Cowboys,Cody Stroud,500095,0,0,0
2010,Memphis Tigers,Ryan Williams,509992,0,0,0
2010,Miami (OH) RedHawks,Zac Dysert,385212,1,1,9
2010,Miami Hurricanes,Jacory Harris,377700,1,1,24
2010,Michigan State Spartans,Kirk Cousins,238910,1,1,15
2010,Michigan Wolverines,Denard Robinson,480237,0,0,10
2010,Middle Tennessee Blue Raiders,Dwight Dasher,237244,1,2,30
2010,Minnesota Golden Gophers,Adam Weber,188157,1,3,38
2010,Mississippi State Bulldogs,Chris Relf,237175,0,0,10
2010,Missouri State Bears,Cody Kirby,233986,1,3,3
2010,Missouri Tigers,Blaine Gabbert,381364,1,1,16
2010,Montana State Bobcats,Denarius McGhee,487403,0,0,0
2010,Morgan State Bears,Donovan Dickerson,485124,0,0,0
2010,NC State Wolfpack,Russell Wilson,238093,1,2,23
2010,Navy Midshipmen,Ricky Dobbs,240655,1,1,17
2010,Nebraska Cornhuskers,Taylor Martinez,481547,0,0,0
2010,Nevada Wolf Pack,Colin Kaepernick,183575,1,3,35
2010,New Hampshire Wildcats,R.J. Toman,189783,1,2,2
2010,New Mexico Lobos,B.R. Holbrook,381195,0,0,4
2010,New Mexico State Aggies,Matt Christian,500844,0,0,0
2010,Nicholls State Colonels,LaQuintin Caston,480296,0,0,1
2010,Norfolk State Spartans,Chris Walley,498877,0,0,0
2010,North Carolina Tar Heels,T.J. Yates,183674,1,2,31
2010,North Dakota,Jake Landry,479204,1,1,1
2010,North Dakota State Bison,Jose Mohler,476731,0,0,0
2010,North Texas Mean Green,Riley Dodge,385052,1,1,11
2010,Northern Arizona Lumberjacks,Michael Herrick,191210,1,1,3
2010,Northern Colorado Bears,Dylan Orms,234897,0,0,1
2010,Northern Illinois Huskies,Chandler Harnish,237674,1,2,20
2010,Northern Iowa Panthers,Tirrell Rennie,499014,0,0,0
2010,Northwestern State Demons,Paul Harris,486854,0,0,1
2010,Northwestern Wildcats,Dan Persa,237001,0,0,3
2010,Notre Dame Fighting Irish,Dayne Crist,385324,0,0,4
2010,Ohio Bobcats,Boo Jackson,379032,1,1,12
2010,Ohio State Buckeyes,Terrelle Pryor,379070,1,2,26
2010,Oklahoma Sooners,Landry Jones,377845,1,1,12
2010,Oklahoma State Cowboys,Brandon Weeden,235677,0,0,4
2010,Ole Miss Rebels,Jeremiah Masoli,381755,0,2,24
2010,Oregon Ducks,Darron Thomas,378502,0,0,4
2010,Oregon State Beavers,Ryan Katz,378147,1,0,4
2010,Penn State Nittany Lions,Matthew McGloin,386880,0,0,1
2010,Pittsburgh Panthers,Tino Sunseri,382104,0,0,4
2010,Portland State Vikings,Connor Kavanaugh,234075,0,0,1
2010,Prairie View A&M Panthers,Andrew Mcglory`,493946,0,0,0
2010,Presbyterian College Blue Hose,Brandon Miley,234034,0,0,0
2010,Purdue Boilermakers,Rob Henry,482357,0,0,0
2010,Rhode Island Rams,Steve Probst,498566,0,0,0
2010,Rice Owls,Nick Fanuzzi,237197,1,1,10
2010,Richmond Spiders,Aaron Corp,236574,0,0,4
2010,Rutgers Scarlet Knights,Chas Dodd,503835,0,0,0
2010,SMU Mustangs,Kyle Padron,483247,1,0,7
2010,Sacramento State Hornets,McLeod Bethel-Thompson,477950,0,0,1
2010,Sam Houston State Bearkats,Bryan Randolph,380076,0,0,1
2010,Samford Bulldogs,Dustin Taliaferro,379467,1,2,2
2010,San Diego State Aztecs,Ryan Lindley,238239,1,2,22
2010,San Jose State Spartans,Jordan La Secla,195048,1,1,13
2010,South Carolina Gamecocks,Stephen Garcia,243503,1,1,21
2010,South Carolina State Bulldogs,Malcolm Long,239907,1,2,5
2010,South Dakota Coyotes,Dante Warren,234150,0,0,0
2010,South Dakota State Jackrabbits,Thomas O'Brien,479054,1,1,1
2010,South Florida Bulls,B.J. Daniels,382201,1,1,14
2010,Southeast Missouri State Redhawks,Matt Scheible,379454,1,1,2
2010,Southeastern Louisiana Lions,Tyler Beatty,189302,0,0,5
2010,Southern Illinois Salukis,Chris Dieker,187992,1,2,2
2010,Southern Mississippi Golden Eagles,Austin Davis,237729,1,1,17
2010,Southern Utah Thunderbirds,Brad Sorensen,501337,0,0,0
2010,Stanford Cardinal,Andrew Luck,380470,1,1,11
2010,Stephen F Austin Lumberjacks,Jeremy Moses,233840,1,2,2
2010,Stony Brook Seawolves,Michael Coulter,238896,0,0,0
2010,Syracuse Orange,Ryan Nassib,382584,0,0,8
2010,TCU Horned Frogs,Andy Dalton,183253,1,3,35
2010,Temple Owls,Mike Gerardi,378886,0,0,0
2010,Tennessee Tech Golden Eagles,Tre Lamb,477810,0,0,2
2010,Tennessee Volunteers,Tyler Bray,501546,0,0,0
2010,Tennessee-Martin Skyhawks,Derek Carr,477795,0,0,1
2010,Texas A&M Aggies,Jerrod Johnson,191668,1,2,26
2010,Texas Longhorns,Garrett Gilbert,480209,0,0,9
2010,Texas Southern Tigers,Arvell Nelson,188294,1,1,3
2010,Texas State Bobcats,Tyler Arndt,500310,0,0,0
2010,Texas Tech Red Raiders,Taylor Potts,185054,1,1,21
2010,The Citadel Bulldogs,Matthew Thompson,499749,0,0,0
2010,Toledo Rockets,Austin Dantin,481225,0,0,6
2010,Towson Tigers,Chris Hart,505725,0,0,0
2010,Troy Trojans,Corey Robinson,480981,0,0,0
2010,Tulane Green Wave,Ryan Griffin,383463,1,1,9
2010,Tulsa Golden Hurricane,G.J. Kinne,236717,1,1,12
2010,UAB Blazers,Bryan Ellis,237276,0,0,1
2010,UC Davis Aggies,Randy Wright,487067,0,0,0
2010,UCF Knights,Jeffrey Godfrey,503649,0,0,0
2010,UCLA Bruins,Richard Brehaut,480235,0,0,6
2010,UNLV Rebels,Omar Clayton,237933,1,2,26
2010,USC Trojans,Matt Barkley,480322,1,1,12
2010,UTEP Miners,Trevor Vittatoe,189709,1,3,26
2010,Utah State Aggies,Diondre Borel,238343,1,2,24
2010,Utah Utes,Jordan Wynn,482349,0,0,6
2010,VMI Keydets,Eric Kordenbrock,506765,0,0,0
2010,Vanderbilt Commodores,Larry Smith,236079,1,1,10
2010,Villanova Wildcats,Chris Whitney,234108,0,0,1
2010,Virginia Cavaliers,Marc Verica,183667,0,1,15
2010,Virginia Tech Hokies,Tyrod Taylor,236838,1,2,36
2010,Wake Forest Demon Deacons,Tanner Price,500554,0,0,0
2010,Washington Huskies,Jake Locker,184374,1,2,28
2010,Washington State Cougars,Jeff Tuel,482620,1,0,5
2010,Weber State Wildcats,Cameron Higgins,187103,1,3,4
2010,West Virginia Mountaineers,Geno Smith,488025,0,0,5
2010,Western Carolina Catamounts,Zack Jaynes,389233,0,0,1
2010,Western Illinois Leathernecks,Matt Barr,185345,1,3,3
2010,Western Kentucky Hilltoppers,Kawaun Jakes,382917,1,1,11
2010,Western Michigan Broncos,Alex Carder,383521,0,0,4
2010,William & Mary Tribe,Michael Paulus,498647,0,0,0
2010,Wisconsin Badgers,Scott Tolzien,188112,1,1,15
2010,Wofford Terriers,Mitch Allen,234576,1,1,2
2010,Wyoming Cowboys,Austyn Carta-Samuels,481988,1,1,13
2010,Youngstown State Penguins,Kurt Hess,485790,0,0,0
2011,Air Force Falcons,Tim Jefferson,386275,1,3,31
2011,Akron Zips,Clayton Moore,483081,0,0,0
2011,Alabama Crimson Tide,AJ McCarron,480215,0,0,8
2011,Alabama State Hornets,Devin Dominguez,239764,0,0,0
2011,Appalachian State Mountaineers,DeAndre Presley,381870,1,2,3
2011,Arizona State Sun Devils,Brock Osweiler,480396,0,0,10
2011,Arizona Wildcats,Nick Foles,238803,1,2,24
2011,Arkansas Razorbacks,Tyler Wilson,382642,0,0,11
2011,Arkansas State Red Wolves,Ryan Aplin,384784,1,1,17
2011,Army Black Knights,Trent Steelman,483302,1,2,24
2011,Auburn Tigers,Barrett Trotter,382672,0,0,4
2011,Austin Peay Governors,Jake Ryan,476845,1,1,2
2011,BYU Cougars,Jake Heaps,501563,1,1,13
2011,Ball State Cardinals,Keith Wenning,503695,1,1,11
2011,Baylor Bears,Robert Griffin III,378497,1,2,28
2011,Bethune-Cookman Wildcats,Jackie Wilson,506819,0,0,0
2011,Boise State Broncos,Kellen Moore,232560,1,3,40
2011,Boston College Eagles,Chase Rettig,501665,1,1,9
2011,Bowling Green Falcons,Matt Schilz,482947,1,1,9
2011,Buffalo Bulls,Chazz Anderson,232804,0,0,8
2011,Cal Poly Mustangs,Andre Broadous,379828,1,1,1
2011,California Golden Bears,Zach Maynard,384118,0,1,13
2011,Central Arkansas Bears,Nathan Dick,240644,0,0,5
2011,Central Michigan Chippewas,Ryan Radcliff,383499,1,1,15
2011,Charleston Southern Buccaneers,Malcolm Dixon,514427,0,0,0
2011,Chattanooga Mocs,B.J. Coleman,236000,1,2,3
2011,Cincinnati Bearcats,Zach Collaros,232807,1,1,19
2011,Clemson Tigers,Tajh Boyd,480221,0,0,6
2011,Coastal Carolina Chanticleers,Aramis Hillary,382766,0,0,1
2011,Colorado Buffaloes,Tyler Hansen,380345,1,1,20
2011,Colorado State Rams,Pete Thomas,501565,1,1,12
2011,Connecticut Huskies,Johnny McEntee,382317,0,0,0
2011,Delaware Blue Hens,Trevor Sasek,484528,0,0,0
2011,Duke Blue Devils,Sean Renfree,381689,1,1,17
2011,East Carolina Pirates,Dominique Davis,500941,1,1,13
2011,Eastern Illinois Panthers,Jimmy Garoppolo,499514,0,0,0
2011,Eastern Kentucky Colonels,Jared Mcclain,519443,0,0,0
2011,Eastern Michigan Eagles,Alex Gillett,482077,1,2,19
2011,Eastern Washington Eagles,Bo Levi Mitchell,511732,0,0,0
2011,Elon Phoenix,Thomas Wilson,480271,0,0,0
2011,Florida A&M Rattlers,Austin Trainor,488424,0,0,0
2011,Florida Atlantic Owls,Graham Wilbert,384831,0,0,2
2011,Florida Gators,John Brantley,235158,1,1,26
2011,Florida Intl Golden Panthers,Wesley Carroll,237155,1,2,28
2011,Florida State Seminoles,EJ Manuel,380849,0,0,12
2011,Fordham Rams,Peter Maetzold,513811,0,0,0
2011,Fresno State Bulldogs,Derek Carr,484080,0,0,4
2011,Furman Paladins,Chris Forcier,235906,0,0,6
2011,Gardner-Webb Bulldogs,Chandler Browning,484322,1,1,1
2011,Georgia Bulldogs,Aaron Murray,480210,1,1,13
2011,Georgia Southern Eagles,Jaybo Shaw,505852,1,1,1
2011,Georgia State Panthers,Drew Little,501395,1,1,1
2011,Georgia Tech Yellow Jackets,Tevin Washington,377759,0,0,8
2011,Grambling State Tigers,D.J. Williams,518420,0,0,0
2011,Hawai'i Rainbow Warriors,Bryant Moniz,480919,1,2,23
2011,Houston Cougars,Case Keenum,191981,1,3,34
2011,Howard Bison,Greg McGhee,519005,0,0,0
2011,Idaho State Bengals,Kevin Yost,513906,0,0,0
2011,Idaho Vandals,Brian Reader,246122,0,0,13
2011,Illinois Fighting Illini,Nathan Scheelhaase,480413,1,1,13
2011,Indiana Hoosiers,Edward Wright-Baker,480844,0,0,5
2011,Indiana State Sycamores,Ronnie Fouch,498942,1,1,1
2011,Iowa Hawkeyes,James Vandenberg,381738,0,0,7
2011,Iowa State Cyclones,Steele Jantz,383008,0,0,0
2011,Jacksonville State Gamecocks,Coty Blanchard,504370,0,0,1
2011,James Madison Dukes,Justin Thorpe,478957,0,0,1
2011,Kansas Jayhawks,Jordan Webb,480812,1,1,9
2011,Kansas State Wildcats,Collin Klein,381823,0,0,8
2011,Kent State Golden Flashes,Spencer Keith,482099,1,2,21
2011,Kentucky Wildcats,Morgan Newton,480265,0,1,12
2011,LSU Tigers,Jarrett Lee,232417,0,1,27
2011,Liberty Flames,Mike Brown,237885,1,1,1
2011,Louisiana Monroe Warhawks,Kolton Browning,481248,1,1,11
2011,Louisiana Ragin' Cajuns,Blaine Gautier,384890,0,0,8
2011,Louisiana Tech Bulldogs,Nick Isham,512769,0,0,0
2011,Louisville Cardinals,Teddy Bridgewater,511614,0,0,0
2011,Maine Black Bears,Warren Smith,385531,1,2,2
2011,Marshall Thundering Herd,Rakeem Cato,518267,0,0,0
2011,Maryland Terrapins,Danny O'Brien,480847,1,1,12
2011,Massachusetts Minutemen,Kellen Pagel,487558,0,0,1
2011,McNeese State Cowboys,Cody Stroud,500095,1,1,1
2011,Memphis Tigers,Taylor Reed,515483,0,0,0
2011,Miami (OH) RedHawks,Zac Dysert,385212,1,2,19
2011,Miami Hurricanes,Jacory Harris,377700,1,2,34
2011,Michigan State Spartans,Kirk Cousins,238910,1,2,28
2011,Michigan Wolverines,Denard Robinson,480237,1,1,23
2011,Middle Tennessee Blue Raiders,Logan Kilgore,501571,1,0,2
2011,Minnesota Golden Gophers,Marqueis Gray,381929,0,0,9
2011,Mississippi State Bulldogs,Chris Relf,237175,1,1,23
2011,Missouri State Bears,Kierra Harris,517095,0,0,0
2011,Missouri Tigers,James Franklin,501816,0,0,2
2011,Montana State Bobcats,DeNarius McGhee,487403,1,1,1
2011,Morgan State Bears,Robert Council,498831,0,0,0
2011,Murray State Racers,Casey Brockman,485606,0,0,0
2011,NC State Wolfpack,Mike Glennon,381967,0,0,10
2011,Navy Midshipmen,Kriss Proctor,386176,0,0,3
2011,Nebraska Cornhuskers,Taylor Martinez,481547,1,1,12
2011,Nevada Wolf Pack,Cody Fajardo,501241,0,0,0
2011,New Hampshire Wildcats,Kevin Decker,234281,0,0,1
2011,New Mexico Lobos,B.R. Holbrook,381195,1,1,11
2011,New Mexico State Aggies,Matt Christian,500844,1,1,6
2011,Nicholls State Colonels,LaQuintin Caston,480296,1,1,3
2011,Norfolk State Spartans,Chris Walley,498877,1,1,1
2011,North Carolina Central Eagles,Michael Johnson,386468,0,1,1
2011,North Carolina Tar Heels,Bryn Renner,480234,0,0,1
2011,North Dakota,Joey Bradley,515273,0,0,0
2011,North Dakota State Bison,Brock Jensen,485635,0,0,0
2011,North Texas Mean Green,Derek Thompson,481027,0,0,4
2011,Northern Arizona Lumberjacks,Cary Grossart,477886,0,0,0
2011,Northern Colorado Bears,Matt Baca,477895,0,0,0
2011,Northern Illinois Huskies,Chandler Harnish,237674,1,3,33
2011,Northern Iowa Panthers,Tirrell Rennie,499014,1,1,1
2011,Northwestern State Demons,Brad Henderson,511138,0,0,0
2011,Northwestern Wildcats,Dan Persa,237001,1,1,11
2011,Notre Dame Fighting Irish,Tommy Rees,500923,0,0,7
2011,Ohio Bobcats,Tyler Tettleton,489481,0,0,4
2011,Ohio State Buckeyes,Braxton Miller,512838,0,0,0
2011,Oklahoma Sooners,Landry Jones,377845,1,2,26
2011,Oklahoma State Cowboys,Brandon Weeden,235677,1,1,17
2011,Ole Miss Rebels,Randall Mackey,504224,0,0,0
2011,Oregon Ducks,Darron Thomas,378502,1,1,17
2011,Oregon State Beavers,Sean Mannion,504786,0,0,0
2011,Penn State Nittany Lions,Matthew McGloin,386880,1,1,8
2011,Pittsburgh Panthers,Tino Sunseri,382104,1,1,17
2011,Portland State Vikings,Connor Kavanaugh,234075,1,1,3
2011,Presbyterian College Blue Hose,Ryan Singer,498436,0,0,0
2011,Purdue Boilermakers,Caleb TerBush,382027,0,0,1
2011,Rhode Island Rams,Steve Probst,498566,1,1,1
2011,Rice Owls,Taylor McHargue,482478,1,0,4
2011,Richmond Spiders,Aaron Corp,236574,1,1,5
2011,Rutgers Scarlet Knights,Chas Dodd,503835,1,1,11
2011,SMU Mustangs,J.J. McDermott,238790,0,0,9
2011,Sacramento State Hornets,Jeff Fleming,480613,0,1,10
2011,Sam Houston State Bearkats,Brian Bell,500163,0,0,0
2011,Samford Bulldogs,Dustin Taliaferro,379467,1,3,3
2011,San Diego State Aztecs,Ryan Lindley,238239,1,3,35
2011,San Jose State Spartans,Matt Faulkner,240739,0,0,9
2011,South Alabama Jaguars,C.J. Bennett,508164,0,0,0
2011,South Carolina Gamecocks,Connor Shaw,504292,0,0,6
2011,South Carolina State Bulldogs,Derrick Wiley,476666,0,0,1
2011,South Dakota Coyotes,Dante Warren,234150,1,1,2
2011,South Dakota State Jackrabbits,Thomas O'Brien,479054,1,2,2
2011,South Florida Bulls,B.J. Daniels,382201,1,2,26
2011,Southeast Missouri State Redhawks,Matt Scheible,379454,1,2,3
2011,Southeastern Louisiana Lions,Brian Young,478474,0,0,0
2011,Southern Illinois Salukis,Paul McIntosh,485736,0,0,1
2011,Southern Mississippi Golden Eagles,Austin Davis,237729,1,2,29
2011,Southern Utah Thunderbirds,Brad Sorensen,501337,1,1,2
2011,Stanford Cardinal,Andrew Luck,380470,1,2,24
2011,Stephen F Austin Lumberjacks,Brady Attaway,486741,0,0,1
2011,Stony Brook Seawolves,Michael Coulter,238896,1,1,1
2011,Syracuse Orange,Ryan Nassib,382584,1,1,20
2011,TCU Horned Frogs,Casey Pachall,481287,0,0,3
2011,Temple Owls,Chester Stewart,236523,1,0,17
2011,Tennessee State Tigers,Michael German,506849,0,0,0
2011,Tennessee Tech Golden Eagles,Tre Lamb,477810,1,1,4
2011,Tennessee Volunteers,Tyler Bray,501546,0,1,9
2011,Tennessee-Martin Skyhawks,Derek Carr,477795,1,1,2
2011,Texas A&M Aggies,Ryan Tannehill,232059,0,0,12
2011,Texas Longhorns,David Ash,511262,0,0,0
2011,Texas State Bobcats,Tyler Arndt,500310,1,1,1
2011,Texas Tech Red Raiders,Seth Doege,377942,0,0,4
2011,The Citadel Bulldogs,Ben Dupree,499733,0,0,0
2011,Toledo Rockets,Terrance Owens,481228,0,0,7
2011,Towson Tigers,Peter Athens,484681,0,1,1
2011,Troy Trojans,Corey Robinson,480981,1,1,11
2011,Tulane Green Wave,Ryan Griffin,383463,1,2,20
2011,Tulsa Golden Hurricane,G.J. Kinne,236717,1,2,25
2011,UAB Blazers,Jonathan Perry,484019,0,0,0
2011,UC Davis Aggies,Randy Wright,487067,1,1,2
2011,UCF Knights,Jeff Godfrey,503649,1,1,13
2011,UCLA Bruins,Kevin Prince,380716,1,1,16
2011,UNLV Rebels,Caleb Herring,481338,0,0,8
2011,USC Trojans,Matt Barkley,480322,1,2,24
2011,UTEP Miners,Nick Lamaison,511557,0,0,0
2011,Utah State Aggies,Chuckie Keeton,512806,0,0,0
2011,Utah Utes,Jon Hays,516270,0,0,0
2011,VMI Keydets,Eric Kordenbrock,506765,1,1,2
2011,Vanderbilt Commodores,Jordan Rodgers,500561,0,0,0
2011,Villanova Wildcats,Dustin Thomas,498623,0,0,0
2011,Virginia Cavaliers,Michael Rocco,501176,0,0,6
2011,Virginia Tech Hokies,Logan Thomas,480239,0,0,5
2011,Wake Forest Demon Deacons,Tanner Price,500554,1,1,11
2011,Washington Huskies,Keith Price,482599,0,0,5
2011,Washington State Cougars,Marshall Lobbestael,236759,0,1,16
2011,Weber State Wildcats,Mike Hoke,477335,0,0,1
2011,West Virginia Mountaineers,Geno Smith,488025,1,1,18
2011,Western Carolina Catamounts,Brandon Pechloff,502008,0,0,0
2011,Western Illinois Leathernecks,Josh Hudson,516120,0,0,0
2011,Western Kentucky Hilltoppers,Kawaun Jakes,382917,1,2,21
2011,Western Michigan Broncos,Alex Carder,383521,1,1,16
2011,William & Mary Tribe,Michael Paulus,498647,1,1,1
2011,Wisconsin Badgers,Russell Wilson,238093,0,3,36
2011,Wofford Terriers,Mitch Allen,234576,1,2,3
2011,Wyoming Cowboys,Brett Smith,516959,0,0,0
2011,Youngstown State Penguins,Kurt Hess,485790,1,1,1
2012,Air Force Falcons,Connor Dietz,487624,0,0,11
2012,Akron Zips,Dalton Williams,384895,0,0,2
2012,Alabama A&M Bulldogs,Deaunte Mason,487089,0,0,0
2012,Alabama Crimson Tide,AJ McCarron,480215,1,1,20
2012,Alcorn State Braves,John Gibbs,539240,0,0,0
2012,Appalachian State Mountaineers,Jamal Jackson,486056,0,0,2
2012,Arizona State Sun Devils,Taylor Kelly,504700,0,0,1
2012,Arizona Wildcats,Matt Scott,378126,0,0,13
2012,Arkansas Razorbacks,Tyler Wilson,382642,1,1,24
2012,Arkansas State Red Wolves,Ryan Aplin,384784,1,2,29
2012,Army Black Knights,Trent Steelman,483302,1,3,32
2012,Auburn Tigers,Kiehl Frazier,515946,0,0,6
2012,Austin Peay Governors,Jake Ryan,476845,1,2,3
2012,BYU Cougars,Riley Nelson,487650,0,0,17
2012,Ball State Cardinals,Keith Wenning,503695,1,2,22
2012,Baylor Bears,Nick Florence,379895,0,1,14
2012,Bethune-Cookman Wildcats,Jackie Wilson,506819,1,1,1
2012,Boise State Broncos,Joe Southwick,483461,0,0,12
2012,Boston College Eagles,Chase Rettig,501665,1,2,21
2012,Bowling Green Falcons,Matt Schilz,482947,1,2,21
2012,Buffalo Bulls,Alex Zordich,503736,0,0,9
2012,Cal Poly Mustangs,Andre Broadous,379828,1,2,3
2012,California Golden Bears,Zach Maynard,384118,1,2,26
2012,Central Arkansas Bears,Wynrick Smothers,486614,0,1,2
2012,Central Michigan Chippewas,Ryan Radcliff,383499,1,2,27
2012,Charleston Southern Buccaneers,Derek Hatcher,498337,0,0,0
2012,Chattanooga Mocs,Jacob Huesman,512913,0,0,0
2012,Cincinnati Bearcats,Munchie Legaux,502335,0,0,6
2012,Clemson Tigers,Tajh Boyd,480221,1,1,20
2012,Coastal Carolina Chanticleers,Aramis Hillary,382766,1,1,2
2012,Colorado Buffaloes,Jordan Webb,480812,0,2,21
2012,Colorado State Rams,Conner Smith,515546,0,0,0
2012,Connecticut Huskies,Chandler Whitmer,533264,0,0,0
2012,Delaware State Hornets,Nick Elko,380943,0,1,1
2012,Duke Blue Devils,Sean Renfree,381689,1,2,29
2012,East Carolina Pirates,Shane Carden,500938,0,0,0
2012,Eastern Illinois Panthers,Jimmy Garoppolo,499514,1,1,1
2012,Eastern Kentucky Colonels,Jared McClain,519443,1,1,1
2012,Eastern Michigan Eagles,Tyler Benz,504525,0,0,2
2012,Eastern Washington Eagles,Kyle Padron,483247,0,1,24
2012,Elon Phoenix,Thomas Wilson,480271,1,1,1
2012,Florida A&M Rattlers,Damien Fleming,519942,0,0,1
2012,Florida Atlantic Owls,Graham Wilbert,384831,1,1,12
2012,Florida Gators,Jeff Driskel,511889,0,0,5
2012,Florida Intl Golden Panthers,Jake Medlock,505663,0,0,5
2012,Florida State Seminoles,EJ Manuel,380849,1,1,24
2012,Fordham Rams,Ryan Higgins,484212,0,0,1
2012,Fresno State Bulldogs,Derek Carr,484080,1,1,17
2012,Furman Paladins,Reese Hannon,533146,0,0,0
2012,Gardner-Webb Bulldogs,Lucas Beatty,502467,0,0,1
2012,Georgia Bulldogs,Aaron Murray,480210,1,2,27
2012,Georgia Southern Eagles,Jerick McKinnon,505844,0,0,0
2012,Georgia State Panthers,Ben McLane,513860,0,0,0
2012,Georgia Tech Yellow Jackets,Tevin Washington,377759,1,1,21
2012,Grambling State Tigers,D.J. Williams,518420,1,1,1
2012,Hawai'i Rainbow Warriors,Sean Schroeder,482756,0,0,0
2012,Houston Cougars,David Piland,503173,0,1,8
2012,Howard Bison,Jamie Cunningham,536805,0,0,0
2012,Idaho State Bengals,Kevin Yost,513906,1,1,2
2012,Idaho Vandals,Dominique Blackman,501435,0,0,0
2012,Illinois Fighting Illini,Nathan Scheelhaase,480413,1,2,26
2012,Illinois State Redbirds,Matt Brown,476691,0,1,1
2012,Indiana Hoosiers,Cameron Coffman,530691,0,0,0
2012,Indiana State Sycamores,Mike Perish,500445,0,0,1
2012,Iowa Hawkeyes,James Vandenberg,381738,1,1,20
2012,Iowa State Cyclones,Steele Jantz,383008,1,1,8
2012,Jackson State Tigers,Dedric McDonald,476479,0,0,1
2012,Jacksonville State Gamecocks,Marques Ivory,382477,0,2,2
2012,James Madison Dukes,Justin Thorpe,478957,1,1,2
2012,Kansas Jayhawks,Dayne Crist,385324,0,1,16
2012,Kansas State Wildcats,Collin Klein,381823,1,1,21
2012,Kent State Golden Flashes,Spencer Keith,482099,1,3,32
2012,Kentucky Wildcats,Jalen Whitlow,530943,0,0,0
2012,LSU Tigers,Zach Mettenberger,480251,0,0,1
2012,Louisiana Monroe Warhawks,Kolton Browning,481248,1,2,22
2012,Louisiana Ragin' Cajuns,Terrance Broadway,503922,0,0,4
2012,Louisiana Tech Bulldogs,Colby Cameron,385667,0,0,14
2012,Louisville Cardinals,Teddy Bridgewater,511614,1,1,13
2012,Maine Black Bears,Marcus Wasilewski,483845,0,0,0
2012,Marshall Thundering Herd,Rakeem Cato,518267,1,1,12
2012,Maryland Terrapins,Perry Hills,534317,0,0,0
2012,Massachusetts Minutemen,Mike Wegzyn,521269,0,0,0
2012,McNeese State Cowboys,Cody Stroud,500095,1,2,2
2012,Memphis Tigers,Jacob Karam,481854,0,0,6
2012,Miami (OH) RedHawks,Zac Dysert,385212,1,3,31
2012,Miami Hurricanes,Stephen Morris,501142,1,0,11
2012,Michigan State Spartans,Andrew Maxwell,481710,0,0,9
2012,Michigan Wolverines,Denard Robinson,480237,1,2,35
2012,Middle Tennessee Blue Raiders,Logan Kilgore,501571,1,1,11
2012,Minnesota Golden Gophers,Philip Nelson,530738,0,0,0
2012,Mississippi State Bulldogs,Tyler Russell,483147,0,0,15
2012,Missouri State Bears,Ashton Glaser,481524,0,0,0
2012,Missouri Tigers,James Franklin,501816,1,1,15
2012,Morgan State Bears,Robert Council,498831,1,1,1
2012,Murray State Racers,Casey Brockman,485606,1,1,1
2012,NC State Wolfpack,Mike Glennon,381967,1,1,23
2012,Navy Midshipmen,Keenan Reynolds,530568,0,0,0
2012,Nebraska Cornhuskers,Taylor Martinez,481547,1,2,25
2012,Nevada Wolf Pack,Cody Fajardo,501241,1,1,10
2012,New Hampshire Wildcats,Andy Vailas,498533,0,0,1
2012,New Mexico Lobos,B.R. Holbrook,381195,1,2,22
2012,New Mexico State Aggies,Andrew Manley,500846,1,0,8
2012,Nicholls State Colonels,Landry Klann,505481,0,0,2
2012,Norfolk State Spartans,Nico Flores,488081,0,0,2
2012,North Carolina Central Eagles,Jordan Reid,487433,0,0,0
2012,North Carolina Tar Heels,Bryn Renner,480234,1,1,14
2012,North Dakota,Marcus Hendrickson,479198,0,0,0
2012,North Texas Mean Green,Derek Thompson,481027,1,1,15
2012,Northern Arizona Lumberjacks,Chase Cartwright,498136,0,0,0
2012,Northern Colorado Bears,Seth Lobato,498172,0,0,1
2012,Northern Illinois Huskies,Jordan Lynch,482142,0,0,9
2012,Northern Iowa Panthers,Sawyer Kollmorgen,515648,0,0,0
2012,Northwestern State Demons,Brad Henderson,511138,1,1,2
2012,Northwestern Wildcats,Trevor Siemian,500419,0,0,6
2012,Notre Dame Fighting Irish,Everett Golson,515409,0,0,0
2012,Ohio Bobcats,Tyler Tettleton,489481,1,1,18
2012,Ohio State Buckeyes,Braxton Miller,512838,1,1,12
2012,Oklahoma Sooners,Landry Jones,377845,1,3,39
2012,Oklahoma State Cowboys,Clint Chelf,481725,0,0,6
2012,Ole Miss Rebels,Bo Wallace,500990,0,0,0
2012,Oregon Ducks,Marcus Mariota,511459,0,0,0
2012,Oregon State Beavers,Sean Mannion,504786,1,1,12
2012,Penn State Nittany Lions,Matthew McGloin,386880,1,2,20
2012,Pittsburgh Panthers,Tino Sunseri,382104,1,2,30
2012,Portland State Vikings,Kieran McDonagh,529363,0,0,0
2012,Presbyterian College Blue Hose,Tamyn Garrick,514078,0,0,0
2012,Purdue Boilermakers,Robert Marve,236058,0,1,23
2012,Rhode Island Rams,Bob Bentsen,538161,0,0,0
2012,Rice Owls,Taylor McHargue,482478,1,1,12
2012,Richmond Spiders,John Laub,478111,0,0,1
2012,Rutgers Scarlet Knights,Gary Nova,518344,0,0,10
2012,SMU Mustangs,Garrett Gilbert,480209,0,1,23
2012,Sacramento State Hornets,Garrett Safron,498266,0,0,0
2012,Sam Houston State Bearkats,Brian Bell,500163,1,1,1
2012,Samford Bulldogs,Andy Summerlin,503380,0,0,5
2012,San Diego State Aztecs,Ryan Katz,378147,0,1,18
2012,San Jose State Spartans,David Fales,480550,0,0,0
2012,Savannah State Tigers,Antonio Bostick,502175,0,0,0
2012,South Alabama Jaguars,Ross Metheny,481587,0,0,5
2012,South Carolina Gamecocks,Connor Shaw,504292,1,1,16
2012,South Carolina State Bulldogs,Richard Cue,487587,0,0,0
2012,South Dakota Coyotes,Josh Vander Maten,500769,0,0,1
2012,South Dakota State Jackrabbits,Austin Sumner,506664,0,0,1
2012,South Florida Bulls,B.J. Daniels,382201,1,3,37
2012,Southeast Missouri State Redhawks,Scott Lathrop,518956,0,0,0
2012,Southeastern Louisiana Lions,Nathan Stanley,382725,0,0,10
2012,Southern Illinois Salukis,Kory Faulkner,485728,0,0,0
2012,Southern Mississippi Golden Eagles,Anthony Alford,531770,0,0,0
2012,Southern Utah Thunderbirds,Brad Sorensen,501337,1,2,3
2012,Stanford Cardinal,Josh Nunes,480259,0,0,2
2012,Stephen F Austin Lumberjacks,Brady Attaway,486741,1,1,2
2012,Stony Brook Seawolves,Kyle Essington,498444,0,0,2
2012,Syracuse Orange,Ryan Nassib,382584,1,2,32
2012,TCU Horned Frogs,Trevone Boykin,517127,0,0,0
2012,Temple Owls,Chris Coyer,482161,0,0,6
2012,Tennessee Tech Golden Eagles,Tre Lamb,477810,1,2,5
2012,Tennessee Volunteers,Tyler Bray,501546,1,2,15
2012,Tennessee-Martin Skyhawks,Derek Carr,477795,1,2,3
2012,Texas A&M Aggies,Johnny Manziel,517475,0,0,0
2012,Texas Longhorns,David Ash,511262,1,1,12
2012,Texas Southern Tigers,Dantavious Parker,480988,0,0,6
2012,Texas State Bobcats,Shaun Rutherford,512866,1,0,2
2012,Texas Tech Red Raiders,Seth Doege,377942,1,1,16
2012,The Citadel Bulldogs,Aaron Miller,515435,0,0,1
2012,Toledo Rockets,Terrance Owens,481228,0,1,18
2012,Towson Tigers,Grant Enders,519428,0,0,0
2012,Troy Trojans,Corey Robinson,480981,1,2,21
2012,Tulane Green Wave,Ryan Griffin,383463,1,3,33
2012,Tulsa Golden Hurricane,Cody Green,481555,0,0,16
2012,UAB Blazers,Austin Brown,518239,0,0,0
2012,UC Davis Aggies,Randy Wright,487067,1,2,4
2012,UCF Knights,Blake Bortles,505719,1,0,8
2012,UCLA Bruins,Brett Hundley,511982,0,0,0
2012,UNLV Rebels,Nick Sherry,517186,0,0,0
2012,USC Trojans,Matt Barkley,480322,1,3,36
2012,UT San Antonio Roadrunners,Eric Soza,486785,0,0,0
2012,UTEP Miners,Nick Lamaison,511557,1,1,9
2012,Utah State Aggies,Chuckie Keeton,512806,1,1,8
2012,Utah Utes,Travis Wilson,531051,0,0,0
2012,VMI Keydets,Eric Kordenbrock,506765,1,2,3
2012,Vanderbilt Commodores,Jordan Rodgers,500561,1,1,13
2012,Villanova Wildcats,John Robertson,513877,0,0,0
2012,Virginia Cavaliers,Michael Rocco,501176,1,1,19
2012,Virginia Tech Hokies,Logan Thomas,480239,1,1,19
2012,Wagner Seahawks,Nick Doscher,485303,0,0,0
2012,Wake Forest Demon Deacons,Tanner Price,500554,1,2,24
2012,Washington Huskies,Keith Price,482599,1,1,18
2012,Washington State Cougars,Jeff Tuel,482620,0,1,20
2012,Weber State Wildcats,Mike Hoke,477335,1,1,3
2012,West Virginia Mountaineers,Geno Smith,488025,1,2,31
2012,Western Carolina Catamounts,Eddie Sullivan,503285,0,0,5
2012,Western Illinois Leathernecks,Josh Hudson,516120,1,1,1
2012,Western Kentucky Hilltoppers,Kawaun Jakes,382917,1,3,33
2012,Western Michigan Broncos,Alex Carder,383521,1,2,27
2012,William & Mary Tribe,Raphael Ortiz,498646,0,0,0
2012,Wisconsin Badgers,Joel Stave,514230,0,0,0
2012,Wofford Terriers,James Lawson,499960,0,0,0
2012,Wyoming Cowboys,Brett Smith,516959,1,1,13
2012,Youngstown State Penguins,Kurt Hess,485790,1,2,2
2013,Abilene Christian Wildcats,John David Baker,551396,0,0,0
2013,Air Force Falcons,Nate Romine,554528,0,0,0
2013,Akron Zips,Kyle Pohl,514617,0,0,4
2013,Alabama A&M Bulldogs,Jaymason Lee,555166,0,0,0
2013,Alabama Crimson Tide,AJ McCarron,480215,1,2,34
2013,Alabama State Hornets,Daniel Duhart,519112,0,0,0
2013,Albany Great Danes,Will Fiacchi,499123,0,0,0
2013,Alcorn State Braves,J. Gibbs Jr.,539240,1,1,1
2013,Appalachian State Mountaineers,Kameron Bryant,512882,0,0,0
2013,Arizona State Sun Devils,Taylor Kelly,504700,1,1,14
2013,Arizona Wildcats,B.J. Denker,530824,0,0,4
2013,Arkansas Razorbacks,Brandon Allen,515915,0,0,5
2013,Arkansas State Red Wolves,Adam Kennedy,516958,0,0,8
2013,Arkansas-Pine Bluff Golden Lions,Benjamin Anderson,508835,0,0,0
2013,Army Black Knights,Angel Santiago,515360,0,0,5
2013,Auburn Tigers,Nick Marshall,550021,0,0,0
2013,Austin Peay Governors,Andrew Spivey,552237,0,0,0
2013,BYU Cougars,Taysom Hill,482594,0,0,5
2013,Ball State Cardinals,Keith Wenning,503695,1,3,34
2013,Baylor Bears,Bryce Petty,480746,0,0,5
2013,Bethune-Cookman Wildcats,Quentin Williams,521060,0,0,1
2013,Boise State Broncos,Grant Hedrick,504908,0,0,8
2013,Boston College Eagles,Chase Rettig,501665,1,3,33
2013,Bowling Green Falcons,Matt Johnson,513573,0,0,4
2013,Buffalo Bulls,Joe Licata,513614,0,0,8
2013,Cal Poly Mustangs,Chris Brown,515084,0,0,0
2013,California Golden Bears,Jared Goff,547401,0,0,0
2013,Campbell Camels,Brian Hudson,486996,0,0,0
2013,Central Arkansas Bears,Wynrick Smothers,486614,1,2,3
2013,Central Michigan Chippewas,Cooper Rush,531455,0,0,0
2013,Charleston Southern Buccaneers,Kyle Copeland,556261,0,0,0
2013,Chattanooga Mocs,Terrell Robinson,499721,0,0,1
2013,Cincinnati Bearcats,Brendon Kay,377963,1,0,11
2013,Clemson Tigers,Tajh Boyd,480221,1,2,33
2013,Coastal Carolina Chanticleers,Alex Ross,514045,0,0,0
2013,Colgate Raiders,Gavin McCarney,499343,0,0,0
2013,Colorado Buffaloes,Sefo Liufau,550278,0,0,0
2013,Colorado State Rams,Garrett Grayson,515528,1,0,9
2013,Connecticut Huskies,Casey Cochran,533235,0,0,0
2013,Delaware Blue Hens,Trent Hurley,503697,0,0,3
2013,Duke Blue Devils,Anthony Boone,501046,0,0,17
2013,East Carolina Pirates,Shane Carden,500938,1,1,11
2013,Eastern Illinois Panthers,Jimmy Garoppolo,499514,1,2,2
2013,Eastern Kentucky Colonels,Jared McClain,519443,1,2,2
2013,Eastern Michigan Eagles,Tyler Benz,504525,1,1,12
2013,Eastern Washington Eagles,Vernon Adams,511713,0,0,0
2013,Elon Phoenix,Mike Quinn,499869,0,0,1
2013,Florida A&M Rattlers,Damien Fleming,519942,1,1,2
2013,Florida Atlantic Owls,Jaquez Johnson,550876,0,0,0
2013,Florida Gators,Tyler Murphy,503970,0,0,0
2013,Florida Intl Golden Panthers,Jake Medlock,505663,1,1,14
2013,Florida State Seminoles,Jameis Winston,530308,0,0,0
2013,Fordham Rams,Michael Nebrich,512108,0,0,4
2013,Fresno State Bulldogs,Derek Carr,484080,1,2,30
2013,Furman Paladins,Reese Hannon,533146,1,1,1
2013,Gardner-Webb Bulldogs,Lucas Beatty,502467,1,1,2
2013,Georgia Bulldogs,Aaron Murray,480210,1,3,41
2013,Georgia Southern Eagles,Kevin Ellison,532925,0,0,0
2013,Georgia State Panthers,Ronnie Bell,513425,0,0,1
2013,Georgia Tech Yellow Jackets,Vad Lee,517034,0,0,11
2013,Grambling State Tigers,D.J. Williams,518420,1,2,2
2013,Hawai'i Rainbow Warriors,Sean Schroeder,482756,1,1,12
2013,Houston Cougars,John O'Korn,545550,0,0,0
2013,Howard Bison,Greg McGhee,519005,0,1,1
2013,Idaho State Bengals,Justin Arias,519384,0,0,2
2013,Idaho Vandals,Taylor Davis,487745,0,0,11
2013,Illinois Fighting Illini,Nathan Scheelhaase,480413,1,3,36
2013,Illinois State Redbirds,Jared Barnett,502053,0,0,14
2013,Indiana Hoosiers,Nate Sudfeld,535825,0,0,7
2013,Indiana State Sycamores,Mike Perish,500445,1,1,2
2013,Iowa Hawkeyes,Jake Rudock,518380,0,0,0
2013,Iowa State Cyclones,Sam B. Richardson,511969,0,0,3
2013,Jackson State Tigers,LaMontiez Ivy,537551,0,0,0
2013,Jacksonville State Gamecocks,Max Shortell,514502,0,0,13
2013,James Madison Dukes,Michael Birdsong,533604,0,0,1
2013,Kansas Jayhawks,Jake Heaps,501563,0,2,22
2013,Kansas State Wildcats,Jake Waters,550158,0,0,0
2013,Kent State Golden Flashes,Colin Reardon,531864,0,0,0
2013,Kentucky Wildcats,Maxwell Smith,517427,1,0,11
2013,LSU Tigers,Zach Mettenberger,480251,1,1,14
2013,Lamar Cardinals,Caleb Berry,499979,0,0,0
2013,Liberty Flames,Josh Woodrum,514651,0,0,0
2013,Louisiana Monroe Warhawks,Kolton Browning,481248,1,3,33
2013,Louisiana Ragin' Cajuns,Terrance Broadway,503922,1,1,16
2013,Louisiana Tech Bulldogs,Ryan Higgins,531316,0,0,0
2013,Louisville Cardinals,Teddy Bridgewater,511614,1,2,26
2013,Maine Black Bears,Marcus Wasilewski,483845,1,1,1
2013,Marshall Thundering Herd,Rakeem Cato,518267,1,2,24
2013,Maryland Terrapins,C.J. Brown,480846,0,0,11
2013,Massachusetts Minutemen,A.J. Doyle,537066,0,0,8
2013,McNeese State Cowboys,Cody Stroud,500095,1,3,4
2013,Memphis Tigers,Paxton Lynch,534849,0,0,0
2013,Miami (OH) RedHawks,Austin Boucher,483985,0,0,13
2013,Miami Hurricanes,Stephen Morris,501142,1,1,23
2013,Michigan State Spartans,Connor Cook,512705,0,0,2
2013,Michigan Wolverines,Devin Gardner,501543,0,0,13
2013,Middle Tennessee Blue Raiders,Logan Kilgore,501571,1,2,23
2013,Minnesota Golden Gophers,Philip Nelson,530738,1,1,7
2013,Mississippi State Bulldogs,Dak Prescott,512030,0,0,9
2013,Missouri State Bears,Kierra Harris,517095,0,1,4
2013,Missouri Tigers,James Franklin,501816,1,2,24
2013,Montana State Bobcats,DeNarius McGhee,487403,0,2,2
2013,Morgan State Bears,Seth Higgins,521227,0,0,2
2013,Murray State Racers,Maikhai Miller,531401,0,0,0
2013,NC State Wolfpack,Pete Thomas,501565,0,2,21
2013,Navy Midshipmen,Keenan Reynolds,530568,1,1,12
2013,Nebraska Cornhuskers,Ron Kellogg III,481553,0,0,2
2013,Nevada Wolf Pack,Cody Fajardo,501241,1,2,22
2013,New Hampshire Wildcats,Andy Vailas,498533,1,1,2
2013,New Mexico Lobos,Clayton Mitchem,546483,0,0,0
2013,New Mexico State Aggies,Andrew McDonald,531276,0,0,1
2013,Nicholls State Colonels,Kalen Henderson,500514,0,0,9
2013,Norfolk State Spartans,Tyler Clark,520494,0,0,0
2013,North Carolina Central Eagles,Jordan Reid,487433,1,1,1
2013,North Carolina Tar Heels,Bryn Renner,480234,1,2,26
2013,North Dakota State Bison,Brock Jensen,485635,0,1,1
2013,North Texas Mean Green,Derek Thompson,481027,1,2,27
2013,Northern Arizona Lumberjacks,Kyren Poe,515301,0,0,0
2013,Northern Colorado Bears,Tim Tancik,484783,0,0,0
2013,Northern Illinois Huskies,Jordan Lynch,482142,1,1,22
2013,Northern Iowa Panthers,Sawyer Kollmorgen,515648,1,1,2
2013,Northwestern State Demons,Zach Adkins,549719,0,0,0
2013,Northwestern Wildcats,Trevor Siemian,500419,0,1,19
2013,Notre Dame Fighting Irish,Tommy Rees,500923,0,1,29
2013,Ohio Bobcats,Tyler Tettleton,489481,1,2,28
2013,Ohio State Buckeyes,Braxton Miller,512838,1,2,24
2013,Oklahoma Sooners,Blake Bell,501882,0,0,8
2013,Oklahoma State Cowboys,Clint Chelf,481725,1,1,14
2013,Old Dominion Monarchs,Taylor Heinicke,513949,0,0,0
2013,Ole Miss Rebels,Bo Wallace,500990,1,1,12
2013,Oregon Ducks,Marcus Mariota,511459,1,1,13
2013,Oregon State Beavers,Sean Mannion,504786,1,2,21
2013,Penn State Nittany Lions,Christian Hackenberg,552329,0,0,0
2013,Pittsburgh Panthers,Tom Savage,514116,0,1,18
2013,Portland State Vikings,Kieran McDonagh,529363,1,1,1
2013,Prairie View A&M Panthers,Jerry Lovelocke,508699,0,0,0
2013,Presbyterian College Blue Hose,Tamyn Garrick,514078,1,1,2
2013,Purdue Boilermakers,Danny Etling,550170,0,0,0
2013,Rhode Island Rams,Bob Bentsen,538161,1,1,1
2013,Rice Owls,Taylor McHargue,482478,1,2,24
2013,Richmond Spiders,Michael Strauss,501175,0,0,1
2013,Rutgers Scarlet Knights,Gary Nova,518344,1,1,23
2013,SMU Mustangs,Garrett Gilbert,480209,1,2,35
2013,Sacramento State Hornets,Garrett Safron,498266,1,1,2
2013,Sam Houston State Bearkats,Brian Bell,500163,1,2,3
2013,Samford Bulldogs,Andy Summerlin,503380,1,1,6
2013,San Diego State Aztecs,Quinn Kaehler,547570,0,0,0
2013,San Jose State Spartans,David Fales,480550,1,1,13
2013,Savannah State Tigers,Leon Prunty,534967,0,0,0
2013,South Alabama Jaguars,Ross Metheny,481587,1,1,17
2013,South Carolina Gamecocks,Connor Shaw,504292,1,2,27
2013,South Carolina State Bulldogs,Richard Cue,487587,1,1,2
2013,South Dakota Coyotes,Josh Vander Maten,500769,1,1,2
2013,South Dakota State Jackrabbits,Austin Sumner,506664,1,1,2
2013,South Florida Bulls,Mike White,549804,0,0,0
2013,Southeast Missouri State Redhawks,Scott Lathrop,518956,1,1,1
2013,Southeastern Louisiana Lions,Bryan Bennett,504745,0,0,12
2013,Southern Illinois Salukis,Kory Faulkner,485728,1,1,1
2013,Southern Jaguars,Dray Joseph,500646,0,0,0
2013,Southern Mississippi Golden Eagles,Nick Mullens,552880,0,0,0
2013,Southern Utah Thunderbirds,Aaron Cantu,547096,0,0,0
2013,Stanford Cardinal,Kevin Hogan,516357,0,0,8
2013,Stephen F Austin Lumberjacks,Brady Attaway,486741,1,2,4
2013,Stony Brook Seawolves,Lyle Negron,516690,0,0,0
2013,Syracuse Orange,Terrel Hunt,514440,0,0,0
2013,TCU Horned Frogs,Casey Pachall,481287,0,1,20
2013,Temple Owls,P.J. Walker,549759,0,0,0
2013,Tennessee Tech Golden Eagles,Darian Stone,499312,0,0,2
2013,Tennessee Volunteers,Justin Worley,512424,0,0,6
2013,Tennessee-Martin Skyhawks,Jarod Neal,516783,0,0,0
2013,Texas A&M Aggies,Johnny Manziel,517475,1,1,13
2013,Texas Longhorns,Case McCoy,501941,0,0,18
2013,Texas State Bobcats,Tyler Jones,548240,0,0,0
2013,Texas Tech Red Raiders,Davis Webb,550386,0,0,0
2013,The Citadel Bulldogs,Ben Dupree,499733,0,1,2
2013,Toledo Rockets,Terrance Owens,481228,1,2,30
2013,Towson Tigers,Peter Athens,484681,0,2,2
2013,Troy Trojans,Corey Robinson,480981,1,3,32
2013,Tulane Green Wave,Nick Montana,499807,0,0,6
2013,Tulsa Golden Hurricane,Cody Green,481555,1,1,29
2013,UAB Blazers,Austin Brown,518239,1,1,12
2013,UC Davis Aggies,Jimmy Laughrea,517339,0,0,0
2013,UCF Knights,Blake Bortles,505719,1,1,22
2013,UCLA Bruins,Brett Hundley,511982,1,1,14
2013,UNLV Rebels,Caleb Herring,481338,0,1,20
2013,USC Trojans,Cody Kessler,513329,0,0,1
2013,UT San Antonio Roadrunners,Eric Soza,486785,1,1,9
2013,UTEP Miners,Jameill Showers,500571,0,0,9
2013,Utah State Aggies,Darell Garretson,550720,0,0,0
2013,Utah Utes,Travis Wilson,531051,1,1,11
2013,VMI Keydets,Eric Kordenbrock,506765,1,3,4
2013,Vanderbilt Commodores,Austyn Carta-Samuels,481988,0,2,29
2013,Villanova Wildcats,John Robertson,513877,1,1,1
2013,Virginia Cavaliers,David Watford,511361,0,0,8
2013,Virginia Tech Hokies,Logan Thomas,480239,1,2,32
2013,Wagner Seahawks,Matt Misley,503157,0,0,0
2013,Wake Forest Demon Deacons,Tanner Price,500554,1,3,35
2013,Washington Huskies,Keith Price,482599,1,2,31
2013,Washington State Cougars,Connor Halliday,504823,0,0,13
2013,Weber State Wildcats,Austin Chipoletti,547106,0,0,0
2013,West Virginia Mountaineers,Clint Trickett,501098,0,0,12
2013,Western Carolina Catamounts,Eddie Sullivan,503285,1,1,7
2013,Western Illinois Leathernecks,Trenton Norvell,535735,0,0,0
2013,Western Kentucky Hilltoppers,Brandon Doughty,504866,0,0,4
2013,Western Michigan Broncos,Zach Terrell,532645,0,0,0
2013,William & Mary Tribe,Michael Graham,484751,0,0,1
2013,Wisconsin Badgers,Joel Stave,514230,1,1,8
2013,Wofford Terriers,Michael Weimer,515987,0,0,0
2013,Wyoming Cowboys,Brett Smith,516959,1,2,23
2013,Youngstown State Penguins,Kurt Hess,485790,1,3,3
2014,Abilene Christian Wildcats,Parker McKenzie,551394,0,0,0
2014,Air Force Falcons,Kale Pearson,535972,1,0,6
2014,Akron Zips,Kyle Pohl,514617,1,1,16
2014,Alabama A&M Bulldogs,Brandon Wells,518589,0,0,0
2014,Alabama Crimson Tide,Blake Sims,504052,0,0,11
2014,Alcorn State Braves,Zer Rollins,3145223,0,0,0
2014,American,Jerry Lovelocke,508699,0,1,1
2014,Appalachian State Mountaineers,Taylor Lamb,548447,0,0,0
2014,Arizona State Sun Devils,Taylor Kelly,504700,1,2,28
2014,Arizona Wildcats,Anu Solomon,552097,0,0,0
2014,Arkansas Razorbacks,Brandon Allen,515915,1,1,16
2014,Arkansas State Red Wolves,Fredi Knighten,538156,0,0,8
2014,Arkansas-Pine Bluff Golden Lions,Benjamin Anderson,508835,1,1,1
2014,Army Black Knights,Angel Santiago,515360,1,1,17
2014,Auburn Tigers,Nick Marshall,550021,1,1,13
2014,Austin Peay Governors,Trey Taylor,552240,0,0,0
2014,BYU Cougars,Christian Stewart,381494,0,0,1
2014,Ball State Cardinals,Jack Milas,546005,0,0,0
2014,Baylor Bears,Bryce Petty,480746,1,1,18
2014,Bethune-Cookman Wildcats,Quentin Williams,521060,1,1,3
2014,Boise State Broncos,Grant Hedrick,504908,1,1,20
2014,Boston College Eagles,Tyler Murphy,503970,0,1,7
2014,Bowling Green Falcons,James Knapke,531801,0,0,4
2014,Buffalo Bulls,Joe Licata,513614,1,1,21
2014,Cal Poly Mustangs,Chris Brown,515084,1,1,2
2014,California Golden Bears,Jared Goff,547401,1,1,12
2014,Campbell Camels,Dakota Wolf,499533,0,0,0
2014,Central Arkansas Bears,Taylor Reed,548897,0,0,0
2014,Central Michigan Chippewas,Cooper Rush,531455,1,1,11
2014,Charleston Southern Buccaneers,Austin Brown,518239,0,2,20
2014,Chattanooga Mocs,Jacob Huesman,512913,1,1,2
2014,Cincinnati Bearcats,Gunner Kiel,534259,0,0,0
2014,Clemson Tigers,Cole Stoudt,512052,0,0,17
2014,Colgate Raiders,Jake Melville,547756,0,0,0
2014,Colorado Buffaloes,Sefo Liufau,550278,1,1,8
2014,Colorado State Rams,Garrett Grayson,515528,1,1,23
2014,Connecticut Huskies,Chandler Whitmer,533264,1,1,16
2014,Delaware Blue Hens,Trent Hurley,503697,1,1,4
2014,Delaware State Hornets,Gil Rivera,3139918,0,0,0
2014,Duke Blue Devils,Anthony Boone,501046,1,2,28
2014,Duquesne Dukes,Dillon Buechel,535022,0,0,0
2014,EAST All-Stars,Anthony Boone,501046,0,1,28
2014,East Carolina Pirates,Shane Carden,500938,1,2,24
2014,Eastern Illinois Panthers,Jalen Whitlow,530943,0,1,20
2014,Eastern Kentucky Colonels,Bennie Coney,535722,0,0,2
2014,Eastern Michigan Eagles,Reginald Bell,3125823,0,0,0
2014,Elon Phoenix,Mike Quinn,499869,1,1,2
2014,Florida A&M Rattlers,Damien Fleming,519942,1,2,3
2014,Florida Atlantic Owls,Jaquez Johnson,550876,1,1,11
2014,Florida Gators,Jeff Driskel,511889,1,1,20
2014,Florida Intl Golden Panthers,Alex McGough,3128843,0,0,0
2014,Florida State Seminoles,Jameis Winston,530308,1,1,14
2014,Fordham Rams,Mike Nebrich,512108,1,1,5
2014,Fresno State Bulldogs,Brian Burrell,546271,0,0,5
2014,Furman Paladins,P.J. Blazejowski,559492,0,0,0
2014,Gardner-Webb Bulldogs,Lucas Beatty,502467,1,2,3
2014,Georgia Bulldogs,Hutson Mason,504004,0,0,11
2014,Georgia Southern Eagles,Kevin Ellison,532925,1,1,1
2014,Georgia State Panthers,Nick Arbuckle,3124848,0,0,0
2014,Georgia Tech Yellow Jackets,Justin Thomas,531104,0,0,6
2014,Grambling State Tigers,Stephen Johnson,557882,0,0,0
2014,Hampton Pirates,Jaylian Williamson,537150,0,0,0
2014,Hawai'i Rainbow Warriors,Ikaika Woolsey,532976,0,0,5
2014,Houston Cougars,Greg Ward,545552,0,0,8
2014,Howard Bison,Greg McGhee,519005,1,2,3
2014,Idaho State Bengals,Justin Arias,519384,1,1,4
2014,Idaho Vandals,Matt Linehan,553235,0,0,0
2014,Illinois Fighting Illini,Wes Lunt,534652,0,0,6
2014,Indiana Hoosiers,Zander Diamont,3128254,0,0,0
2014,Indiana State Sycamores,Mike Perish,500445,1,2,4
2014,Iowa Hawkeyes,Jake Rudock,518380,1,1,13
2014,Iowa State Cyclones,Sam B. Richardson,511969,1,1,12
2014,Jacksonville State Gamecocks,Max Shortell,514502,1,1,14
2014,James Madison Dukes,Vad Lee,517034,0,1,24
2014,Kansas Jayhawks,Michael Cummings,535521,0,0,10
2014,Kansas State Wildcats,Jake Waters,550158,1,1,13
2014,Kent State Golden Flashes,Colin Reardon,531864,1,1,11
2014,Kentucky Wildcats,Patrick Towles,530944,0,0,5
2014,LSU Tigers,Anthony Jennings,546033,0,0,4
2014,Lamar Cardinals,Caleb Berry,499979,1,1,2
2014,Liberty Flames,Josh Woodrum,514651,1,1,2
2014,Louisiana Monroe Warhawks,Pete Thomas,501565,0,3,30
2014,Louisiana Ragin' Cajuns,Terrance Broadway,503922,1,2,28
2014,Louisiana Tech Bulldogs,Cody Sokol,530696,0,0,0
2014,Louisville Cardinals,Will Gardner,530357,0,0,5
2014,Maine Black Bears,Dan Collins,533619,0,0,1
2014,Marshall Thundering Herd,Rakeem Cato,518267,1,3,38
2014,Maryland Terrapins,C.J. Brown,480846,1,1,22
2014,Massachusetts Minutemen,Blake Frohnapfel,518271,0,0,9
2014,McNeese State Cowboys,Tyler Bolfing,517680,0,0,2
2014,Memphis Tigers,Paxton Lynch,534849,1,1,12
2014,Miami (OH) RedHawks,Andrew Hendrix,500913,0,0,12
2014,Miami Hurricanes,Brad Kaaya,3123048,0,0,0
2014,Michigan State Spartans,Connor Cook,512705,1,1,16
2014,Michigan Wolverines,Devin Gardner,501543,1,1,25
2014,Middle Tennessee Blue Raiders,Austin Grammer,531589,0,0,6
2014,Minnesota Golden Gophers,Mitch Leidner,530731,0,0,8
2014,Mississippi State Bulldogs,Dak Prescott,512030,1,1,20
2014,Missouri State Bears,Kierra Harris,517095,1,2,5
2014,Missouri Tigers,Maty Mauk,531385,0,0,9
2014,Montana Grizzlies,Jordan Johnson,506820,0,0,0
2014,Montana State Bobcats,Dakota Prukop,533805,0,0,0
2014,Murray State Racers,KD Humphries,532909,0,0,1
2014,NC State Wolfpack,Jacoby Brissett,512191,0,0,8
2014,NORTH All-Stars,Sean Mannion,504786,0,3,34
2014,National,Jameill Showers,500571,0,2,16
2014,Navy Midshipmen,Keenan Reynolds,530568,1,2,25
2014,Nebraska Cornhuskers,Tommy Armstrong Jr.,533270,1,0,8
2014,Nevada Wolf Pack,Cody Fajardo,501241,1,3,32
2014,New Hampshire Wildcats,Sean Goldrich,511741,0,0,2
2014,New Mexico Lobos,Lamar Jordan,551028,0,0,0
2014,New Mexico State Aggies,Tyler Rogers,3124981,0,0,0
2014,Nicholls State Colonels,Kalen Henderson,500514,1,1,11
2014,Norfolk State Spartans,Terrance Ervin,3126935,0,0,0
2014,North Carolina Central Eagles,Quinn Billerman,3120893,0,0,0
2014,North Carolina Tar Heels,Marquise Williams,516347,0,0,15
2014,North Dakota,Joe Mollberg,533958,0,0,0
2014,North Dakota State Bison,Carson Wentz,515607,0,0,0
2014,North Texas Mean Green,Andrew McNulty,515147,0,0,6
2014,Northern Arizona Lumberjacks,Kyren Poe,515301,1,1,1
2014,Northern Colorado Bears,Sean Rubalcaba,533762,0,0,0
2014,Northern Illinois Huskies,Drew Hare,532480,0,0,2
2014,Northern Iowa Panthers,Sawyer Kollmorgen,515648,1,2,3
2014,Northwestern State Demons,Zach Adkins,549719,1,1,2
2014,Northwestern Wildcats,Trevor Siemian,500419,1,2,30
2014,Notre Dame Fighting Irish,Everett Golson,515409,0,1,12
2014,Ohio Bobcats,JD Sprague,532433,0,0,2
2014,Ohio State Buckeyes,J.T. Barrett,545624,0,0,0
2014,Oklahoma Sooners,Trevor Knight,534449,1,0,7
2014,Oklahoma State Cowboys,Daxx Garman,514105,0,0,0
2014,Old Dominion Monarchs,Taylor Heinicke,513949,1,1,12
2014,Ole Miss Rebels,Bo Wallace,500990,1,2,25
2014,Oregon Ducks,Marcus Mariota,511459,1,2,26
2014,Oregon State Beavers,Sean Mannion,504786,1,4,34
2014,Penn State Nittany Lions,Christian Hackenberg,552329,1,1,12
2014,Pittsburgh Panthers,Chad Voytik,530450,0,0,3
2014,Portland State Vikings,Kieran McDonagh,529363,1,2,2
2014,Presbyterian College Blue Hose,Heys McMath,547381,0,0,0
2014,Purdue Boilermakers,Austin Appleby,534770,0,0,1
2014,Rhode Island Rams,Mack Lowrie,547236,0,0,0
2014,Rice Owls,Driphus Jackson,514894,0,0,10
2014,Richmond Spiders,Michael Strauss,501175,1,1,2
2014,Rutgers Scarlet Knights,Gary Nova,518344,1,2,33
2014,SMU Mustangs,Garrett Krstich,519812,0,0,1
2014,SOUTH All-Stars,Garrett Grayson,515528,0,2,23
2014,Sacramento State Hornets,Garrett Safron,498266,1,2,4
2014,Sam Houston State Bearkats,Jared Johnson,538456,0,0,0
2014,Samford Bulldogs,Michael Eubank,517400,0,0,13
2014,San Diego State Aztecs,Quinn Kaehler,547570,1,1,12
2014,San Jose State Spartans,Joe Gray,512675,0,0,2
2014,Savannah State Tigers,Ker-Sean Wilson,3131252,0,0,0
2014,South Alabama Jaguars,Brandon Bridge,507211,0,1,9
2014,South Carolina Gamecocks,Dylan Thompson,504295,0,0,18
2014,South Carolina State Bulldogs,TeDarrius Wiley,507125,0,0,1
2014,South Dakota Coyotes,Kevin Earl,513823,0,0,0
2014,South Dakota State Jackrabbits,Zach Lujan,3140828,0,0,0
2014,South Florida Bulls,Mike White,549804,1,1,6
2014,Southeast Missouri State Redhawks,Kyle Snyder,534028,0,0,0
2014,Southeastern Louisiana Lions,Bryan Bennett,504745,1,1,13
2014,Southern Illinois Salukis,Mark Iannotti,512983,0,0,1
2014,Southern Jaguars,Austin Howard,3140995,0,0,0
2014,Southern Mississippi Golden Eagles,Nick Mullens,552880,1,1,9
2014,Southern Utah Thunderbirds,Ammon Olsen,485026,0,0,4
2014,Stanford Cardinal,Kevin Hogan,516357,1,1,22
2014,Stephen F Austin Lumberjacks,Zach Conque,535983,0,0,0
2014,Stony Brook Seawolves,Conor Bednarski,549332,0,0,0
2014,Syracuse Orange,AJ Long,3116756,0,0,0
2014,TCU Horned Frogs,Trevone Boykin,517127,0,1,22
2014,Temple Owls,PJ Walker,549759,1,1,9
2014,Tennessee Volunteers,Justin Worley,512424,1,1,14
2014,Tennessee-Martin Skyhawks,Jarod Neal,516783,0,1,2
2014,Texas A&M Aggies,Kenny Hill,549865,0,0,4
2014,Texas Longhorns,Tyrone Swoopes,547338,0,0,3
2014,Texas State Bobcats,Tyler Jones,548240,1,1,8
2014,Texas Tech Red Raiders,Davis Webb,550386,0,1,10
2014,The Citadel Bulldogs,Aaron Miller,515435,0,1,3
2014,Toledo Rockets,Logan Woodside,545910,0,0,4
2014,Towson Tigers,Connor Frazier,529954,0,0,0
2014,Troy Trojans,Brandon Silvers,546145,0,0,0
2014,Tulane Green Wave,Tanner Lee,545757,0,0,0
2014,Tulsa Golden Hurricane,Dane Evans,532273,0,0,8
2014,UAB Blazers,Cody Clements,3129249,0,0,0
2014,UC Davis Aggies,London Lacy,505882,0,0,2
2014,UCF Knights,Justin Holman,551184,0,0,3
2014,UCLA Bruins,Brett Hundley,511982,1,2,27
2014,UNLV Rebels,Blake Decker,3125318,0,0,0
2014,USC Trojans,Cody Kessler,513329,1,1,15
2014,UT San Antonio Roadrunners,Tucker Carter,535979,0,0,5
2014,UTEP Miners,Jameill Showers,500571,1,1,16
2014,Utah State Aggies,Darell Garretson,550720,1,1,8
2014,Utah Utes,Travis Wilson,531051,1,2,20
2014,VMI Keydets,Al Cobb,547410,0,0,0
2014,Vanderbilt Commodores,Johnny McCrary,546184,0,0,0
2014,Villanova Wildcats,John Robertson,513877,1,2,2
2014,Virginia Cavaliers,Greyson Lambert,530521,0,0,7
2014,Virginia Tech Hokies,Michael Brewer,514481,0,0,9
2014,WEST All-Stars,Taylor Kelly,504700,0,3,28
2014,Wake Forest Demon Deacons,John Wolford,3124092,0,0,0
2014,Washington Huskies,Cyler Miles,535325,0,0,6
2014,Washington State Cougars,Connor Halliday,504823,1,1,26
2014,Weber State Wildcats,Billy Green,545788,0,0,0
2014,West Virginia Mountaineers,Clint Trickett,501098,1,1,20
2014,Western Carolina Catamounts,Troy Mitchell,533122,0,0,3
2014,Western Illinois Leathernecks,Trenton Norvell,535735,1,1,2
2014,Western Kentucky Hilltoppers,Brandon Doughty,504866,1,1,16
2014,Western Michigan Broncos,Zach Terrell,532645,1,1,9
2014,William & Mary Tribe,Steve Cluley,529984,0,0,0
2014,Wisconsin Badgers,Joel Stave,514230,1,2,21
2014,Wofford Terriers,Evan Jacks,532323,0,0,1
2014,Wyoming Cowboys,Colby Kirkegaard,520520,0,0,3
2014,Yale Bulldogs,Morgan Roberts,511215,0,0,1
2014,Youngstown State Penguins,Dante Nania,514655,0,0,0
2015,Abilene Christian Wildcats,Parker McKenzie,551394,1,1,1
2015,Air Force Falcons,Karson Roberts,547343,0,0,8
2015,Akron Zips,Thomas Woodson,550357,0,0,8
2015,Alabama A&M Bulldogs,De'Angelo Ballard,3928742,0,0,0
2015,Alabama Crimson Tide,Jake Coker,514124,0,0,14
2015,Albany Great Danes,D.J. Crook,545636,0,0,1
2015,Alcorn State Braves,John Gibbs Jr.,539240,0,2,2
2015,American,Stephen Rivers,517211,0,0,6
2015,Appalachian State Mountaineers,Taylor Lamb,548447,1,1,12
2015,Arizona State Sun Devils,Mike Bercovici,517393,0,0,11
2015,Arizona Wildcats,Anu Solomon,552097,1,1,14
2015,Arkansas Razorbacks,Brandon Allen,515915,1,2,29
2015,Arkansas State Red Wolves,Fredi Knighten,538156,1,1,21
2015,Army Black Knights,Ahmad Bradshaw,3129089,0,0,0
2015,Auburn Tigers,Sean White,3121585,0,0,0
2015,Austin Peay Governors,Trey Taylor,552240,1,1,1
2015,BYU Cougars,Tanner Mangum,545796,0,0,0
2015,Ball State Cardinals,Riley Neal,3915468,0,0,0
2015,Baylor Bears,Seth Russell,535511,0,0,14
2015,Bethune-Cookman Wildcats,Quentin Williams,521060,1,2,5
2015,Boise State Broncos,Brett Rypien,3722362,0,0,0
2015,Boston College Eagles,Jeff Smith,3929118,0,0,0
2015,Bowling Green Falcons,Matt Quinn Johnson,513573,1,1,19
2015,Bucknell Bison,R.J. Nitti,3907930,0,0,0
2015,Buffalo Bulls,Joe Licata,513614,1,2,32
2015,Cal Poly Mustangs,Chris Brown,3910473,0,0,0
2015,California Golden Bears,Jared Goff,547401,1,2,24
2015,Central Arkansas Bears,Taylor Reed,548897,1,1,1
2015,Central Michigan Chippewas,Cooper Rush,531455,1,2,24
2015,Charleston Southern Buccaneers,Kyle Copeland,556261,0,1,1
2015,Charlotte 49ers,Lee McNeill,551918,0,0,0
2015,Chattanooga Mocs,Jacob Huesman,512913,1,2,4
2015,Cincinnati Bearcats,Gunner Kiel,534259,1,1,12
2015,Clemson Tigers,Deshaun Watson,3122840,0,0,8
2015,Colgate Raiders,Jake Melville,547756,1,1,1
2015,Colorado Buffaloes,Sefo Liufau,550278,1,2,20
2015,Colorado State Rams,Nick Stevens,546267,0,0,5
2015,Connecticut Huskies,Bryant Shirreffs,549956,0,0,2
2015,Delaware Blue Hens,Joe Walker,3912052,0,0,0
2015,Delaware State Hornets,Esayah Obado,538378,0,0,0
2015,Duke Blue Devils,Thomas Sirk,530478,0,0,7
2015,EAST All-Stars,Jake Rudock,518380,0,3,25
2015,East Carolina Pirates,Blake Kemp,3126168,0,0,0
2015,Eastern Illinois Panthers,Jalen Whitlow,530943,1,2,22
2015,Eastern Kentucky Colonels,Bennie Coney,535722,1,1,4
2015,Eastern Michigan Eagles,Brogan Roback,552782,1,0,10
2015,Eastern Washington Eagles,Jordan West,534703,0,0,0
2015,Elon Phoenix,Connor Christiansen,3120492,0,0,0
2015,Florida A&M Rattlers,Kenneth Coleman,3927945,0,0,0
2015,Florida Atlantic Owls,Jaquez Johnson,550876,1,2,18
2015,Florida Gators,Treon Harris,3121647,0,0,9
2015,Florida Intl Golden Panthers,Alex McGough,3128843,1,1,10
2015,Florida State Seminoles,Everett Golson,515409,0,2,25
2015,Fordham Rams,Kevin Anderson,552663,0,0,0
2015,Fresno State Bulldogs,Zack Greenlee,550587,0,0,3
2015,Furman Paladins,Reese Hannon,533146,0,2,2
2015,Gardner-Webb Bulldogs,Tyrell Maxwell,3140998,0,0,1
2015,Georgia Bulldogs,Greyson Lambert,530521,0,1,16
2015,Georgia Southern Eagles,Kevin Ellison,532925,1,2,13
2015,Georgia State Panthers,Nick Arbuckle,3124848,1,1,10
2015,Georgia Tech Yellow Jackets,Justin Thomas,531104,1,1,20
2015,Grambling State Tigers,Johnathan Williams,518424,0,0,0
2015,Hawai'i Rainbow Warriors,Max Wittek,513330,0,0,10
2015,Houston Cougars,Greg Ward,545552,1,1,19
2015,Howard Bison,Kalen Johnson,3148078,0,0,0
2015,Idaho State Bengals,Michael Sanders,3925391,0,0,0
2015,Idaho Vandals,Matt Linehan,553235,1,1,10
2015,Illinois Fighting Illini,Wes Lunt,534652,1,1,14
2015,Illinois State Redbirds,Tre Roberson,513034,0,0,20
2015,Incarnate Word Cardinals,Trent Brittain,548839,0,0,0
2015,Indiana Hoosiers,Nate Sudfeld,535825,1,1,24
2015,Indiana State Sycamores,Matt Adam,547511,0,0,0
2015,Iowa Hawkeyes,C.J. Beathard,535844,0,0,12
2015,Iowa State Cyclones,Sam B. Richardson,511969,1,2,23
2015,Jackson State Tigers,LaMontiez Ivy,537551,0,1,1
2015,Jacksonville State Gamecocks,Eli Jenkins,537200,0,0,2
2015,James Madison Dukes,Vad Lee,517034,1,2,25
2015,Kansas Jayhawks,Ryan Willis,3917958,0,0,0
2015,Kansas State Wildcats,Joe Hubener,517248,0,0,5
2015,Kent State Golden Flashes,Colin Reardon,531864,1,2,22
2015,Kentucky Wildcats,Patrick Towles,530944,1,1,17
2015,LSU Tigers,Brandon Harris,559751,0,0,7
2015,Lamar Cardinals,Carson Earp,3910114,0,0,0
2015,Liberty Flames,Josh Woodrum,514651,1,2,4
2015,Louisiana Monroe Warhawks,Garrett Smith,3124944,0,0,0
2015,Louisiana Ragin' Cajuns,Brooks Haack,531678,0,0,10
2015,Louisiana Tech Bulldogs,Jeff Driskel,511889,0,2,29
2015,Louisville Cardinals,Lamar Jackson,3916387,0,0,0
2015,Maine Black Bears,Dan Collins,533619,1,1,2
2015,Marshall Thundering Herd,Chase Litton,3931782,0,0,0
2015,Maryland Terrapins,Perry Hills,534317,0,1,8
2015,Massachusetts Minutemen,Blake Frohnapfel,518271,1,1,19
2015,Memphis Tigers,Paxton Lynch,534849,1,2,25
2015,Miami (OH) RedHawks,Billy Bahl,3915317,0,0,0
2015,Miami Hurricanes,Brad Kaaya,3123048,1,1,13
2015,Michigan State Spartans,Connor Cook,512705,1,2,29
2015,Michigan Wolverines,Jake Rudock,518380,0,2,25
2015,Middle Tennessee Blue Raiders,Brent Stockstill,545683,0,0,1
2015,Minnesota Golden Gophers,Mitch Leidner,530731,1,1,20
2015,Mississippi State Bulldogs,Dak Prescott,512030,1,3,33
2015,Mississippi Valley State Delta Devils,Quantavius Peterson,3139627,0,0,0
2015,Missouri State Bears,Brodie Lambert,538084,0,0,1
2015,Missouri Tigers,Drew Lock,3924327,0,0,0
2015,Monmouth Hawks,Cody Williams,3121226,0,0,0
2015,Morgan State Bears,Moses Skillon,534927,0,0,1
2015,Murray State Racers,KD Humphries,532909,1,1,3
2015,NC State Wolfpack,Jacoby Brissett,512191,1,1,21
2015,NORTH All-Stars,Carson Wentz,515607,0,1,1
2015,National,Ammon Olsen,485026,0,1,6
2015,Navy Midshipmen,Keenan Reynolds,530568,1,3,36
2015,Nebraska Cornhuskers,Tommy Armstrong Jr.,533270,1,1,21
2015,Nevada Wolf Pack,Tyler Stewart,536228,0,0,4
2015,New Hampshire Wildcats,Sean Goldrich,511741,1,1,3
2015,New Mexico Lobos,Lamar Jordan,551028,1,1,11
2015,New Mexico State Aggies,Andrew Allen,3124972,0,0,4
2015,Nicholls State Colonels,Tuskani Figaro,533373,0,0,2
2015,Norfolk State Spartans,Greg Hankerson,550873,0,0,10
2015,North Carolina A&T Aggies,Lamar Raynard,3139898,0,0,0
2015,North Carolina Central Eagles,Malcolm Bell,537229,0,0,2
2015,North Carolina Tar Heels,Marquise Williams,516347,1,1,28
2015,North Dakota Fighting Hawks,Keaton Studsrud,3119431,0,0,0
2015,North Texas Mean Green,Damarcus Smith,3914499,0,0,0
2015,Northern Arizona Lumberjacks,Kyren Poe,515301,1,2,2
2015,Northern Illinois Huskies,Drew Hare,532480,1,1,16
2015,Northern Iowa Panthers,Aaron Bailey,546062,0,0,5
2015,Northwestern State Demons,Joel Blumenthal,3911356,0,0,0
2015,Northwestern Wildcats,Clayton Thorson,3116144,0,0,0
2015,Notre Dame Fighting Irish,DeShone Kizer,3129302,0,0,0
2015,Ohio Bobcats,Derrius Vick,511552,1,0,20
2015,Ohio State Buckeyes,Cardale Jones,534294,0,0,8
2015,Oklahoma Sooners,Baker Mayfield,550373,0,0,8
2015,Oklahoma State Cowboys,Mason Rudolph,3116407,0,0,3
2015,Old Dominion Monarchs,Shuler Bentley,3123209,0,0,0
2015,Ole Miss Rebels,Chad Kelly,534580,0,0,5
2015,Oregon Ducks,Vernon Adams Jr.,511713,0,1,2
2015,Oregon State Beavers,Seth Collins,3860070,0,0,0
2015,Penn State Nittany Lions,Christian Hackenberg,552329,1,2,25
2015,Pittsburgh Panthers,Nathan Peterman,532065,0,0,8
2015,Portland State Vikings,Alex Kuresa,515503,0,0,0
2015,Prairie View A&M Panthers,Trey Green,537695,0,0,0
2015,Presbyterian College Blue Hose,Tamyn Garrick,514078,0,2,3
2015,Purdue Boilermakers,David Blough,3116188,0,0,0
2015,Rhode Island Rams,Paul Mroz,3913273,0,0,0
2015,Rice Owls,Driphus Jackson,514894,1,1,23
2015,Richmond Spiders,Kyle Lauletta,548643,0,0,0
2015,Rutgers Scarlet Knights,Chris Laviano,547549,0,0,5
2015,SMU Mustangs,Matt Davis,532113,0,0,10
2015,SOUTH All-Stars,Dak Prescott,512030,0,2,33
2015,Sacramento State Hornets,Daniel Kniffin,546921,0,0,1
2015,Sam Houston State Bearkats,Jared Johnson,538456,1,1,1
2015,Samford Bulldogs,Devlin Hodges,3127051,0,0,0
2015,San Diego State Aztecs,Maxwell Smith,517427,0,1,20
2015,San Diego Toreros,Anthony Lawrence,3914253,0,0,0
2015,San Jose State Spartans,Kenny Potter,3914864,0,0,0
2015,Savannah State Tigers,David Handler,3926314,0,0,0
2015,South Alabama Jaguars,Cody Clements,3918634,0,0,0
2015,South Carolina Gamecocks,Perry Orth,548144,0,0,2
2015,South Dakota Coyotes,Ryan Saeger,537987,0,0,1
2015,South Dakota State Jackrabbits,Zach Lujan,3140828,1,1,1
2015,South Florida Bulls,Quinton Flowers,3139591,0,0,4
2015,Southeast Missouri State Redhawks,Tay Bender,3910149,0,0,0
2015,Southeastern Louisiana Lions,Donovan Isom,3122873,0,0,0
2015,Southern Illinois Salukis,Mark Iannotti,512983,1,1,2
2015,Southern Jaguars,Austin Howard,3140995,1,1,1
2015,Southern Mississippi Golden Eagles,Nick Mullens,552880,1,2,19
2015,Southern Utah Thunderbirds,Ammon Olsen,485026,1,2,6
2015,Stanford Cardinal,Kevin Hogan,516357,1,2,35
2015,Stephen F Austin Lumberjacks,Zach Conque,535983,1,1,1
2015,Syracuse Orange,Eric Dungey,3916447,0,0,0
2015,TCU Horned Frogs,Trevone Boykin,517127,1,2,35
2015,Temple Owls,PJ Walker,549759,1,2,21
2015,Tennessee Tech Golden Eagles,Jared Davis,532795,0,0,0
2015,Tennessee Volunteers,Joshua Dobbs,546540,0,0,11
2015,Tennessee-Martin Skyhawks,Jarod Neal,516783,1,2,4
2015,Texas A&M Aggies,Kyle Allen,559681,0,0,9
2015,Texas Longhorns,Jerrod Heard,3125121,0,0,0
2015,Texas State Bobcats,Tyler Jones,548240,1,2,20
2015,Texas Tech Red Raiders,Patrick Mahomes,3139477,0,0,7
2015,The Citadel Bulldogs,Dominique Allen,3131803,0,0,0
2015,Toledo Rockets,Phillip Ely,515906,1,0,4
2015,Towson Tigers,Connor Frazier,529954,1,1,1
2015,Troy Trojans,Brandon Silvers,546145,1,1,11
2015,Tulane Green Wave,Tanner Lee,545757,1,1,10
2015,Tulsa Golden Hurricane,Dane Evans,532273,1,1,19
2015,UC Davis Aggies,Ben Scott,533916,0,0,0
2015,UCF Knights,Justin Holman,551184,1,1,16
2015,UCLA Bruins,Josh Rosen,3886377,0,0,0
2015,UNLV Rebels,Blake Decker,3125318,1,1,13
2015,USC Trojans,Cody Kessler,513329,1,2,28
2015,UT San Antonio Roadrunners,Dalton Sturm,3124037,0,0,1
2015,UTEP Miners,Mack Leftwich,546104,0,0,4
2015,Utah State Aggies,Kent Myers,3125353,1,0,7
2015,Utah Utes,Travis Wilson,531051,1,3,33
2015,VMI Keydets,Al Cobb,547410,1,1,2
2015,Vanderbilt Commodores,Johnny McCrary,546184,1,1,7
2015,Villanova Wildcats,John Robertson,513877,1,3,3
2015,Virginia Cavaliers,Matt Johns,535548,0,0,9
2015,Virginia Tech Hokies,Michael Brewer,514481,1,1,22
2015,WEST All-Stars,Brandon Doughty,504866,0,2,29
2015,Wagner Seahawks,Alex Thomson,3913137,0,0,0
2015,Wake Forest Demon Deacons,John Wolford,3124092,1,1,12
2015,Washington Huskies,Jake Browning,3886812,0,0,0
2015,Washington State Cougars,Luke Falk,550629,0,0,5
2015,Weber State Wildcats,Jadrian Clark,533818,0,0,1
2015,West Virginia Mountaineers,Skyler Howard,3116460,0,0,4
2015,Western Carolina Catamounts,Troy Mitchell,533122,1,1,5
2015,Western Illinois Leathernecks,Trenton Norvell,535735,1,2,4
2015,Western Kentucky Hilltoppers,Brandon Doughty,504866,1,3,29
2015,Western Michigan Broncos,Zach Terrell,532645,1,2,21
2015,William & Mary Tribe,Steve Cluley,529984,1,1,1
2015,Wisconsin Badgers,Joel Stave,514230,1,3,31
2015,Wofford Terriers,Evan Jacks,532323,1,1,2
2015,Wyoming Cowboys,Cameron Coffman,530691,0,1,13
2015,Youngstown State Penguins,Hunter Wells,3140598,0,0,0
2016,Abilene Christian Wildcats,Dallas Sealey,3134120,0,0,1
2016,Air Force Falcons,Nate Romine,554528,1,1,14
2016,Akron Zips,Thomas Woodson,550357,1,1,20
2016,Alabama A&M Bulldogs,De'Angelo Ballard,3928742,1,1,1
2016,Alabama Crimson Tide,Jalen Hurts,4040715,0,0,0
2016,Alabama State Hornets,Jujuan Young-Battle,4044663,0,0,0
2016,Albany Great Danes,Neven Sussman,3911912,0,0,1
2016,Alcorn State Braves,Noah Johnson,3928455,0,0,0
2016,Appalachian State Mountaineers,Taylor Lamb,548447,1,2,25
2016,Arizona State Sun Devils,Manny Wilkins,3128814,0,0,0
2016,Arizona Wildcats,Brandon Dawkins,3133993,0,0,4
2016,Arkansas Razorbacks,Austin Allen,547206,0,0,6
2016,Arkansas State Red Wolves,Justice Hansen,3116379,0,0,0
2016,Army Black Knights,Ahmad Bradshaw,3129089,1,1,8
2016,Auburn Tigers,Sean White,3121585,0,1,7
2016,Austin Peay Governors,JaVaughn Craig,4051927,0,0,0
2016,BYU Cougars,Taysom Hill,482594,1,1,24
2016,Ball State Cardinals,Riley Neal,3915468,1,1,11
2016,Baylor Bears,Seth Russell,535511,1,1,21
2016,Bethune-Cookman Wildcats,Larry Brihm Jr.,555829,0,0,2
2016,Boise State Broncos,Brett Rypien,3722362,1,1,11
2016,Boston College Eagles,Patrick Towles,530944,0,2,28
2016,Bowling Green Falcons,James Morgan,3914395,0,0,0
2016,Buffalo Bulls,Tyree Jackson,3916564,0,0,0
2016,Cal Poly Mustangs,Dano Graves,538420,0,0,1
2016,California Golden Bears,Davis Webb,550386,0,2,23
2016,Central Arkansas Bears,Hayden Hildebrand,548894,0,0,0
2016,Central Michigan Chippewas,Cooper Rush,531455,1,3,36
2016,Charleston Southern Buccaneers,Robert Mitchell,548828,0,0,0
2016,Charlotte 49ers,Hasaan Klugh,3139889,0,0,0
2016,Chattanooga Mocs,Alejandro Bennifield,548475,0,0,2
2016,Cincinnati Bearcats,Hayden Moore,3125813,0,0,8
2016,Clemson Tigers,Deshaun Watson,3122840,1,1,23
2016,Colgate Raiders,Jake Melville,547756,1,2,2
2016,Colorado Buffaloes,Sefo Liufau,550278,1,3,30
2016,Colorado State Rams,Nick Stevens,546267,1,1,18
2016,Connecticut Huskies,Bryant Shirreffs,549956,1,1,14
2016,Delaware Blue Hens,Blake Rankin,537317,0,0,0
2016,Delaware State Hornets,Kobie Lain,3945810,0,0,0
2016,Duke Blue Devils,Daniel Jones,3917792,0,0,0
2016,East All-Stars,Cooper Rush,531455,0,4,36
2016,East Carolina Pirates,Philip Nelson,530738,0,2,18
2016,Eastern Illinois Panthers,Mitch Kimble,545275,0,0,2
2016,Eastern Kentucky Colonels,Maty Mauk,531385,0,1,27
2016,Eastern Michigan Eagles,Brogan Roback,552782,1,1,22
2016,Eastern Washington Eagles,Gage Gubrud,3122176,0,0,0
2016,Elon Phoenix,Daniel Thompson,3912136,0,0,1
2016,Florida A&M Rattlers,Kenneth Coleman,3927945,1,1,1
2016,Florida Atlantic Owls,Jason Driskel,3122713,0,0,8
2016,Florida Gators,Austin Appleby,534770,0,1,15
2016,Florida Intl Golden Panthers,Alex McGough,3128843,1,2,21
2016,Florida State Seminoles,Deondre Francois,3921561,0,0,0
2016,Fordham Rams,Kevin Anderson,552663,1,1,1
2016,Fresno State Bulldogs,Chason Virgil,3918038,0,0,3
2016,Furman Paladins,P.J. Blazejowski,559492,0,1,2
2016,Gardner-Webb Bulldogs,Tyrell Maxwell,3140998,1,1,2
2016,Georgia Bulldogs,Jacob Eason,4035003,0,0,0
2016,Georgia Southern Eagles,Kevin Ellison,532925,1,3,24
2016,Georgia State Panthers,Conner Manning,550226,0,0,1
2016,Georgia Tech Yellow Jackets,Justin Thomas,531104,1,2,31
2016,Grambling Tigers,Tre'von Cherry,3909135,0,0,1
2016,Hampton Pirates,Jaylian T Williamson,4054493,0,0,0
2016,Hawai'i Rainbow Warriors,Dru Brown,4038224,0,0,0
2016,Houston Baptist Huskies,Tony Dawson,3910040,0,0,0
2016,Houston Cougars,Greg Ward,545552,1,2,33
2016,Howard Bison,Kalen Johnson,3148078,1,1,2
2016,Idaho State Bengals,Tanner Gueller,3139063,0,0,2
2016,Idaho Vandals,Matt Linehan,553235,1,2,20
2016,Illinois Fighting Illini,Wes Lunt,534652,1,3,26
2016,Illinois State Redbirds,Jake Kolbe,3118441,0,0,1
2016,Incarnate Word Cardinals,Trent Brittain,548839,1,1,1
2016,Indiana Hoosiers,Richard Lagow,546687,0,0,0
2016,Indiana State Sycamores,Isaac Harker,3908555,0,0,0
2016,Iowa Hawkeyes,C.J. Beathard,535844,1,1,26
2016,Iowa State Cyclones,Jacob Park,559568,0,0,0
2016,Jackson State Tigers,LaMontiez Ivy,537551,1,2,2
2016,Jacksonville State Gamecocks,Eli Jenkins,537200,1,1,3
2016,James Madison Dukes,Bryan Schor,3137736,0,0,0
2016,Kansas Jayhawks,Montell Cozart,545417,1,0,16
2016,Kansas State Wildcats,Jesse Ertz,550448,0,0,0
2016,Kent State Golden Flashes,Nick Holley,550339,0,0,1
2016,Kentucky Wildcats,Stephen Johnson,557882,0,1,1
2016,LSU Tigers,Danny Etling,550170,0,1,13
2016,Lafayette Leopards,Drew Reed,547910,0,0,0
2016,Lamar Cardinals,Andrew Allen,3124972,0,1,11
2016,Liberty Flames,Stephon Masha,547303,0,0,1
2016,Louisiana Monroe Warhawks,Garrett Smith,3124944,1,1,10
2016,Louisiana Ragin' Cajuns,Anthony Jennings,546033,0,1,17
2016,Louisiana Tech Bulldogs,Ryan Higgins,531316,0,1,18
2016,Louisville Cardinals,Lamar Jackson,3916387,1,1,11
2016,Maine Black Bears,Dan Collins,533619,1,2,4
2016,Marshall Thundering Herd,Chase Litton,3931782,1,1,11
2016,Maryland Terrapins,Perry Hills,534317,1,2,16
2016,Massachusetts Minutemen,Andrew Ford,3116772,0,0,0
2016,McNeese Cowboys,James Tabary,3123719,0,0,6
2016,Memphis Tigers,Riley Ferguson,546539,0,0,0
2016,Mercer Bears,John Russ,551613,0,0,0
2016,Miami (OH) RedHawks,Gus Ragland,3125968,0,0,8
2016,Miami Hurricanes,Brad Kaaya,3123048,1,2,24
2016,Michigan State Spartans,Tyler O'Connor,535578,0,0,9
2016,Michigan Wolverines,Wilton Speight,3115966,0,0,5
2016,Middle Tennessee Blue Raiders,Brent Stockstill,545683,1,1,14
2016,Minnesota Golden Gophers,Mitch Leidner,530731,1,2,33
2016,Mississippi State Bulldogs,Nick Fitzgerald,558337,0,0,4
2016,Mississippi Valley State Delta Devils,Austin Bray,3916625,0,0,0
2016,Missouri State Bears,Brodie Lambert,538084,1,1,3
2016,Missouri Tigers,Drew Lock,3924327,1,1,12
2016,Monmouth Hawks,Kenji Bahar,3910249,0,0,0
2016,Montana State Bobcats,Tyler Bruggman,550623,0,0,0
2016,Morgan State Bears,Chris Andrews,534019,0,0,3
2016,Murray State Racers,KD Humphries,532909,1,2,5
2016,NC State Wolfpack,Ryan Finley,546288,0,0,6
2016,NORTH All-Stars,Nathan Peterman,532065,0,2,21
2016,Navy Midshipmen,Will Worth,551208,0,0,1
2016,Nebraska Cornhuskers,Tommy Armstrong Jr.,533270,1,2,31
2016,Nevada Wolf Pack,Tyler Stewart,536228,1,1,17
2016,New Mexico Lobos,Austin Apodaca,534863,0,0,12
2016,New Mexico State Aggies,Tyler Rogers,3124981,1,1,15
2016,Nicholls Colonels,Chase Fourcade,4051573,0,0,0
2016,North Carolina A&T Aggies,Lamar Raynard,3139898,1,1,1
2016,North Carolina Central Eagles,Malcolm Bell,537229,1,1,4
2016,North Carolina Tar Heels,Mitchell Trubisky,545238,0,0,17
2016,North Dakota Fighting Hawks,Keaton Studsrud,3119431,1,1,1
2016,North Dakota State Bison,Easton Stick,3120590,0,0,0
2016,North Texas Mean Green,Mason Fine,4039073,0,0,0
2016,Northern Arizona Lumberjacks,Case Cookus,3913822,0,0,1
2016,Northern Colorado Bears,Kyle Sloter,531792,0,0,0
2016,Northern Illinois Huskies,Anthony Maddie,532644,0,0,8
2016,Northern Iowa Panthers,Aaron Bailey,546062,1,1,6
2016,Northwestern State Demons,Brooks Haack,531678,0,1,20
2016,Northwestern Wildcats,Clayton Thorson,3116144,1,1,13
2016,Notre Dame Fighting Irish,DeShone Kizer,3129302,1,1,13
2016,Ohio Bobcats,Greg Windham,532440,0,0,12
2016,Ohio State Buckeyes,J.T. Barrett,545624,0,1,23
2016,Oklahoma Sooners,Baker Mayfield,550373,1,1,21
2016,Oklahoma State Cowboys,Mason Rudolph,3116407,1,1,16
2016,Old Dominion Monarchs,David Washington,535113,0,0,11
2016,Ole Miss Rebels,Chad Kelly,534580,1,1,18
2016,Oregon Ducks,Justin Herbert,4038941,0,0,0
2016,Oregon State Beavers,Marcus McMaryion,3127332,0,0,7
2016,Penn State Nittany Lions,Trace McSorley,3116172,0,0,6
2016,Pittsburgh Panthers,Nathan Peterman,532065,1,1,21
2016,Portland State Vikings,Alex Kuresa,515503,1,1,2
2016,Prairie View Panthers,Trey Green,537695,0,1,1
2016,Presbyterian College Blue Hose,Ben Cheek,3121291,0,0,1
2016,Purdue Boilermakers,David Blough,3116188,1,1,10
2016,Rhode Island Rams,Wesley McKoy,3913277,0,0,0
2016,Rice Owls,Tyler Stehling,536503,0,0,8
2016,Richmond Spiders,Kyle Lauletta,548643,1,1,1
2016,Rutgers Scarlet Knights,Giovanni Rescigno,3127375,0,0,0
2016,SMU Mustangs,Ben Hicks,3916208,0,0,0
2016,SOUTH All-Stars,Davis Webb,550386,0,3,23
2016,Sacramento State Hornets,Nate Ketteringham,3910639,0,0,0
2016,Samford Bulldogs,Devlin Hodges,3127051,1,1,1
2016,San Diego State Aztecs,Christian Chapman,3139921,0,0,5
2016,San Jose State Spartans,Kenny Potter,3914864,1,1,11
2016,Savannah State Tigers,Blake Dever,4042200,0,0,0
2016,South Alabama Jaguars,Dallas Davis,3125259,0,0,4
2016,South Carolina Gamecocks,Jake Bentley,4038809,0,0,0
2016,South Carolina State Bulldogs,Caleb York,3928366,0,0,0
2016,South Dakota Coyotes,Chris Streveler,545477,0,0,3
2016,South Dakota State Jackrabbits,Taryn Christion,3909004,0,0,0
2016,South Florida Bulls,Quinton Flowers,3139591,1,1,17
2016,Southeast Missouri State Redhawks,Jesse Hosket,4034549,0,0,0
2016,Southeastern Louisiana Lions,Justin Alo,3929728,0,0,1
2016,Southern Illinois Salukis,Josh Straughan,4043167,0,0,0
2016,Southern Jaguars,Austin Howard,3140995,1,2,3
2016,Southern Mississippi Golden Eagles,Nick Mullens,552880,1,3,33
2016,Southern Utah Thunderbirds,Patrick Tyler,4033387,0,0,0
2016,Stanford Cardinal,Ryan Burns,546469,0,0,1
2016,Stephen F Austin Lumberjacks,Zach Conque,535983,1,2,2
2016,Stony Brook Seawolves,Joe Carbone,3120809,0,0,0
2016,Syracuse Orange,Eric Dungey,3916447,1,1,8
2016,TCU Horned Frogs,Kenny Hill,549865,0,1,12
2016,Temple Owls,PJ Walker,549759,1,3,35
2016,Tennessee State Tigers,Ronald Butler,532552,0,0,0
2016,Tennessee Tech Golden Eagles,Michael Birdsong,533604,0,1,8
2016,Tennessee Volunteers,Joshua Dobbs,546540,1,1,24
2016,Texas A&M Aggies,Trevor Knight,534449,0,1,22
2016,Texas Longhorns,Shane Buechele,4039034,0,0,0
2016,Texas State Bobcats,Tyler Jones,548240,1,3,31
2016,Texas Tech Red Raiders,Patrick Mahomes,3139477,1,1,20
2016,The Citadel Bulldogs,Dominique Allen,3131803,1,1,2
2016,Toledo Rockets,Logan Woodside,545910,0,1,15
2016,Towson Tigers,Morgan Mahalak,3122669,0,0,0
2016,Troy Trojans,Brandon Silvers,546145,1,2,22
2016,Tulane Green Wave,Glen Cuiellette,3126243,0,0,0
2016,Tulsa Golden Hurricane,Dane Evans,532273,1,2,32
2016,UC Davis Aggies,Ben Scott,533916,1,1,2
2016,UCF Knights,McKenzie Milton,4042113,0,0,0
2016,UCLA Bruins,Mike Fafaul,531259,0,0,3
2016,UNLV Rebels,Johnny Stanton IV,545618,0,0,1
2016,USC Trojans,Sam Darnold,3912547,0,0,0
2016,UT Martin Skyhawks,Troy Cook,551552,0,0,1
2016,UT San Antonio Roadrunners,Dalton Sturm,3124037,1,1,10
2016,UTEP Miners,Ryan Metz,3124698,0,0,8
2016,Utah State Aggies,Kent Myers,3125353,1,1,16
2016,Utah Utes,Troy Williams,546876,0,0,2
2016,VMI Keydets,Al Cobb,547410,1,2,3
2016,Vanderbilt Commodores,Kyle Shurmur,3915776,0,0,5
2016,Villanova Wildcats,Zach Bednarczyk,3120851,0,0,0
2016,Virginia Cavaliers,Kurt Benkert,545645,0,0,2
2016,Virginia Tech Hokies,Jerod Evans,556465,0,0,0
2016,Wagner Seahawks,Alex Thomson,3913137,1,1,2
2016,Wake Forest Demon Deacons,John Wolford,3124092,1,2,23
2016,Washington Huskies,Jake Browning,3886812,1,1,12
2016,Washington State Cougars,Luke Falk,550629,1,1,17
2016,Weber State Wildcats,Jadrian Clark,533818,1,1,2
2016,West All-Stars,Wes Lunt,534652,0,2,26
2016,West Virginia Mountaineers,Skyler Howard,3116460,1,1,17
2016,Western Carolina Catamounts,Tyrie Adams,3911636,0,0,0
2016,Western Illinois Leathernecks,Sean McGuire,3121628,0,0,1
2016,Western Kentucky Hilltoppers,Mike White,549804,0,2,17
2016,Western Michigan Broncos,Zach Terrell,532645,1,3,33
2016,William & Mary Tribe,Steve Cluley,529984,1,2,2
2016,Wisconsin Badgers,Alex Hornibrook,3886609,0,0,0
2016,Wofford Terriers,Brad Butler,552551,0,0,2
2016,Wyoming Cowboys,Josh Allen,3918298,0,0,2
2016,Youngstown State Penguins,Ricky Davis,549189,0,0,1
2017,Abilene Christian Wildcats,Dallas Sealey,3134120,1,1,2
2017,Air Force Falcons,Arion Worthman,4038186,0,0,6
2017,Akron Zips,Thomas Woodson,550357,1,2,28
2017,Alabama A&M Bulldogs,Aqeel Glass,4250212,0,0,0
2017,Alabama Crimson Tide,Jalen Hurts,4040715,1,1,15
2017,Alabama State Hornets,Kobie Jones,4044687,0,0,0
2017,Albany Great Danes,Will Brunson,3911901,0,0,0
2017,Alcorn State Braves,Lenorris Footman,547796,0,0,1
2017,American,John O'Korn,545550,0,1,25
2017,Appalachian State Mountaineers,Taylor Lamb,548447,1,3,37
2017,Arizona State Sun Devils,Manny Wilkins,3128814,1,1,10
2017,Arizona Wildcats,Khalil Tate,4039602,0,0,6
2017,Arkansas Razorbacks,Austin Allen,547206,1,2,19
2017,Arkansas State Red Wolves,Justice Hansen,3116379,1,1,13
2017,Arkansas-Pine Bluff Golden Lions,Brandon Duncan,553007,0,0,0
2017,Army Black Knights,Ahmad Bradshaw,3129089,1,2,19
2017,Auburn Tigers,Jarrett Stidham,3892775,0,0,10
2017,Austin Peay Governors,Jeremiah Oatsvall,4249033,0,0,0
2017,BYU Cougars,Tanner Mangum,545796,1,1,17
2017,Ball State Cardinals,Jack Milas,546005,0,1,11
2017,Baylor Bears,Charlie Brewer,4241222,0,0,0
2017,Bethune-Cookman Wildcats,Larry Brihm Jr.,555829,1,1,3
2017,Boise State Broncos,Brett Rypien,3722362,1,2,24
2017,Boston College Eagles,Anthony Brown Jr.,4035312,0,0,0
2017,Bowling Green Falcons,James Morgan,3914395,1,1,10
2017,Buffalo Bulls,Tyree Jackson,3916564,1,1,10
2017,Cal Poly Mustangs,Khaleel Jenkins,3910281,0,0,0
2017,California Golden Bears,Ross Bowers,3858269,0,0,0
2017,Central Arkansas Bears,Hayden Hildebrand,548894,1,1,1
2017,Central Connecticut Blue Devils,Tanner Kingsley,3921588,0,0,0
2017,Central Michigan Chippewas,Shane Morris,546706,0,0,10
2017,Charleston Southern Buccaneers,Shane Bucenell,4029721,0,0,0
2017,Charlotte 49ers,Hasaan Klugh,3139889,1,1,10
2017,Chattanooga Mocs,Nick Tiano,3917280,0,0,1
2017,Cincinnati Bearcats,Hayden Moore,3125813,1,1,15
2017,Clemson Tigers,Kelly Bryant,3728240,0,0,6
2017,Coastal Carolina Chanticleers,Tyler Keane,557700,0,0,0
2017,Colgate Raiders,Grant Breneman,4247540,0,0,0
2017,Colorado Buffaloes,Steven Montez,3915436,0,0,8
2017,Colorado State Rams,Nick Stevens,546267,1,2,26
2017,Delaware Blue Hens,Joe Walker,3912052,0,1,1
2017,Delaware State Hornets,Jack McDaniels,4259966,0,0,0
2017,Duke Blue Devils,Daniel Jones,3917792,1,1,11
2017,East All-Stars,J.T. Barrett,545624,0,2,36
2017,East Carolina Pirates,Gardner Minshew II,4038524,0,0,7
2017,Eastern Illinois Panthers,Mitch Kimble,545275,1,1,3
2017,Eastern Kentucky Colonels,Tim Boyle,546675,0,0,18
2017,Eastern Michigan Eagles,Brogan Roback,552782,1,2,32
2017,Eastern Washington Eagles,Gage Gubrud,3122176,1,1,1
2017,Elon Phoenix,Davis Cheek,4248286,0,0,0
2017,Florida A&M Rattlers,Vincent Jeffries,4051399,0,0,0
2017,Florida Atlantic Owls,Jason Driskel,3122713,1,1,19
2017,Florida Gators,Feleipe Franks,4034948,0,0,0
2017,Florida Intl Golden Panthers,Alex McGough,3128843,1,3,30
2017,Florida State Seminoles,James Blackman,4240020,0,0,0
2017,Fordham Rams,Kevin Anderson,552663,1,2,2
2017,Fresno State Bulldogs,Marcus McMaryion,3127332,0,1,15
2017,Furman Paladins,P.J. Blazejowski,559492,1,2,3
2017,Gardner-Webb Bulldogs,Tyrell Maxwell,3140998,1,2,3
2017,Georgia Bulldogs,Jake Fromm,4240689,0,0,0
2017,Georgia Southern Eagles,Shai Werts,4036650,0,0,0
2017,Georgia State Panthers,Conner Manning,550226,1,1,11
2017,Georgia Tech Yellow Jackets,TaQuon Marshall,3917810,0,0,1
2017,Grambling Tigers,Devante Kincade,550123,0,0,10
2017,Hampton Pirates,Greene Brendan,4262556,0,0,0
2017,Hawai'i Rainbow Warriors,Dru Brown,4038224,1,1,13
2017,Holy Cross Crusaders,Peter Pujals,547904,0,0,0
2017,Houston Baptist Huskies,Bailey Zappe,4250360,0,0,0
2017,Houston Cougars,Kyle Postma,553532,0,0,9
2017,Howard Bison,Caylin Newton,4247724,0,0,0
2017,Idaho State Bengals,Tanner Gueller,3139063,1,1,4
2017,Idaho Vandals,Matt Linehan,553235,1,3,31
2017,Illinois Fighting Illini,Jeff George Jr.,3861927,0,0,4
2017,Incarnate Word Cardinals,Taylor Laird,3125071,0,0,1
2017,Indiana Hoosiers,Richard Lagow,546687,1,1,13
2017,Indiana State Sycamores,Cade Sparks,4051890,0,0,0
2017,Iowa Hawkeyes,Nate Stanley,4036149,0,0,5
2017,Iowa State Cyclones,Kyle Kempt,552119,0,0,1
2017,Jackson State Tigers,Brent Lyles,3909328,0,0,1
2017,Jacksonville State Gamecocks,Bryant Horn,3127026,0,0,0
2017,James Madison Dukes,Bryan Schor,3137736,1,1,1
2017,Kansas Jayhawks,Peyton Bender,3127261,0,0,5
2017,Kansas State Wildcats,Jesse Ertz,550448,1,1,13
2017,Kent State Golden Flashes,George Bollas,3125858,0,0,13
2017,Kentucky Wildcats,Stephen Johnson,557882,1,2,13
2017,LSU Tigers,Danny Etling,550170,1,2,24
2017,Lamar Cardinals,Darrel Colbert Jr.,3128413,0,0,7
2017,Liberty Flames,Stephen Calvert,4029885,1,0,2
2017,Louisiana Monroe Warhawks,Caleb Evans,4036585,0,0,6
2017,Louisiana Ragin' Cajuns,Jordan Davis,3124912,0,0,4
2017,Louisiana Tech Bulldogs,J'Mar Smith,3914382,1,0,5
2017,Louisville Cardinals,Lamar Jackson,3916387,1,2,24
2017,Maine Black Bears,Chris Ferguson,4034303,0,0,0
2017,Marshall Thundering Herd,Chase Litton,3931782,1,2,19
2017,Maryland Terrapins,Max Bortenschlager,4036215,0,0,2
2017,Massachusetts Minutemen,Andrew Ford,3116772,1,1,10
2017,Memphis Tigers,Riley Ferguson,546539,1,1,13
2017,Mercer Bears,Kaelan Riley,4043931,0,0,0
2017,Miami (OH) RedHawks,Gus Ragland,3125968,1,1,15
2017,Miami Hurricanes,Malik Rosier,3123047,0,0,5
2017,Michigan State Spartans,Brian Lewerke,3929824,0,0,4
2017,Michigan Wolverines,John O'Korn,545550,0,2,25
2017,Middle Tennessee Blue Raiders,Brent Stockstill,545683,1,2,23
2017,Minnesota Golden Gophers,Demry Croft,3728285,0,0,3
2017,Mississippi State Bulldogs,Nick Fitzgerald,558337,1,1,17
2017,Missouri State Bears,Peyton Huslig,4248313,0,0,0
2017,Missouri Tigers,Drew Lock,3924327,1,2,24
2017,Montana Grizzlies,Reese Phillips,546354,0,0,3
2017,Montana State Bobcats,Chris Murray,4047491,0,0,1
2017,Morgan State Bears,Elijah Staley,559650,0,0,2
2017,Murray State Racers,Corey Newble,4249971,0,0,0
2017,NC State Wolfpack,Ryan Finley,546288,1,1,19
2017,NORTH All-Stars,Tanner Lee,545757,0,3,19
2017,National,Austin Allen,547206,0,1,19
2017,Navy Midshipmen,Zach Abey,3916251,0,0,3
2017,Nebraska Cornhuskers,Tanner Lee,545757,0,2,19
2017,Nevada Wolf Pack,Ty Gangi,3122611,0,0,8
2017,New Hampshire Wildcats,Trevor Knight,3120706,0,0,0
2017,New Mexico Lobos,Tevaka Tuioti,4039390,0,0,0
2017,New Mexico State Aggies,Tyler Rogers,3124981,1,2,25
2017,Nicholls Colonels,Chase Fourcade,4051573,1,1,2
2017,North Carolina A&T Aggies,Lamar Raynard,3139898,1,2,2
2017,North Carolina Central Eagles,Micah Zanders,3930389,0,0,0
2017,North Carolina Tar Heels,Chazz Surratt,4037521,0,0,0
2017,North Dakota Fighting Hawks,Keaton Studsrud,3119431,1,2,2
2017,North Texas Mean Green,Mason Fine,4039073,1,1,10
2017,Northern Arizona Lumberjacks,Case Cookus,3913822,1,1,2
2017,Northern Colorado Bears,Jacob Knipp,3121083,0,0,0
2017,Northern Illinois Huskies,Marcus Childers,4039470,0,0,0
2017,Northern Iowa Panthers,Eli Dunne,3120656,0,0,1
2017,Northwestern State Demons,J.D. Almond,549717,0,0,3
2017,Northwestern Wildcats,Clayton Thorson,3116144,1,2,26
2017,Notre Dame Fighting Irish,Brandon Wimbush,3932451,0,0,2
2017,Ohio Bobcats,Nathan Rourke,4244688,0,0,0
2017,Ohio State Buckeyes,J.T. Barrett,545624,1,3,36
2017,Oklahoma Sooners,Baker Mayfield,550373,1,2,34
2017,Oklahoma State Cowboys,Mason Rudolph,3116407,1,2,29
2017,Old Dominion Monarchs,Steven Williams,4243485,0,0,0
2017,Ole Miss Rebels,Shea Patterson,4035292,0,0,3
2017,Oregon Ducks,Justin Herbert,4038941,1,1,8
2017,Oregon State Beavers,Darell Garretson,550720,1,2,19
2017,Penn State Nittany Lions,Trace McSorley,3116172,1,1,20
2017,Pittsburgh Panthers,Ben DiNucci,3895785,0,0,1
2017,Portland State Vikings,Jalani Eason,4248831,0,0,0
2017,Presbyterian College Blue Hose,Ben Cheek,3121291,1,1,3
2017,Purdue Boilermakers,Elijah Sindelar,3791146,0,0,5
2017,Rhode Island Rams,Tyler Harris,3126304,0,0,5
2017,Rice Owls,Jackson Tyner,3916383,0,0,3
2017,Rutgers Scarlet Knights,Kyle Bolin,545559,0,0,15
2017,SMU Mustangs,Ben Hicks,3916208,1,1,12
2017,SOUTH All-Stars,Kyle Lauletta,548643,0,2,2
2017,Sacramento State Hornets,Kevin Thomson,3125336,0,0,0
2017,Samford Bulldogs,Devlin Hodges,3127051,1,2,2
2017,San Diego State Aztecs,Christian Chapman,3139921,1,1,18
2017,San Jose State Spartans,Montel Aaron,4036850,0,0,0
2017,Savannah State Tigers,TJ Bell,4250466,0,0,0
2017,South Alabama Jaguars,Cole Garvin,3139423,0,0,5
2017,South Carolina Gamecocks,Jake Bentley,4038809,1,1,7
2017,South Dakota Coyotes,Chris Streveler,545477,1,1,4
2017,South Florida Bulls,Quinton Flowers,3139591,1,2,29
2017,Southeast Missouri State Redhawks,Jesse Hosket,4034549,1,1,1
2017,Southern Illinois Salukis,Sam Straub,3121350,0,0,1
2017,Southern Jaguars,Glendon McDaniel,4251245,0,0,0
2017,Southern Mississippi Golden Eagles,Kwadra Griggs,4039275,0,0,0
2017,Southern Utah Thunderbirds,Patrick Tyler,4033387,1,1,1
2017,Stanford Cardinal,KJ Costello,4044431,0,0,0
2017,Stephen F. Austin Lumberjacks,Jake Blumrick,3911491,0,0,0
2017,Stony Brook Seawolves,Joe Carbone,3120809,1,1,1
2017,Syracuse Orange,Eric Dungey,3916447,1,2,17
2017,TCU Horned Frogs,Kenny Hill,549865,1,2,25
2017,Temple Owls,Logan Marchi,3914214,0,0,2
2017,Tennessee State Tigers,Treon Harris,3121647,0,1,19
2017,Tennessee Tech Golden Eagles,Andre Sale,4034595,0,0,0
2017,Tennessee Volunteers,Jarrett Guarantano,4035167,0,0,0
2017,Texas A&M Aggies,Kellen Mond,4240904,0,0,0
2017,Texas Longhorns,Sam Ehlinger,4241820,0,0,0
2017,Texas State Bobcats,Damian Williams,546603,0,0,15
2017,Texas Tech Red Raiders,Nic Shimonek,545364,0,1,5
2017,The Citadel Bulldogs,Jordan Black,3911676,0,0,1
2017,Toledo Rockets,Logan Woodside,545910,1,2,27
2017,Towson Tigers,Ryan Stover,4033880,0,0,0
2017,Troy Trojans,Brandon Silvers,546145,1,3,33
2017,Tulane Green Wave,Jonathan Banks,3916103,0,0,0
2017,Tulsa Golden Hurricane,Chad President,3917007,0,0,4
2017,UAB Blazers,A.J. Erdely,545682,0,0,1
2017,UC Davis Aggies,Jake Maier,4248777,0,0,0
2017,UCF Knights,McKenzie Milton,4042113,1,1,9
2017,UCLA Bruins,Josh Rosen,3886377,1,1,19
2017,UConn Huskies,Bryant Shirreffs,549956,0,2,23
2017,UNLV Rebels,Armani Rogers,4056052,0,0,0
2017,USC Trojans,Sam Darnold,3912547,1,1,13
2017,UT Martin Skyhawks,Troy Cook,551552,1,1,3
2017,UT San Antonio Roadrunners,Dalton Sturm,3124037,1,2,22
2017,UTEP Miners,Zack Greenlee,550587,1,1,16
2017,Utah State Aggies,Jordan Love,4036378,0,0,0
2017,Utah Utes,Tyler Huntley,4035671,0,0,3
2017,VMI Keydets,Duncan Hodges,4032411,0,0,0
2017,Vanderbilt Commodores,Kyle Shurmur,3915776,1,1,18
2017,Villanova Wildcats,Zach Bednarczyk,3120851,1,1,1
2017,Virginia Cavaliers,Kurt Benkert,545645,1,1,13
2017,Virginia Tech Hokies,Josh Jackson,4037603,0,0,0
2017,Wagner Seahawks,Luke Massei,3913122,0,0,0
2017,Wake Forest Demon Deacons,John Wolford,3124092,1,3,35
2017,Washington Huskies,Jake Browning,3886812,1,2,26
2017,Washington State Cougars,Luke Falk,550629,1,2,30
2017,Weber State Wildcats,Stefan Cantwell,4032456,0,0,0
2017,West All-Stars,Nic Shimonek,545364,0,0,5
2017,West Virginia Mountaineers,Will Grier,559556,0,0,6
2017,Western Carolina Catamounts,Tyrie Adams,3911636,1,1,2
2017,Western Illinois Leathernecks,Sean McGuire,3121628,1,1,2
2017,Western Kentucky Hilltoppers,Mike White,549804,1,3,30
2017,Western Michigan Broncos,Jon Wassink,3916726,0,0,0
2017,William & Mary Tribe,Tommy McKee,3912188,0,0,1
2017,Wisconsin Badgers,Alex Hornibrook,3886609,1,1,12
2017,Wofford Terriers,Brandon Goodson,552549,0,0,2
2017,Wyoming Cowboys,Josh Allen,3918298,1,1,15
2017,Youngstown State Penguins,Hunter Wells,3140598,0,1,1
2018,Abilene Christian Wildcats,Luke Anthony,4043980,0,0,2
2018,Air Force Falcons,Isaiah Sanders,4239964,0,0,2
2018,Akron Zips,Kato Nelson,4038741,0,0,10
2018,Alabama A&M Bulldogs,Aqeel Glass,4250212,1,1,3
2018,Alabama Crimson Tide,Tua Tagovailoa,4241479,0,0,8
2018,Alabama State Hornets,Darryl Pearson Jr.,4250414,0,0,1
2018,Albany Great Danes,Vincent Testaverde,3139487,0,0,1
2018,Alcorn State Braves,Noah Johnson,3928455,0,1,1
2018,American,Kyle Shurmur,3915776,0,3,30
2018,Appalachian State Mountaineers,Zac Thomas,4036429,0,0,1
2018,Arizona State Sun Devils,Manny Wilkins,3128814,1,2,23
2018,Arizona Wildcats,Khalil Tate,4039602,1,1,17
2018,Arkansas Razorbacks,Ty Storey,3886621,0,0,2
2018,Arkansas State Red Wolves,Justice Hansen,3116379,1,2,25
2018,Arkansas-Pine Bluff Golden Lions,Skyler Perry,4383504,0,0,0
2018,Army Black Knights,Kelvin Hopkins Jr.,4036923,0,0,6
2018,Auburn Tigers,Jarrett Stidham,3892775,1,1,24
2018,Austin Peay Governors,JaVaughn Craig,4051927,1,1,3
2018,BYU Cougars,Zach Wilson,4361259,0,0,0
2018,Ball State Cardinals,Riley Neal,3915468,1,2,25
2018,Baylor Bears,Charlie Brewer,4241222,0,1,7
2018,Bethune-Cookman Wildcats,David Israel,4259407,0,0,0
2018,Boise State Broncos,Brett Rypien,3722362,1,3,37
2018,Boston College Eagles,Anthony Brown Jr.,4035312,1,1,10
2018,Bowling Green Falcons,Jarret Doege,4244029,0,0,7
2018,Buffalo Bulls,Tyree Jackson,3916564,1,2,18
2018,California Golden Bears,Chase Garbers,4242408,0,0,0
2018,Campbell Fighting Camels,Daniel Smith,4051021,0,0,0
2018,Central Arkansas Bears,Breylin Smith,4032198,0,0,0
2018,Central Connecticut Blue Devils,Jake Dolegala,3921586,0,0,0
2018,Central Michigan Chippewas,Tony Poljan,4039271,0,0,8
2018,Charleston Southern Buccaneers,London Johnson,3953574,0,0,1
2018,Charlotte 49ers,Chris Reynolds,4259269,0,0,0
2018,Chattanooga Mocs,Nick Tiano,3917280,1,1,2
2018,Cincinnati Bearcats,Desmond Ridder,4239086,0,0,0
2018,Clemson Tigers,Trevor Lawrence,4360310,0,0,0
2018,Coastal Carolina Chanticleers,Kilton Anderson,3124529,0,0,13
2018,Colgate Raiders,Sage Attwood,3909280,0,0,1
2018,Colorado Buffaloes,Steven Montez,3915436,1,1,20
2018,Colorado State Rams,K.J. Carta-Samuels,3127291,0,0,12
2018,Delaware State Hornets,Jack McDaniels,4259966,1,1,2
2018,Drake Bulldogs,Grant Kraemer,4051481,0,0,0
2018,Duke Blue Devils,Daniel Jones,3917792,1,2,24
2018,Duquesne Dukes,Daniel Parr,3919110,0,0,11
2018,East All-Stars,David Blough,3116188,0,3,30
2018,East Carolina Pirates,Reid Herring,4038520,0,0,1
2018,East Tennessee State Buccaneers,Logan Marchi,3914214,0,1,9
2018,Eastern Illinois Panthers,Johnathan Brantley,4040641,0,0,6
2018,Eastern Kentucky Colonels,Dakota Allen,4250715,0,0,0
2018,Eastern Michigan Eagles,Tyler Wiegers,3144983,0,0,4
2018,Eastern Washington Eagles,Gage Gubrud,3122176,1,2,2
2018,Elon Phoenix,Davis Cheek,4248286,1,1,1
2018,Florida A&M Rattlers,Ryan Stanley,3927948,0,0,1
2018,Florida Atlantic Owls,Chris Robison,4241399,0,0,0
2018,Florida Gators,Feleipe Franks,4034948,1,1,11
2018,Florida International Panthers,James Morgan,3914395,0,2,17
2018,Florida State Seminoles,Deondre Francois,3921561,1,1,14
2018,Fordham Rams,Luke Medlock,3128842,0,0,1
2018,Fresno State Bulldogs,Marcus McMaryion,3127332,1,2,29
2018,Furman Paladins,Darren Grainger,4369448,0,0,0
2018,Gardner-Webb Bulldogs,Jordan Smith,4246131,0,0,0
2018,Georgia Bulldogs,Jake Fromm,4240689,1,1,15
2018,Georgia Southern Eagles,Shai Werts,4036650,1,1,11
2018,Georgia State Panthers,Dan Ellington,4361902,0,0,0
2018,Georgia Tech Yellow Jackets,TaQuon Marshall,3917810,1,1,12
2018,Grambling Tigers,Geremy Hickbottom,4250903,0,0,1
2018,Hawai'i Rainbow Warriors,Cole McDonald,4038220,0,0,3
2018,Holy Cross Crusaders,Emmett Clifford,4030554,0,0,0
2018,Houston Baptist Huskies,Bailey Zappe,4250360,1,1,1
2018,Houston Cougars,D'Eriq King,4039300,1,0,11
2018,Howard Bison,Caylin Newton,4247724,1,1,2
2018,Idaho State Bengals,Tanner Gueller,3139063,1,2,6
2018,Idaho Vandals,Mason Petrino,4048933,0,0,6
2018,Illinois Fighting Illini,AJ Bush Jr.,3116087,0,0,3
2018,Illinois State Redbirds,Brady Davis,3916142,0,0,0
2018,Incarnate Word Cardinals,Jon Copeland,4371174,0,0,0
2018,Indiana Hoosiers,Peyton Ramsey,4045290,0,0,8
2018,Indiana State Sycamores,Jalil Kilpatrick,4368126,0,0,0
2018,Iowa Hawkeyes,Nate Stanley,4036149,1,1,18
2018,Iowa State Cyclones,Brock Purdy,4361741,0,0,0
2018,Jackson State Tigers,Derrick Ponder,4383341,0,0,0
2018,James Madison Dukes,Ben DiNucci,3895785,0,1,11
2018,Kansas Jayhawks,Peyton Bender,3127261,1,1,15
2018,Kansas State Wildcats,Skylar Thompson,4036419,0,0,7
2018,Kennesaw State Owls,Chandler Burks,3911917,0,0,0
2018,Kent State Golden Flashes,Woody Barrett,4035492,0,0,0
2018,Kentucky Wildcats,Terry Wilson,4038940,0,0,0
2018,LSU Tigers,Joe Burrow,3915511,0,0,8
2018,Lafayette Leopards,Sean O'Malley,4247780,0,0,0
2018,Lamar Cardinals,Darrel Colbert Jr.,3128413,1,1,8
2018,Lehigh Mountain Hawks,Brad Mayes,3912949,0,0,0
2018,Liberty Flames,Stephen Calvert,4029885,1,1,3
2018,Louisiana Ragin' Cajuns,Andre Nunez,4241553,0,0,4
2018,Louisiana Tech Bulldogs,J'Mar Smith,3914382,1,1,18
2018,Louisville Cardinals,Jawon Pass,4035995,0,0,4
2018,Maine Black Bears,Isaiah Robinson,4250012,0,0,0
2018,Marshall Thundering Herd,Isaiah Green,4261909,0,0,0
2018,Maryland Terrapins,Kasim Hill,4241937,0,0,3
2018,Massachusetts Minutemen,Ross Comis,3125927,0,0,19
2018,McNeese Cowboys,James Tabary,3123719,0,1,7
2018,Memphis Tigers,Brady White,3893630,0,0,2
2018,Mercer Bears,Robert Riddle,4248731,0,0,0
2018,Miami (OH) RedHawks,Gus Ragland,3125968,1,2,24
2018,Miami Hurricanes,N'Kosi Perry,4240628,0,0,0
2018,Michigan State Spartans,Brian Lewerke,3929824,1,1,17
2018,Michigan Wolverines,Shea Patterson,4035292,0,1,10
2018,Middle Tennessee Blue Raiders,Brent Stockstill,545683,1,3,30
2018,Minnesota Golden Gophers,Zack Annexstad,4360936,0,0,0
2018,Mississippi State Bulldogs,Nick Fitzgerald,558337,1,2,29
2018,Missouri State Bears,Peyton Huslig,4248313,1,1,1
2018,Missouri Tigers,Drew Lock,3924327,1,3,37
2018,Monmouth Hawks,Kenji Bahar,3910249,0,1,1
2018,Morgan State Bears,DeAndre Harris,4030759,0,0,2
2018,Murray State Racers,Drew Anderson,4040826,0,0,5
2018,NC State Wolfpack,Ryan Finley,546288,1,2,32
2018,NORTH All-Stars,Drew Lock,3924327,0,4,37
2018,National,Jake Browning,3886812,0,4,39
2018,Navy Midshipmen,Garret Lewis,3916282,0,0,4
2018,Nebraska Cornhuskers,Adrian Martinez,4361182,0,0,0
2018,Nevada Wolf Pack,Ty Gangi,3122611,1,1,18
2018,New Hampshire Wildcats,Christian Lupoli,4032529,0,0,0
2018,New Mexico Lobos,Sheriron Jones,3915379,0,0,1
2018,New Mexico State Aggies,Josh Adkins,4241635,0,0,0
2018,Nicholls Colonels,Chase Fourcade,4051573,1,2,3
2018,Norfolk State Spartans,Juwan Carter,4247919,0,0,0
2018,North Carolina A&T Aggies,Lamar Raynard,3139898,1,3,3
2018,North Carolina Central Eagles,Naiil Ramadan,4037398,0,0,0
2018,North Carolina Tar Heels,Nathan Elliott,3895838,0,0,8
2018,North Dakota Fighting Hawks,Nate Ketteringham,3910639,0,1,1
2018,North Texas Mean Green,Mason Fine,4039073,1,2,24
2018,Northern Arizona Lumberjacks,Case Cookus,3913822,1,2,3
2018,Northern Illinois Huskies,Marcus Childers,4039470,1,1,11
2018,Northern Iowa Panthers,Eli Dunne,3120656,1,1,2
2018,Northwestern State Demons,Clay Holgorsen,3126207,0,0,5
2018,Northwestern Wildcats,Clayton Thorson,3116144,1,3,39
2018,Notre Dame Fighting Irish,Ian Book,4046678,0,0,8
2018,Ohio Bobcats,Nathan Rourke,4244688,1,1,12
2018,Ohio State Buckeyes,Dwayne Haskins,4040616,0,0,8
2018,Oklahoma Sooners,Kyler Murray,3917315,0,0,11
2018,Oklahoma State Cowboys,Taylor Cornelius,3122424,0,0,6
2018,Old Dominion Monarchs,Blake LaRussa,3914543,1,0,10
2018,Ole Miss Rebels,Jordan Ta'amu,4242418,0,0,6
2018,Oregon Ducks,Justin Herbert,4038941,1,2,16
2018,Oregon State Beavers,Jake Luton,3124900,1,0,9
2018,Penn State Nittany Lions,Trace McSorley,3116172,1,2,33
2018,Pittsburgh Panthers,Kenny Pickett,4240703,0,0,4
2018,Portland State Vikings,Davis Alexander,4028076,0,0,1
2018,Prairie View Panthers,Jalen Morton,3933408,0,0,2
2018,Purdue Boilermakers,David Blough,3116188,0,2,30
2018,Rhode Island Rams,JaJuan Lawson,3124662,0,0,3
2018,Rice Owls,Shawn Stankavage,3122170,0,0,1
2018,Richmond Spiders,Kevin Johnson,3912397,0,0,0
2018,Rutgers Scarlet Knights,Artur Sitkowski,4361530,0,0,0
2018,SMU Mustangs,Ben Hicks,3916208,1,2,25
2018,SOUTH All-Stars,Tyree Jackson,3916564,0,3,18
2018,Sacramento State Hornets,Kevin Thomson,3125336,1,1,1
2018,Samford Bulldogs,Devlin Hodges,3127051,1,3,3
2018,San Diego State Aztecs,Ryan Agnew,3921648,0,0,4
2018,San Jose State Spartans,Josh Love,3921685,1,0,13
2018,Savannah State Tigers,D'Vonn Gibbons,4266583,0,0,1
2018,South Alabama Jaguars,Evan Orth,3129265,0,0,1
2018,South Carolina Gamecocks,Jake Bentley,4038809,1,2,20
2018,South Carolina State Bulldogs,Tyrece Nick,4251048,0,0,0
2018,South Dakota Coyotes,Austin Simmons,4041531,0,0,1
2018,South Florida Bulls,Blake Barnett,3858944,0,0,5
2018,Southeast Missouri State Redhawks,Anthony Cooper,559516,0,0,0
2018,Southeastern Louisiana Lions,Chason Virgil,3918038,0,1,16
2018,Southern Illinois Salukis,Sam Straub,3121350,1,1,2
2018,Southern Jaguars,John Lampley,4251244,0,0,0
2018,Southern Mississippi Golden Eagles,Jack Abraham,4040407,0,0,0
2018,Southern Utah Thunderbirds,Chris Helbig,4040873,0,0,0
2018,Stanford Cardinal,KJ Costello,4044431,1,1,11
2018,Stephen F. Austin Lumberjacks,Foster Sawyer,3116417,0,0,12
2018,Stony Brook Seawolves,Joe Carbone,3120809,1,2,2
2018,Syracuse Orange,Eric Dungey,3916447,1,3,26
2018,TCU Horned Frogs,Shawn Robinson,4241784,0,0,4
2018,Temple Owls,Anthony Russo,4044122,0,0,0
2018,Tennessee State Tigers,Demry Croft,3728285,0,1,11
2018,Tennessee Tech Golden Eagles,Bailey Fisher,4368908,0,0,0
2018,Tennessee Volunteers,Jarrett Guarantano,4035167,1,1,9
2018,Texas A&M Aggies,Kellen Mond,4240904,1,1,10
2018,Texas Longhorns,Sam Ehlinger,4241820,1,1,9
2018,Texas Southern Tigers,Jay Christophe,547963,0,0,0
2018,Texas State Bobcats,Tyler Vitt,4362667,0,0,0
2018,Texas Tech Red Raiders,Alan Bowman,4362159,0,0,0
2018,The Citadel Bulldogs,Brandon Rainey,4032239,0,0,0
2018,Toledo Rockets,Eli Peters,4039495,0,0,0
2018,Towson Tigers,Tom Flacco,3916725,0,0,6
2018,Troy Trojans,Sawyer Smith,4039901,0,0,6
2018,Tulane Green Wave,Jonathan Banks,3916103,1,1,10
2018,Tulsa Golden Hurricane,Seth Boomer,4244601,0,0,0
2018,UAB Blazers,A.J. Erdely,545682,1,1,14
2018,UC Davis Aggies,Jake Maier,4248777,1,1,1
2018,UCF Knights,McKenzie Milton,4042113,1,2,22
2018,UCLA Bruins,Wilton Speight,3115966,0,1,21
2018,UConn Huskies,David Pindell,4239134,1,0,7
2018,UL Monroe Warhawks,Caleb Evans,4036585,0,1,18
2018,UNLV Rebels,Max Gilliam,4035856,0,0,0
2018,USC Trojans,JT Daniels,4374303,0,0,0
2018,UT Martin Skyhawks,Dresser Winn,4250970,0,0,0
2018,UTEP Miners,Kai Locksley,4362029,0,0,0
2018,UTSA Roadrunners,Cordale Grundy,4362984,0,0,0
2018,Utah State Aggies,Jordan Love,4036378,0,1,12
2018,Utah Utes,Tyler Huntley,4035671,1,1,13
2018,VMI Keydets,Reece Udinski,4249295,0,0,1
2018,Vanderbilt Commodores,Kyle Shurmur,3915776,1,2,30
2018,Villanova Wildcats,Zach Bednarczyk,3120851,1,2,2
2018,Virginia Cavaliers,Bryce Perkins,3675812,0,0,0
2018,Virginia Tech Hokies,Ryan Willis,3917958,0,1,16
2018,Wagner Seahawks,T.J. Linta,3118131,0,0,0
2018,Wake Forest Demon Deacons,Sam Hartman,4361994,0,0,0
2018,Washington Huskies,Jake Browning,3886812,1,3,39
2018,Washington State Cougars,Gardner Minshew II,4038524,0,1,17
2018,Weber State Wildcats,Kaden Jenks,4251112,0,0,0
2018,West All-Stars,Brett Rypien,3722362,0,4,37
2018,West Virginia Mountaineers,Will Grier,559556,1,1,17
2018,Western Carolina Catamounts,Tyrie Adams,3911636,1,2,4
2018,Western Illinois Leathernecks,Sean McGuire,3121628,1,2,3
2018,Western Kentucky Hilltoppers,Steven Duncan,4037556,0,0,0
2018,Western Michigan Broncos,Jon Wassink,3916726,1,1,8
2018,William & Mary Tribe,Shon Mitchell,4249609,0,0,0
2018,Wisconsin Badgers,Alex Hornibrook,3886609,1,2,26
2018,Wofford Terriers,Joe Newman,4032575,0,0,1
2018,Wyoming Cowboys,Tyler Vander Waal,4240351,0,0,0
2018,Youngstown State Penguins,Montgomery VanGorder,3129311,0,0,0
2019,Abilene Christian Wildcats,Luke Anthony,4043980,1,1,3
2019,Air Force Falcons,Donald Hammond III,4382332,1,0,7
2019,Akron Zips,Kato Nelson,4038741,1,1,21
2019,Alabama Crimson Tide,Tua Tagovailoa,4241479,1,1,23
2019,Alabama State Hornets,KHA'Darris Davis,4250415,0,0,1
2019,Albany Great Danes,Jeff Undercuffler Jr.,4366715,0,0,0
2019,Alcorn State Braves,Noah Johnson,3928455,1,2,3
2019,American,Brian Lewerke,3929824,0,3,28
2019,Appalachian State Mountaineers,Zac Thomas,4036429,1,1,13
2019,Arizona State Sun Devils,Jayden Daniels,4426348,0,0,0
2019,Arizona Wildcats,Khalil Tate,4039602,1,2,28
2019,Arkansas Razorbacks,Nick Starkel,4035225,0,0,11
2019,Arkansas State Red Wolves,Layne Hatcher,4361222,0,0,0
2019,Arkansas-Pine Bluff Golden Lions,Shannon Patrick,4383503,0,0,0
2019,Army Black Knights,Kelvin Hopkins Jr.,4036923,1,1,18
2019,Auburn Tigers,Bo Nix,4426338,0,0,0
2019,BYU Cougars,Zach Wilson,4361259,1,1,9
2019,Ball State Cardinals,Drew Plitt,4039210,0,0,12
2019,Baylor Bears,Charlie Brewer,4241222,1,2,20
2019,Bethune-Cookman Wildcats,Akevious Williams,3945456,1,0,1
2019,Boise State Broncos,Hank Bachmeier,4426499,0,0,0
2019,Boston College Eagles,Dennis Grosel,4239939,0,0,0
2019,Bowling Green Falcons,Grant Loy,4046743,0,0,12
2019,Bucknell Bison,Tarrin Earle,4367450,0,0,0
2019,Buffalo Bulls,Kyle Vantrease,4239714,0,0,5
2019,Cal Poly Mustangs,Jalen Hamler,4364470,0,0,0
2019,California Golden Bears,Chase Garbers,4242408,1,1,11
2019,Campbell Fighting Camels,Hajj-Malik Williams,4571364,0,0,0
2019,Central Arkansas Bears,Breylin Smith,4032198,1,1,1
2019,Central Connecticut Blue Devils,Aaron Winchester,3917540,0,0,11
2019,Central Michigan Chippewas,Quinten Dormady,3886565,0,0,13
2019,Charleston Southern Buccaneers,Jack Chambers,4246097,0,0,1
2019,Charlotte 49ers,Chris Reynolds,4259269,1,1,6
2019,Chattanooga Mocs,Nick Tiano,3917280,1,2,3
2019,Cincinnati Bearcats,Desmond Ridder,4239086,1,1,13
2019,Clemson Tigers,Trevor Lawrence,4360310,1,1,15
2019,Coastal Carolina Chanticleers,Fred Payton,4361033,0,0,6
2019,Colgate Raiders,Grant Breneman,4247540,0,1,1
2019,Colorado Buffaloes,Steven Montez,3915436,1,2,32
2019,Colorado State Rams,Patrick O'Brien,4034857,0,0,3
2019,Delaware Blue Hens,Nolan Henderson,4248104,0,0,0
2019,Duke Blue Devils,Quentin Harris,3917793,0,0,12
2019,East All-Stars,James Morgan,3914395,0,4,29
2019,East Carolina Pirates,Holton Ahlers,4360131,0,0,10
2019,East Tennessee State Buccaneers,Trey Mitchell,4383427,0,0,0
2019,Eastern Illinois Panthers,Johnathan Brantley,4040641,1,1,7
2019,Eastern Kentucky Colonels,Conor Blount,4042803,0,0,12
2019,Eastern Michigan Eagles,Mike Glass III,4259127,0,0,8
2019,Eastern Washington Eagles,Eric Barriere,4027419,0,0,1
2019,Elon Phoenix,Davis Cheek,4248286,1,2,2
2019,Florida A&M Rattlers,Ryan Stanley,3927948,1,1,2
2019,Florida Atlantic Owls,Chris Robison,4241399,1,1,11
2019,Florida Gators,Kyle Trask,4034946,0,0,3
2019,Florida International Panthers,James Morgan,3914395,1,3,29
2019,Florida State Seminoles,James Blackman,4240020,0,1,15
2019,Fordham Rams,Tim DeMorat,4367790,0,0,0
2019,Fresno State Bulldogs,Jorge Reyna,4242995,0,0,4
2019,Furman Paladins,Darren Grainger,4369448,1,1,1
2019,Gardner-Webb Runnin' Bulldogs,Jordan Smith,4246131,0,1,1
2019,Georgia Bulldogs,Jake Fromm,4240689,1,2,29
2019,Georgia Southern Eagles,Shai Werts,4036650,1,2,24
2019,Georgia State Panthers,Dan Ellington,4361902,1,1,11
2019,Georgia Tech Yellow Jackets,James Graham,4360578,0,0,1
2019,Grambling Tigers,Geremy Hickbottom,4250903,1,1,2
2019,Hampton Pirates,Deondre Francois,3921561,0,2,25
2019,Hawai'i Rainbow Warriors,Cole McDonald,4038220,1,1,16
2019,Holy Cross Crusaders,Connor Degenhardt,4247704,0,0,1
2019,Houston Baptist Huskies,Bailey Zappe,4250360,1,2,2
2019,Houston Cougars,Clayton Tune,4360175,0,0,5
2019,Howard Bison,Caylin Newton,4247724,1,2,4
2019,Idaho State Bengals,Matt Struck,4383847,0,0,0
2019,Idaho Vandals,Mason Petrino,4048933,1,1,8
2019,Illinois Fighting Illini,Brandon Peters,4036262,0,0,8
2019,Illinois State Redbirds,Brady Davis,3916142,1,1,1
2019,Incarnate Word Cardinals,Jon Copeland,4371174,1,1,2
2019,Indiana Hoosiers,Peyton Ramsey,4045290,1,1,20
2019,Indiana State Sycamores,Ryan Boyle,4368129,0,0,1
2019,Iowa Hawkeyes,Nate Stanley,4036149,1,2,31
2019,Iowa State Cyclones,Brock Purdy,4361741,1,1,9
2019,Jackson State Tigers,Derrick Ponder,4383341,1,1,1
2019,James Madison Dukes,Ben DiNucci,3895785,1,2,12
2019,Kansas Jayhawks,Carter Stanley,3917957,0,0,20
2019,Kansas State Wildcats,Skylar Thompson,4036419,1,1,18
2019,Kennesaw State Owls,Daniel David,3917141,0,0,0
2019,Kent State Golden Flashes,Dustin Crum,4244068,0,0,14
2019,Kentucky Wildcats,Sawyer Smith,4039901,0,1,18
2019,LSU Tigers,Joe Burrow,3915511,1,1,21
2019,Lamar Cardinals,Jordan Hoy,4243484,0,0,4
2019,Liberty Flames,Stephen Calvert,4029885,1,2,15
2019,Louisiana Ragin' Cajuns,Levi Lewis,4241556,0,0,18
2019,Louisiana Tech Bulldogs,J'Mar Smith,3914382,1,2,31
2019,Louisville Cardinals,Malik Cunningham,4240069,0,0,7
2019,Maine Black Bears,Chris Ferguson,4034303,1,1,3
2019,Marshall Thundering Herd,Isaiah Green,4261909,1,1,10
2019,Maryland Terrapins,Josh Jackson,4037603,0,1,16
2019,Massachusetts Minutemen,Andrew Brito,4572366,0,0,0
2019,McNeese Cowboys,Cody Orgeron,4051451,0,0,1
2019,Memphis Tigers,Brady White,3893630,1,1,16
2019,Mercer Bears,Kaelan Riley,4043931,0,1,3
2019,Miami (OH) RedHawks,Brett Gabbert,4427243,0,0,0
2019,Miami Hurricanes,Jarren Williams,4362507,0,0,1
2019,Michigan State Spartans,Brian Lewerke,3929824,1,2,28
2019,Michigan Wolverines,Shea Patterson,4035292,1,2,23
2019,Middle Tennessee Blue Raiders,Asher O'Hara,4374350,0,0,2
2019,Minnesota Golden Gophers,Tanner Morgan,4240756,0,0,9
2019,Mississippi State Bulldogs,Tommy Stevens,3791110,0,0,13
2019,Missouri State Bears,Peyton Huslig,4248313,1,2,2
2019,Missouri Tigers,Kelly Bryant,3728240,0,2,24
2019,Monmouth Hawks,Kenji Bahar,3910249,1,2,2
2019,Montana Grizzlies,Dalton Sneed,3921707,0,0,6
2019,Montana State Bobcats,Casey Bauman,4365616,0,0,0
2019,Morgan State Bears,DeAndre Harris,4030759,1,1,3
2019,Murray State Racers,Preston Rice,4249970,0,0,1
2019,NC State Wolfpack,Devin Leary,4361653,0,0,0
2019,NORTH All-Stars,Anthony Gordon,4055171,0,1,2
2019,National,Reid Sinnett,3926936,0,0,0
2019,Navy Midshipmen,Malcolm Perry,4039436,0,0,10
2019,Nebraska Cornhuskers,Adrian Martinez,4361182,1,1,11
2019,Nevada Wolf Pack,Carson Strong,4361435,0,0,0
2019,New Hampshire Wildcats,Max Brosmer,4573398,0,0,0
2019,New Mexico Lobos,Tevaka Tuioti,4039390,1,1,11
2019,New Mexico State Aggies,Josh Adkins,4241635,1,1,10
2019,Nicholls Colonels,Chase Fourcade,4051573,1,3,5
2019,Norfolk State Spartans,Juwan Carter,4247919,1,1,1
2019,North Carolina A&T Aggies,Kylil Carter,3949979,0,0,1
2019,North Carolina Tar Heels,Sam Howell,4426875,0,0,0
2019,North Texas Mean Green,Mason Fine,4039073,1,3,37
2019,Northern Arizona Lumberjacks,Case Cookus,3913822,1,3,4
2019,Northern Colorado Bears,Jacob Knipp,3121083,0,1,1
2019,Northern Illinois Huskies,Ross Bowers,3858269,0,1,13
2019,Northern Iowa Panthers,Will McElvain,4384603,0,0,0
2019,Northwestern State Demons,Shelton Eppler,4371339,0,0,1
2019,Northwestern Wildcats,Aidan Smith,4035633,0,0,0
2019,Notre Dame Fighting Irish,Ian Book,4046678,1,1,18
2019,Ohio Bobcats,Nathan Rourke,4244688,1,2,25
2019,Ohio State Buckeyes,Justin Fields,4362887,0,0,9
2019,Oklahoma Sooners,Jalen Hurts,4040715,0,2,42
2019,Oklahoma State Cowboys,Spencer Sanders,4361825,0,0,0
2019,Old Dominion Monarchs,Stone Smartt,4250764,0,0,0
2019,Ole Miss Rebels,Matt Corral,4362874,0,0,4
2019,Oregon Ducks,Justin Herbert,4038941,1,3,29
2019,Oregon State Beavers,Jake Luton,3124900,1,1,17
2019,Penn State Nittany Lions,Sean Clifford,4259592,0,0,4
2019,Pittsburgh Panthers,Kenny Pickett,4240703,1,1,18
2019,Portland State Vikings,Davis Alexander,4028076,1,1,3
2019,Prairie View A&M Panthers,Trazon Connley,4370935,0,0,1
2019,Purdue Boilermakers,Jack Plummer,4361493,0,0,0
2019,Rhode Island Rams,Vito Priore,4032735,0,0,0
2019,Rice Owls,Tom Stewart,3912536,0,0,0
2019,Richmond Spiders,Joe Mancuso,4051645,0,0,1
2019,Robert Morris Colonials,George Martin,4248203,0,0,0
2019,Rutgers Scarlet Knights,Johnny Langan,4360204,0,0,0
2019,SE Louisiana Lions,Chason Virgil,3918038,0,2,18
2019,SMU Mustangs,Shane Buechele,4039034,0,1,23
2019,SOUTH All-Stars,Jalen Hurts,4040715,0,3,42
2019,Sacramento State Hornets,Kevin Thomson,3125336,1,2,2
2019,Sam Houston State Bearkats,Ty Brock,4250390,0,0,0
2019,Samford Bulldogs,Liam Welch,4034607,0,0,0
2019,San Diego State Aztecs,Ryan Agnew,3921648,1,1,16
2019,San José St Spartans,Josh Love,3921685,0,1,21
2019,South Alabama Jaguars,Cephus Johnson III,4249400,0,0,6
2019,South Carolina Gamecocks,Ryan Hilinski,4426657,0,0,0
2019,South Carolina State Bulldogs,Tyrece Nick,4251048,1,1,2
2019,South Dakota Coyotes,Austin Simmons,4041531,1,1,2
2019,South Dakota State Jackrabbits,J'Bore Gibbs,4368285,0,0,0
2019,South Florida Bulls,Jordan McCloud,4360890,0,0,0
2019,Southeast Missouri State Redhawks,Daniel Santacaterina,3921977,0,0,9
2019,Southern Illinois Salukis,Kare Lyles,4035765,0,0,0
2019,Southern Jaguars,Ladarius Skelton,4369944,0,0,1
2019,Southern Mississippi Golden Eagles,Jack Abraham,4040407,1,1,9
2019,Southern Utah Thunderbirds,Chris Helbig,4040873,1,1,2
2019,Stanford Cardinal,Davis Mills,4242546,0,0,1
2019,Stephen F. Austin Lumberjacks,Trae Self,4578878,0,0,0
2019,Stony Brook Seawolves,Jack Cassidy,4033843,0,0,0
2019,Syracuse Orange,Tommy DeVito,4240391,0,0,7
2019,TCU Horned Frogs,Max Duggan,4427105,0,0,0
2019,Temple Owls,Anthony Russo,4044122,1,1,11
2019,Tennessee State Tigers,Cameron Rosendahl,4383610,0,0,0
2019,Tennessee Tech Golden Eagles,Bailey Fisher,4368908,1,1,1
2019,Tennessee Volunteers,Jarrett Guarantano,4035167,1,2,21
2019,Texas A&M Aggies,Kellen Mond,4240904,1,2,23
2019,Texas Longhorns,Sam Ehlinger,4241820,1,2,23
2019,Texas Southern Tigers,De'Andre Johnson,4243787,0,0,6
2019,Texas State Bobcats,Tyler Vitt,4362667,1,1,9
2019,Texas Tech Red Raiders,Jett Duffey,4043136,0,0,8
2019,The Citadel Bulldogs,Brandon Rainey,4032239,1,1,1
2019,Toledo Rockets,Mitchell Guadagni,3932903,1,0,11
2019,Towson Tigers,Tom Flacco,3916725,1,1,7
2019,Troy Trojans,Kaleb Barker,4039910,1,0,16
2019,Tulane Green Wave,Justin McMillan,3843247,0,0,9
2019,Tulsa Golden Hurricane,Zach Smith,4035409,0,0,19
2019,UAB Blazers,Tyler Johnston III,4239793,0,0,11
2019,UC Davis Aggies,Jake Maier,4248777,1,2,3
2019,UCF Knights,Dillon Gabriel,4427238,0,0,0
2019,UCLA Bruins,Dorian Thompson-Robinson,4367178,1,0,7
2019,UConn Huskies,Jack Zergiotis,4428977,0,0,0
2019,UL Monroe Warhawks,Caleb Evans,4036585,1,2,30
2019,UNLV Rebels,Kenyon Oblad,4361566,0,0,1
2019,USC Trojans,Kedon Slovis,4428512,0,0,0
2019,UT Martin Skyhawks,John Bachus III,4370134,0,0,0
2019,UTEP Miners,Kai Locksley,4362029,1,1,9
2019,UTSA Roadrunners,Lowell Narcisse,4242203,0,0,0
2019,Utah State Aggies,Jordan Love,4036378,1,2,25
2019,Utah Utes,Tyler Huntley,4035671,1,2,22
2019,VMI Keydets,Reece Udinski,4249295,1,1,3
2019,Vanderbilt Commodores,Riley Neal,3915468,0,3,34
2019,Virginia Cavaliers,Bryce Perkins,3675812,1,1,13
2019,Virginia Tech Hokies,Hendon Hooker,4240858,0,0,0
2019,Wagner Seahawks,Christian Alexander-Stevens,3914306,0,0,12
2019,Wake Forest Demon Deacons,Jamie Newman,4037213,0,0,7
2019,Washington Huskies,Jacob Eason,4035003,0,1,16
2019,Washington State Cougars,Anthony Gordon,4055171,0,0,2
2019,Weber State Wildcats,Jake Constantine,4048232,0,0,0
2019,West All-Stars,Kelly Bryant,3728240,0,1,24
2019,West Virginia Mountaineers,Austin Kendall,4037642,0,0,6
2019,Western Carolina Catamounts,Will Jones,4250525,0,0,0
2019,Western Illinois Leathernecks,Connor Sampson,4031136,0,0,1
2019,Western Kentucky Hilltoppers,Ty Storey,3886621,0,1,12
2019,Western Michigan Broncos,Jon Wassink,3916726,1,2,17
2019,William & Mary Tribe,Kilton Anderson,3124529,0,1,22
2019,Wisconsin Badgers,Jack Coan,4242331,0,0,8
2019,Wofford Terriers,Joe Newman,4032575,1,1,2
2019,Wyoming Cowboys,Sean Chambers,4361690,0,0,4
2020,Abilene Christian Wildcats,Peyton Mansell,4240570,0,0,4
2020,Air Force Falcons,Haaziq Daniels,4693814,0,0,0
2020,Akron Zips,Zach Gibson,4568336,0,0,4
2020,Alabama Crimson Tide,Mac Jones,4241464,0,0,16
2020,American,Kellen Mond,4240904,0,4,36
2020,Appalachian State Mountaineers,Zac Thomas,4036429,1,2,27
2020,Arizona State Sun Devils,Jayden Daniels,4426348,1,1,12
2020,Arizona Wildcats,Grant Gunnell,4427351,0,0,8
2020,Arkansas Razorbacks,Feleipe Franks,4034948,0,2,27
2020,Arkansas State Red Wolves,Logan Bonner,4036473,1,0,12
2020,Army Black Knights,Christian Anderson,4258447,0,0,4
2020,Auburn Tigers,Bo Nix,4426338,1,1,13
2020,Austin Peay Governors,Jeremiah Oatsvall,4249033,0,1,4
2020,BYU Cougars,Zach Wilson,4361259,1,2,18
2020,Ball State Cardinals,Drew Plitt,4039210,1,1,24
2020,Baylor Bears,Charlie Brewer,4241222,1,3,34
2020,Boise State Broncos,Hank Bachmeier,4426499,1,1,8
2020,Boston College Eagles,Phil Jurkovec,4372768,0,0,6
2020,Bowling Green Falcons,Matt McDonald,4239937,0,0,2
2020,Buffalo Bulls,Kyle Vantrease,4239714,1,1,15
2020,California Golden Bears,Chase Garbers,4242408,1,2,20
2020,Campbell Fighting Camels,Hajj-Malik Williams,4571364,1,1,1
2020,Central Arkansas Bears,Breylin Smith,4032198,1,2,3
2020,Central Michigan Chippewas,Daniel Richardson,4570259,0,0,1
2020,Charlotte 49ers,Chris Reynolds,4259269,1,2,19
2020,Chattanooga Mocs,Drayton Arnold,4037420,0,0,2
2020,Cincinnati Bearcats,Desmond Ridder,4239086,1,2,26
2020,Clemson Tigers,Trevor Lawrence,4360310,1,2,30
2020,Coastal Carolina Chanticleers,Grayson McCall,4427936,0,0,2
2020,Colorado Buffaloes,Sam Noyer,4040880,0,0,8
2020,Colorado State Rams,Patrick O'Brien,4034857,1,1,14
2020,Dixie State Trailblazers,Kody Wilstead,4242384,0,0,0
2020,Duke Blue Devils,Chase Brice,4239994,0,0,21
2020,East Carolina Pirates,Holton Ahlers,4360131,1,1,22
2020,Eastern Kentucky Colonels,Parker McKinney,4368767,0,0,1
2020,Eastern Michigan Eagles,Preston Hutchinson,4244804,0,0,4
2020,Florida Atlantic Owls,Nick Tronti,4258236,0,0,10
2020,Florida Gators,Kyle Trask,4034946,1,1,15
2020,Florida International Panthers,Stone Norton,4430260,0,0,0
2020,Florida State Seminoles,Jordan Travis,4360799,0,0,6
2020,Fresno State Bulldogs,Jake Haener,4243322,0,0,3
2020,Georgia Bulldogs,Stetson Bennett IV,4259553,0,0,4
2020,Georgia Southern Eagles,Shai Werts,4036650,1,3,35
2020,Georgia State Panthers,Cornelious Brown IV,4568411,0,0,3
2020,Georgia Tech Yellow Jackets,Jeff Sims,4429066,0,0,0
2020,Hawai'i Rainbow Warriors,Chevan Cordeiro,4373934,0,0,16
2020,Houston Baptist Huskies,Bailey Zappe,4250360,1,3,3
2020,Houston Cougars,Clayton Tune,4360175,1,1,12
2020,Illinois Fighting Illini,Brandon Peters,4036262,1,1,19
2020,Indiana Hoosiers,Michael Penix Jr.,4360423,1,0,8
2020,Iowa Hawkeyes,Spencer Petras,4360480,0,0,3
2020,Iowa State Cyclones,Brock Purdy,4361741,1,2,22
2020,Jacksonville State Gamecocks,Zerrick Cooper,4035460,0,0,6
2020,Kansas Jayhawks,Jalon Daniels,4596472,0,0,0
2020,Kansas State Wildcats,Will Howard,4429955,0,0,0
2020,Kent State Golden Flashes,Dustin Crum,4244068,1,1,27
2020,Kentucky Wildcats,Terry Wilson,4038940,1,1,15
2020,LSU Tigers,Max Johnson,4685740,0,0,0
2020,Liberty Flames,Malik Willis,4242512,0,0,7
2020,Louisiana Ragin' Cajuns,Levi Lewis,4241556,1,1,32
2020,Louisiana Tech Bulldogs,Luke Anthony,4043980,0,2,5
2020,Louisville Cardinals,Malik Cunningham,4240069,1,1,19
2020,Marshall Thundering Herd,Grant Wells,4430686,0,0,0
2020,Maryland Terrapins,Taulia Tagovailoa,4567097,0,0,3
2020,Massachusetts Minutemen,Will Koch,4431207,0,0,0
2020,Memphis Tigers,Brady White,3893630,1,2,30
2020,Mercer Bears,Harrison Frost,4259933,0,0,1
2020,Miami (OH) RedHawks,Brett Gabbert,4427243,1,1,14
2020,Miami Hurricanes,D'Eriq King,4039300,0,1,26
2020,Michigan State Spartans,Rocky Lombardi,4241965,0,0,10
2020,Michigan Wolverines,Joe Milton III,4360698,0,0,6
2020,Middle Tennessee Blue Raiders,Asher O'Hara,4374350,1,1,14
2020,Minnesota Golden Gophers,Tanner Morgan,4240756,1,1,22
2020,Mississippi State Bulldogs,Will Rogers,102597,0,0,0
2020,Missouri State Bears,Jaden Johnson,4429915,0,0,0
2020,Missouri Tigers,Connor Bazelak,4426444,0,0,2
2020,NC State Wolfpack,Bailey Hockman,4240025,0,0,7
2020,National,Feleipe Franks,4034948,0,3,27
2020,Navy Midshipmen,Dalen Morris,4243715,0,0,0
2020,Nebraska Cornhuskers,Adrian Martinez,4361182,1,2,21
2020,Nevada Wolf Pack,Carson Strong,4361435,1,1,10
2020,New Mexico Lobos,Trae Hall,4374062,0,0,2
2020,New Mexico State Aggies,Jonah Johnson,4687558,0,0,0
2020,North Alabama Lions,Blake Dever,4042200,0,1,2
2020,North Carolina Tar Heels,Sam Howell,4426875,1,1,13
2020,North Texas Mean Green,Austin Aune,4360163,0,0,2
2020,Northern Illinois Huskies,Ross Bowers,3858269,1,2,22
2020,Northwestern Wildcats,Peyton Ramsey,4045290,0,2,31
2020,Notre Dame Fighting Irish,Ian Book,4046678,1,2,31
2020,Ohio Bobcats,Kurtis Rourke,4430431,0,0,0
2020,Ohio State Buckeyes,Justin Fields,4362887,1,1,23
2020,Oklahoma Sooners,Spencer Rattler,4426339,0,0,3
2020,Oklahoma State Cowboys,Spencer Sanders,4361825,1,1,10
2020,Ole Miss Rebels,Matt Corral,4362874,1,1,14
2020,Oregon Ducks,Tyler Shough,4360689,0,0,4
2020,Oregon State Beavers,Tristan Gebbia,4240796,0,0,4
2020,Penn State Nittany Lions,Sean Clifford,4259592,1,1,16
2020,Pittsburgh Panthers,Kenny Pickett,4240703,1,2,30
2020,Purdue Boilermakers,Aidan O'Connell,4260394,0,0,6
2020,Rice Owls,Mike Collins,4034332,0,0,9
2020,Rutgers Scarlet Knights,Noah Vedral,4243539,0,0,12
2020,SMU Mustangs,Shane Buechele,4039034,1,2,36
2020,San Diego State Aztecs,Carson Baker,4361497,0,0,1
2020,San José State Spartans,Nick Starkel,4035225,0,1,19
2020,South Alabama Jaguars,Desmond Trotter,4373851,0,0,6
2020,South Carolina Gamecocks,Collin Hill,4036357,0,0,18
2020,South Florida Bulls,Jordan McCloud,4360890,1,1,12
2020,Southern Mississippi Golden Eagles,Jack Abraham,4040407,1,2,22
2020,Stanford Cardinal,Davis Mills,4242546,1,1,9
2020,Stephen F. Austin Lumberjacks,Trae Self,4578878,1,1,1
2020,Syracuse Orange,Rex Culpepper,4037121,0,0,5
2020,TCU Horned Frogs,Max Duggan,4427105,1,1,12
2020,Temple Owls,Anthony Russo,4044122,1,2,24
2020,Tennessee Volunteers,Jarrett Guarantano,4035167,1,3,34
2020,Texas A&M Aggies,Kellen Mond,4240904,1,3,36
2020,Texas Longhorns,Sam Ehlinger,4241820,1,3,36
2020,Texas State Bobcats,Brady McBride,4371730,0,0,3
2020,Texas Tech Red Raiders,Alan Bowman,4362159,1,1,11
2020,The Citadel Bulldogs,Brandon Rainey,4032239,1,2,2
2020,Toledo Rockets,Eli Peters,4039495,0,1,16
2020,Troy Trojans,Gunnar Watson,4362723,0,0,6
2020,Tulane Green Wave,Michael Pratt,4685039,0,0,0
2020,Tulsa Golden Hurricane,Zach Smith,4035409,1,1,31
2020,UAB Blazers,Bryson Lucero,4427839,0,0,0
2020,UCF Knights,Dillon Gabriel,4427238,1,1,13
2020,UCLA Bruins,Dorian Thompson-Robinson,4367178,1,1,18
2020,UL Monroe Warhawks,Colby Suits,4365325,0,0,4
2020,UNLV Rebels,Max Gilliam,4035856,0,1,9
2020,USC Trojans,Kedon Slovis,4428512,1,1,12
2020,UTEP Miners,Gavin Hardison,4575668,0,0,2
2020,UTSA Roadrunners,Frank Harris,4245186,1,0,3
2020,Utah State Aggies,Jason Shelley,4243258,0,0,14
2020,Utah Utes,Jake Bentley,4038809,0,3,33
2020,Vanderbilt Commodores,Ken Seals,4431375,0,0,0
2020,Virginia Cavaliers,Brennan Armstrong,4370775,0,0,8
2020,Virginia Tech Hokies,Hendon Hooker,4240858,1,1,9
2020,Wake Forest Demon Deacons,Sam Hartman,4361994,0,1,13
2020,Washington Huskies,Dylan Morris,4569598,0,0,0
2020,Washington State Cougars,Jayden de Laura,4697623,0,0,0
2020,West Virginia Mountaineers,Jarret Doege,4244029,0,1,23
2020,Western Carolina Catamounts,Will Jones,4250525,1,1,2
2020,Western Kentucky Hilltoppers,Tyrrell Pigrome,4036210,0,0,28
2020,Western Michigan Broncos,Kaleb Eleby,4362230,0,0,5
2020,Wisconsin Badgers,Graham Mertz,4426335,0,0,2
2020,Wyoming Cowboys,Levi Williams,4428890,0,0,3
2021,Abilene Christian Wildcats,Stone Earle,4691272,0,0,2
2021,Air Force Falcons,Haaziq Daniels,4693814,1,1,5
2021,Akron Zips,DJ Irons,4368768,0,0,0
2021,Alabama Crimson Tide,Bryce Young,4685720,0,0,7
2021,Alabama State Hornets,Ryan Nettles,4428105,0,0,0
2021,Albany Great Danes,Jeff Undercuffler Jr.,4366715,0,1,1
2021,Alcorn State Braves,Felix Harper,4051442,0,0,2
2021,American,Bailey Zappe,4250360,0,4,6
2021,Appalachian State Mountaineers,Chase Brice,4239994,0,1,31
2021,Arizona State Sun Devils,Jayden Daniels,4426348,1,2,16
2021,Arizona Wildcats,Will Plummer,4430635,0,0,3
2021,Arkansas Razorbacks,KJ Jefferson,4567149,0,0,7
2021,Arkansas State Red Wolves,Layne Hatcher,4361222,0,1,21
2021,Arkansas-Pine Bluff Golden Lions,Skyler Perry,4383504,0,1,2
2021,Army Black Knights,Christian Anderson,4258447,1,1,10
2021,Auburn Tigers,Bo Nix,4426338,1,2,24
2021,Austin Peay Governors,Draylen Ellis,4688717,0,0,0
2021,BYU Cougars,Jaren Hall,4373632,0,0,4
2021,Ball State Cardinals,Drew Plitt,4039210,1,2,31
2021,Baylor Bears,Gerry Bohanon,4362915,0,0,9
2021,Bethune-Cookman Wildcats,Shannon Patrick,4383503,0,1,1
2021,Boise State Broncos,Hank Bachmeier,4426499,1,2,13
2021,Boston College Eagles,Dennis Grosel,4239939,0,1,14
2021,Bowling Green Falcons,Matt McDonald,4239937,1,1,7
2021,Bryant Bulldogs,Zevi Eckhaus,4876066,0,0,0
2021,Bucknell Bison,Ethan Grady,4876610,0,0,0
2021,Buffalo Bulls,Kyle Vantrease,4239714,1,2,22
2021,Cal Poly Mustangs,Spencer Brasch,4426770,0,0,2
2021,California Golden Bears,Chase Garbers,4242408,1,3,24
2021,Campbell Fighting Camels,Hajj-Malik Williams,4571364,1,2,5
2021,Central Arkansas Bears,Breylin Smith,4032198,1,3,5
2021,Central Michigan Chippewas,Daniel Richardson,4570259,1,1,5
2021,Charleston Southern Buccaneers,Jack Chambers,4246097,0,1,2
2021,Charlotte 49ers,Chris Reynolds,4259269,1,3,25
2021,Chattanooga Mocs,Cole Copeland,4247262,0,0,0
2021,Cincinnati Bearcats,Desmond Ridder,4239086,1,3,36
2021,Clemson Tigers,DJ Uiagalelei,4429020,0,0,9
2021,Coastal Carolina Chanticleers,Grayson McCall,4427936,1,1,13
2021,Colgate Raiders,Grant Breneman,4247540,0,2,2
2021,Colorado Buffaloes,Brendon Lewis,4429149,0,0,1
2021,Colorado State Rams,Todd Centeio,4243276,1,0,25
2021,Delaware Blue Hens,Nolan Henderson,4248104,0,1,1
2021,Duke Blue Devils,Gunnar Holmberg,4360403,0,0,5
2021,Duquesne Dukes,Darius Perrantes,4573455,0,0,0
2021,East All-Stars,E.J. Perry,4239936,0,0,4
2021,East Carolina Pirates,Holton Ahlers,4360131,1,2,29
2021,Eastern Illinois Panthers,Chris Katrenick,4240452,0,0,6
2021,Eastern Kentucky Colonels,Parker McKinney,4368767,1,1,4
2021,Eastern Michigan Eagles,Ben Bryant,4360056,0,0,10
2021,Elon Phoenix,Davis Cheek,4248286,0,3,3
2021,Florida A&M Rattlers,Rasean McKay,4390274,0,0,2
2021,Florida Atlantic Owls,N'Kosi Perry,4240628,0,1,23
2021,Florida Gators,Emory Jones,4360230,0,0,16
2021,Florida International Panthers,Max Bortenschlager,4036215,1,1,17
2021,Florida State Seminoles,Jordan Travis,4360799,1,1,14
2021,Fordham Rams,Tim DeMorat,4367790,0,1,1
2021,Fresno State Bulldogs,Jake Haener,4243322,1,1,9
2021,Furman Paladins,Hamp Sisson,4369451,0,0,1
2021,Gardner-Webb Runnin' Bulldogs,Bailey Fisher,4368908,0,2,2
2021,Georgia Bulldogs,Stetson Bennett IV,4259553,1,1,12
2021,Georgia Southern Eagles,Justin Tomlin,4361375,0,0,8
2021,Georgia State Panthers,Darren Grainger,4369448,0,2,3
2021,Georgia Tech Yellow Jackets,Jeff Sims,4429066,1,1,10
2021,Grambling Tigers,Aldon Clark,4241057,0,0,1
2021,Hampton Pirates,Jett Duffey,4043136,0,1,18
2021,Hawai'i Rainbow Warriors,Chevan Cordeiro,4373934,1,1,25
2021,Holy Cross Crusaders,Matthew Sluka,4695904,0,0,0
2021,Houston Cougars,Clayton Tune,4360175,1,2,20
2021,Howard Bison,Quinton Williams,4579549,0,0,1
2021,Idaho State Bengals,Sagan Gronauer,4577841,0,0,0
2021,Idaho Vandals,Mike Beaudry,4291400,0,0,4
2021,Illinois Fighting Illini,Brandon Peters,4036262,1,2,24
2021,Illinois State Redbirds,Bryce Jefferson,3908606,0,0,0
2021,Incarnate Word Cardinals,Cam Ward,4688380,0,0,0
2021,Indiana Hoosiers,Michael Penix Jr.,4360423,1,1,14
2021,Indiana State Sycamores,Anthony Thompson,4039469,0,0,1
2021,Iowa Hawkeyes,Spencer Petras,4360480,1,1,11
2021,Iowa State Cyclones,Brock Purdy,4361741,1,3,34
2021,Jacksonville State Gamecocks,Zerrick Cooper,4035460,1,1,8
2021,Kansas Jayhawks,Jason Bean,4360900,0,0,15
2021,Kansas State Wildcats,Skylar Thompson,4036419,1,2,34
2021,Kennesaw State Owls,Xavier Shepherd,4430474,0,0,0
2021,Kent State Golden Flashes,Dustin Crum,4244068,1,2,31
2021,Kentucky Wildcats,Will Levis,4361418,0,0,9
2021,LSU Tigers,Max Johnson,4685740,0,1,5
2021,Lamar Cardinals,Jalen Dummett,4696233,0,0,0
2021,Liberty Flames,Malik Willis,4242512,1,1,17
2021,Long Island University Sharks,Camden Orth,4577962,0,0,0
2021,Louisiana Ragin' Cajuns,Levi Lewis,4241556,1,2,43
2021,Louisiana Tech Bulldogs,Austin Kendall,4037642,0,1,17
2021,Louisville Cardinals,Malik Cunningham,4240069,1,2,30
2021,Maine Black Bears,Joe Fagnano,4429582,0,0,1
2021,Marshall Thundering Herd,Grant Wells,4430686,1,1,10
2021,Maryland Terrapins,Taulia Tagovailoa,4567097,1,1,7
2021,Massachusetts Minutemen,Brady Olson,4683471,0,0,0
2021,McNeese Cowboys,Cody Orgeron,4051451,0,1,2
2021,Memphis Tigers,Seth Henigan,4606194,0,0,0
2021,Mercer Bears,Fred Payton,4361033,0,1,21
2021,Miami (OH) RedHawks,Brett Gabbert,4427243,1,2,15
2021,Miami Hurricanes,Tyler Van Dyke,4685186,0,0,1
2021,Michigan State Spartans,Payton Thorne,4430590,0,0,4
2021,Michigan Wolverines,Cade McNamara,4427455,0,0,4
2021,Middle Tennessee Blue Raiders,Chase Cunningham,4291782,0,0,7
2021,Minnesota Golden Gophers,Tanner Morgan,4240756,1,2,29
2021,Mississippi State Bulldogs,Will Rogers,102597,1,1,9
2021,Missouri State Bears,Jason Shelley,4243258,0,1,18
2021,Missouri Tigers,Connor Bazelak,4426444,1,1,12
2021,Montana Grizzlies,TEAM,-6729,0,0,0
2021,Montana State Bobcats,Matthew McKay,4240096,0,0,8
2021,Murray State Racers,Preston Rice,4249970,0,1,3
2021,NC State Wolfpack,Devin Leary,4361653,0,1,12
2021,National,Cole Kelley,4035584,0,0,17
2021,Navy Midshipmen,Tai Lavatai,4686164,0,0,0
2021,Nebraska Cornhuskers,Adrian Martinez,4361182,1,3,28
2021,Nevada Wolf Pack,Carson Strong,4361435,1,2,19
2021,New Hampshire Wildcats,Bret Edwards,4366962,0,0,0
2021,New Mexico Lobos,Terry Wilson,4038940,0,2,25
2021,New Mexico State Aggies,Jonah Johnson,4687558,1,1,1
2021,Nicholls Colonels,Lindsey Scott Jr.,4035430,0,0,0
2021,Norfolk State Spartans,Juwan Carter,4247919,0,2,3
2021,North Carolina A&T Aggies,Kingsley Ifedi,4239400,0,0,4
2021,North Carolina Tar Heels,Sam Howell,4426875,1,2,25
2021,North Dakota Fighting Hawks,Tommy Schuster,4579073,0,0,0
2021,North Texas Mean Green,Austin Aune,4360163,1,1,9
2021,Northern Arizona Lumberjacks,RJ Martinez,4876244,0,0,0
2021,Northern Colorado Bears,Dylan McCaffrey,4258191,0,0,8
2021,Northern Illinois Huskies,Rocky Lombardi,4241965,0,1,16
2021,Northern Iowa Panthers,Will McElvain,4384603,0,1,1
2021,Northwestern State Demons,Kaleb Fletcher,4251149,0,0,0
2021,Northwestern Wildcats,Ryan Hilinski,4426657,0,1,12
2021,Notre Dame Fighting Irish,Jack Coan,4242331,0,2,22
2021,Ohio Bobcats,Kurtis Rourke,4430431,1,1,3
2021,Ohio State Buckeyes,C.J. Stroud,4432577,0,0,0
2021,Oklahoma Sooners,Caleb Williams,4431611,0,0,0
2021,Oklahoma State Cowboys,Spencer Sanders,4361825,1,2,19
2021,Old Dominion Monarchs,Hayden Wolff,4430775,0,0,3
2021,Ole Miss Rebels,Matt Corral,4362874,1,2,23
2021,Oregon Ducks,Anthony Brown Jr.,4035312,1,2,30
2021,Oregon State Beavers,Chance Nolan,4360824,0,0,3
2021,Penn State Nittany Lions,Sean Clifford,4259592,1,2,25
2021,Pittsburgh Panthers,Kenny Pickett,4240703,1,3,39
2021,Portland State Vikings,Davis Alexander,4028076,0,2,5
2021,Prairie View A&M Panthers,Trazon Connley,4370935,0,1,2
2021,Purdue Boilermakers,Aidan O'Connell,4260394,1,1,9
2021,Rhode Island Rams,Kasim Hill,4241937,0,1,13
2021,Rice Owls,Jake Constantine,4048232,0,1,1
2021,Richmond Spiders,Beau English,4373624,0,0,1
2021,Robert Morris Colonials,George Martin,4248203,0,1,1
2021,Rutgers Scarlet Knights,Noah Vedral,4243539,1,1,19
2021,SE Louisiana Lions,Cole Kelley,4035584,0,1,17
2021,SMU Mustangs,Tanner Mordecai,4360271,0,0,12
2021,Sacramento State Hornets,Jake Dunniway,4280496,0,0,0
2021,Samford Bulldogs,Liam Welch,4034607,0,1,1
2021,San Diego State Aztecs,Lucas Johnson,4037293,0,0,5
2021,San José State Spartans,Nick Starkel,4035225,1,2,27
2021,South Alabama Jaguars,Jake Bentley,4038809,0,4,38
2021,South Carolina Gamecocks,Luke Doty,4429079,0,0,3
2021,South Carolina State Bulldogs,Corey Fields Jr.,4384546,0,0,2
2021,South Dakota Coyotes,Carson Camp,4695784,0,0,0
2021,South Florida Bulls,Timmy McClain,4433969,0,0,0
2021,Southeast Missouri State Redhawks,C.J. Ogbonna,4877296,0,0,0
2021,Southern Illinois Salukis,Nic Baker,4368348,0,0,0
2021,Southern Jaguars,Ladarius Skelton,4369944,0,1,2
2021,Southern Miss Golden Eagles,Jake Lange,4689993,0,0,0
2021,Southern Utah Thunderbirds,Justin Miller,4571184,0,0,0
2021,Stanford Cardinal,Tanner McKee,4685201,0,0,1
2021,Stony Brook Seawolves,Tyquell Fields,4033850,0,0,2
2021,Syracuse Orange,Garrett Shrader,4426966,0,0,9
2021,TCU Horned Frogs,Max Duggan,4427105,1,2,22
2021,Temple Owls,D'Wan Mathis,4427914,0,0,2
2021,Tennessee State Tigers,Chayil Garnett,4432157,0,0,0
2021,Tennessee Tech Golden Eagles,Drew Martin,4368912,0,0,0
2021,Tennessee Volunteers,Hendon Hooker,4240858,0,2,17
2021,Texas A&M Aggies,Zach Calzada,4426847,0,0,3
2021,Texas Longhorns,Casey Thompson,4362073,0,0,5
2021,Texas Southern Tigers,Andrew Body,4887151,0,0,0
2021,Texas State Bobcats,Brady McBride,4371730,1,1,12
2021,Texas Tech Red Raiders,Henry Colombi,4259219,0,0,16
2021,Toledo Rockets,Dequan Finn,4427191,0,0,4
2021,Towson Tigers,Chris Ferguson,4034303,0,2,10
2021,Troy Trojans,Gunnar Watson,4362723,1,1,15
2021,Tulane Green Wave,Michael Pratt,4685039,1,1,10
2021,Tulsa Golden Hurricane,Davis Brin,4362365,0,0,2
2021,UAB Blazers,Dylan Hopkins,4363410,0,0,8
2021,UCF Knights,Mikey Keene,4597499,0,0,0
2021,UCLA Bruins,Dorian Thompson-Robinson,4367178,1,2,23
2021,UConn Huskies,Steven Krajewski,4362140,0,0,4
2021,UL Monroe Warhawks,Rhett Rodriguez,4245679,0,0,7
2021,UNLV Rebels,Cameron Friel,4683451,0,0,0
2021,USC Trojans,Kedon Slovis,4428512,1,2,18
2021,UT Martin Skyhawks,Keon Howard,4050370,0,0,17
2021,UTEP Miners,Gavin Hardison,4575668,1,1,9
2021,UTSA Roadrunners,Frank Harris,4245186,1,1,13
2021,Utah State Aggies,Logan Bonner,4036473,0,1,23
2021,Utah Utes,Cameron Rising,4362075,0,0,1
2021,VMI Keydets,Seth Morgan,4572934,0,0,0
2021,Vanderbilt Commodores,Ken Seals,4431375,1,1,8
2021,Villanova Wildcats,Daniel Smith,4051021,0,1,1
2021,Virginia Cavaliers,Brennan Armstrong,4370775,1,1,17
2021,Virginia Tech Hokies,Braxton Burmeister,4242490,1,0,15
2021,Wagner Seahawks,TEAM,-7828,0,0,0
2021,Wake Forest Demon Deacons,Sam Hartman,4361994,1,2,22
2021,Washington Huskies,Dylan Morris,4569598,1,1,4
2021,Washington State Cougars,Jayden de Laura,4697623,1,1,4
2021,Weber State Wildcats,Bronson Barron,4697131,0,0,0
2021,West All-Stars,Jack Coan,4242331,0,1,22
2021,West Virginia Mountaineers,Jarret Doege,4244029,1,2,33
2021,Western Carolina Catamounts,Rogan Wells,4408865,0,0,0
2021,Western Illinois Leathernecks,Connor Sampson,4031136,0,1,2
2021,Western Kentucky Hilltoppers,Bailey Zappe,4250360,0,5,6
2021,Western Michigan Broncos,Kaleb Eleby,4362230,1,1,11
2021,William & Mary Tribe,Darius Wilson,4878151,0,0,0
2021,Wisconsin Badgers,Graham Mertz,4426335,1,1,9
2021,Wofford Terriers,Peyton Derrick,4240999,0,0,4
2021,Wyoming Cowboys,Sean Chambers,4361690,0,1,13
2021,Yale Bulldogs,Nolan Grooms,4573680,0,0,0
2021,Youngstown State Penguins,Demeatric Crenshaw,4430650,0,0,0
2022,Air Force Falcons,Haaziq Daniels,4693814,1,2,16
2022,Akron Zips,DJ Irons,4368768,1,1,7
2022,Alabama A&M Bulldogs,Xavier Lankford,4749280,0,0,0
2022,Alabama Crimson Tide,Bryce Young,4685720,1,1,22
2022,Alabama State Hornets,Myles Crawley,4693861,0,0,1
2022,Albany Great Danes,Reese Poffenbarger,4875866,0,0,0
2022,Alcorn State Braves,Aaron Allen,4384187,0,0,23
2022,American,Tyson Bagent,4434153,0,0,0
2022,Appalachian State Mountaineers,Chase Brice,4239994,1,2,45
2022,Arizona State Sun Devils,Trenton Bourguet,4569184,0,0,4
2022,Arizona Wildcats,Jayden de Laura,4697623,0,2,16
2022,Arkansas Razorbacks,KJ Jefferson,4567149,1,1,19
2022,Arkansas State Red Wolves,James Blackman,4240020,1,2,36
2022,Arkansas-Pine Bluff Golden Lions,Skyler Perry,4383504,1,2,3
2022,Army Black Knights,Cade Ballard,4577303,0,0,4
2022,Auburn Tigers,Robby Ashford,4697512,0,0,0
2022,Austin Peay Governors,Mike DiLiello,4689970,0,0,6
2022,BYU Cougars,Jaren Hall,4373632,1,1,14
2022,Ball State Cardinals,John Paddock,4361636,0,0,4
2022,Baylor Bears,Blake Shapen,4565315,0,0,5
2022,Bethune-Cookman Wildcats,Jalon Jones,4574809,0,0,0
2022,Boise State Broncos,Taylen Green,4431325,0,0,1
2022,Boston College Eagles,Phil Jurkovec,4372768,1,1,21
2022,Bowling Green Falcons,Matt McDonald,4239937,1,2,17
2022,Bryant Bulldogs,Zevi Eckhaus,4876066,1,1,1
2022,Bucknell Bison,Ethan Grady,4876610,1,1,1
2022,Buffalo Bulls,Cole Snyder,4570057,0,0,6
2022,Cal Poly Mustangs,Jaden Jones,4876109,0,0,0
2022,California Golden Bears,Jack Plummer,4361493,0,1,17
2022,Campbell Fighting Camels,Hajj-Malik Williams,4571364,1,3,6
2022,Central Arkansas Bears,Will McElvain,4384603,0,2,2
2022,Central Connecticut Blue Devils,Romelo Williams,4371078,0,0,0
2022,Central Michigan Chippewas,Daniel Richardson,4570259,1,2,17
2022,Charleston Southern Buccaneers,Ross Malmgren,4430066,0,0,2
2022,Charlotte 49ers,Chris Reynolds,4259269,1,4,36
2022,Chattanooga Mocs,Preston Hutchinson,4244804,0,1,13
2022,Cincinnati Bearcats,Ben Bryant,4360056,0,1,21
2022,Clemson Tigers,DJ Uiagalelei,4429020,1,1,22
2022,Coastal Carolina Chanticleers,Grayson McCall,4427936,1,2,23
2022,Colgate Raiders,Michael Brescia,4876662,0,0,0
2022,Colorado Buffaloes,J.T. Shrout,4369839,0,0,8
2022,Colorado State Rams,Clay Millen,4432733,0,0,1
2022,Delaware Blue Hens,Nolan Henderson,4248104,1,2,2
2022,Duke Blue Devils,Riley Leonard,4683423,0,0,6
2022,Duquesne Dukes,Joe Mischler,4362303,0,0,2
2022,East All-Stars,Aidan O'Connell,4260394,0,3,21
2022,East Carolina Pirates,Holton Ahlers,4360131,1,3,41
2022,East Tennessee State Buccaneers,Tyler Ridell,4577478,0,0,1
2022,Eastern Illinois Panthers,Jonah O'Brien,4570840,0,0,0
2022,Eastern Kentucky Colonels,Parker McKinney,4368767,1,2,5
2022,Eastern Michigan Eagles,Taylor Powell,4241193,0,0,15
2022,Eastern Washington Eagles,Gunner Talkington,4247187,0,0,0
2022,Elon Phoenix,Matthew McKay,4240096,0,1,9
2022,Florida A&M Rattlers,Jeremy Moussa,4363640,0,0,3
2022,Florida Atlantic Owls,N'Kosi Perry,4240628,1,2,35
2022,Florida Gators,Anthony Richardson Sr.,4429084,0,0,9
2022,Florida International Panthers,Grayson James,4567707,0,0,3
2022,Florida State Seminoles,Jordan Travis,4360799,1,2,24
2022,Fresno State Bulldogs,Jake Haener,4243322,1,3,22
2022,Furman Paladins,Tyler Huff,4574356,0,0,0
2022,Gardner-Webb Runnin' Bulldogs,Bailey Fisher,4368908,1,3,3
2022,Georgia Bulldogs,Stetson Bennett IV,4259553,1,2,26
2022,Georgia Southern Eagles,Kyle Vantrease,4239714,0,3,32
2022,Georgia State Panthers,Darren Grainger,4369448,1,3,13
2022,Georgia Tech Yellow Jackets,Jeff Sims,4429066,1,2,16
2022,Grambling Tigers,Julian Calvez,4801302,0,0,0
2022,Hawai'i Rainbow Warriors,Brayden Schager,4709977,0,0,5
2022,Holy Cross Crusaders,Matthew Sluka,4695904,1,1,1
2022,Houston Christian Huskies,Justin Fomby,4429620,0,0,0
2022,Houston Cougars,Clayton Tune,4360175,1,3,34
2022,Howard Bison,Quinton Williams,4579549,1,1,2
2022,Idaho State Bengals,Hunter Hays,4695914,0,0,1
2022,Idaho Vandals,Gevani McCoy,4887446,0,0,0
2022,Illinois Fighting Illini,Tommy DeVito,4240391,0,1,25
2022,Illinois State Redbirds,Zack Annexstad,4360936,0,1,7
2022,Incarnate Word Cardinals,Lindsey Scott Jr.,4035430,0,1,2
2022,Indiana Hoosiers,Connor Bazelak,4426444,0,2,22
2022,Indiana State Sycamores,Gavin Screws,4430457,0,0,0
2022,Iowa Hawkeyes,Spencer Petras,4360480,1,2,23
2022,Iowa State Cyclones,Hunter Dekkers,4565358,0,0,5
2022,Jacksonville State Gamecocks,Zion Webb,4249638,0,0,2
2022,James Madison Dukes,Todd Centeio,4243276,0,1,36
2022,Kansas Jayhawks,Jalon Daniels,4596472,0,1,13
2022,Kansas State Wildcats,Will Howard,4429955,0,1,14
2022,Kennesaw State Owls,Xavier Shepherd,4430474,1,1,1
2022,Kent State Golden Flashes,Collin Schlee,4428439,0,0,9
2022,Kentucky Wildcats,Will Levis,4361418,1,1,22
2022,LSU Tigers,Jayden Daniels,4426348,0,3,29
2022,Lafayette Leopards,Ryan Schuster,5083846,0,0,0
2022,Lamar Cardinals,Mike Chandler II,4431018,0,0,1
2022,Liberty Flames,Johnathan Bennett,4426687,0,0,13
2022,Long Island University Sharks,Derek Green,4360550,0,0,3
2022,Louisiana Ragin' Cajuns,Ben Wooldridge,4373895,0,0,4
2022,Louisiana Tech Bulldogs,Parker McNeil,4686137,0,0,1
2022,Louisville Cardinals,Malik Cunningham,4240069,1,3,43
2022,Maine Black Bears,Joe Fagnano,4429582,1,1,2
2022,Marshall Thundering Herd,Cam Fancher,4700135,0,0,1
2022,Maryland Terrapins,Taulia Tagovailoa,4567097,1,2,20
2022,Massachusetts Minutemen,Brady Olson,4683471,1,1,8
2022,McNeese Cowboys,Knox Kadum,4429950,0,0,4
2022,Memphis Tigers,Seth Henigan,4606194,1,1,11
2022,Mercer Bears,Fred Payton,4361033,1,2,22
2022,Miami (OH) RedHawks,Aveon Smith,4576189,0,0,1
2022,Miami Hurricanes,Tyler Van Dyke,4685186,1,1,10
2022,Michigan State Spartans,Payton Thorne,4430590,1,1,17
2022,Michigan Wolverines,J.J. McCarthy,4433970,0,0,11
2022,Middle Tennessee Blue Raiders,Chase Cunningham,4291782,1,1,13
2022,Minnesota Golden Gophers,Tanner Morgan,4240756,1,3,42
2022,Mississippi State Bulldogs,Will Rogers,102597,1,2,22
2022,Missouri State Bears,Jason Shelley,4243258,1,2,19
2022,Missouri Tigers,Brady Cook,4429435,0,0,5
2022,Montana State Bobcats,Tommy Mellott,4775196,0,0,0
2022,Morgan State Bears,Carson Baker,4361497,0,1,8
2022,Murray State Racers,Isaac McNamee,5089480,0,0,0
2022,NC State Wolfpack,Devin Leary,4361653,1,2,24
2022,National,Jake Haener,4243322,0,2,22
2022,Navy Midshipmen,Tai Lavatai,4686164,1,1,10
2022,Nebraska Cornhuskers,Casey Thompson,4362073,0,1,16
2022,Nevada Wolf Pack,Nate Cox,4262162,0,0,5
2022,New Hampshire Wildcats,Max Brosmer,4573398,0,1,1
2022,New Mexico Lobos,Miles Kendrick,4360331,0,0,15
2022,New Mexico State Aggies,Diego Pavia,5084180,0,0,0
2022,Nicholls Colonels,Kohen Granier,4250842,0,0,1
2022,Norfolk State Spartans,Otto Kuhns,4695113,0,0,0
2022,North Alabama Lions,Noah Walters,5093185,0,0,0
2022,North Carolina Tar Heels,Drake Maye,4431452,0,0,2
2022,North Dakota Fighting Hawks,Tommy Schuster,4579073,1,1,1
2022,North Dakota State Bison,Cam Miller,4693331,0,0,0
2022,North Texas Mean Green,Austin Aune,4360163,1,2,21
2022,Northern Colorado Bears,Jacob Sirmon,4361091,0,0,8
2022,Northern Illinois Huskies,Ethan Hampton,4618083,0,0,1
2022,Northern Iowa Panthers,Theo Day,4360846,0,0,1
2022,Northwestern State Demons,Zachary Clement,4573600,0,0,1
2022,Northwestern Wildcats,Ryan Hilinski,4426657,1,2,21
2022,Notre Dame Fighting Irish,Drew Pyne,4429088,0,0,4
2022,Ohio Bobcats,Kurtis Rourke,4430431,1,2,12
2022,Ohio State Buckeyes,C.J. Stroud,4432577,1,1,12
2022,Oklahoma Sooners,Dillon Gabriel,4427238,0,2,26
2022,Oklahoma State Cowboys,Spencer Sanders,4361825,1,3,31
2022,Old Dominion Monarchs,Hayden Wolff,4430775,1,1,11
2022,Ole Miss Rebels,Jaxson Dart,4689114,0,0,6
2022,Oregon Ducks,Bo Nix,4426338,0,3,34
2022,Oregon State Beavers,Ben Gulbranson,4431114,0,0,1
2022,Penn State Nittany Lions,Sean Clifford,4259592,1,3,38
2022,Pittsburgh Panthers,Kedon Slovis,4428512,0,3,26
2022,Portland State Vikings,Dante Chachere,4426894,0,0,0
2022,Purdue Boilermakers,Aidan O'Connell,4260394,1,2,21
2022,Rhode Island Rams,Kasim Hill,4241937,1,2,14
2022,Rice Owls,TJ McMahon,4362896,0,0,1
2022,Richmond Spiders,Reece Udinski,4249295,0,2,9
2022,Robert Morris Colonials,Anthony Chiccitt,4775291,0,0,0
2022,Rutgers Scarlet Knights,Evan Simon,4431387,0,0,5
2022,SE Louisiana Lions,Cephus Johnson III,4249400,0,1,14
2022,SMU Mustangs,Tanner Mordecai,4360271,1,1,24
2022,Sacramento State Hornets,Jake Dunniway,4280496,1,1,1
2022,Sam Houston Bearkats,Jordan Yates,4428961,0,0,11
2022,Samford Bulldogs,Michael Hiers,4368833,0,0,1
2022,San Diego State Aztecs,Jalen Mayden,4362894,0,0,2
2022,San José State Spartans,Chevan Cordeiro,4373934,0,2,33
2022,South Alabama Jaguars,Carter Bradley,4362260,0,0,21
2022,South Carolina Gamecocks,Spencer Rattler,4426339,0,1,23
2022,South Carolina State Bulldogs,Corey Fields Jr.,4384546,1,1,4
2022,South Dakota Coyotes,Carson Camp,4695784,1,1,1
2022,South Dakota State Jackrabbits,Mark Gronowski,4695400,0,0,0
2022,South Florida Bulls,Gerry Bohanon,4362915,0,1,21
2022,Southeast Missouri State Redhawks,Paxton DeLaurent,5083757,0,0,0
2022,Southern Illinois Salukis,Nic Baker,4368348,1,1,1
2022,Southern Jaguars,Besean McCray,5084435,0,0,0
2022,Southern Miss Golden Eagles,Zach Wilcke,4808719,0,0,0
2022,Southern Utah Thunderbirds,Justin Miller,4571184,1,1,1
2022,St. Francis (PA) Red Flash,Cole Doyle,5088330,0,0,0
2022,Stanford Cardinal,Tanner McKee,4685201,1,1,10
2022,Stephen F. Austin Lumberjacks,Trae Self,4578878,0,2,5
2022,Stony Brook Seawolves,Daron Bryden,4878118,0,0,0
2022,Syracuse Orange,Garrett Shrader,4426966,1,1,20
2022,TCU Horned Frogs,Max Duggan,4427105,1,3,31
2022,Tarleton Texans,Beau Allen,4429209,0,0,5
2022,Team Gaither,Jalen Fowler,4248639,0,0,1
2022,Team Robinson,Larry Harrington,5131042,0,0,0
2022,Temple Owls,E.J. Warner,4916436,0,0,0
2022,Tennessee State Tigers,Draylen Ellis,4688717,0,1,1
2022,Tennessee Tech Golden Eagles,Jeremiah Oatsvall,4249033,0,2,6
2022,Tennessee Volunteers,Hendon Hooker,4240858,1,3,30
2022,Texas A&M Aggies,Haynes King,4428993,1,0,4
2022,Texas Longhorns,Quinn Ewers,4889929,0,0,0
2022,Texas Southern Tigers,Andrew Body,4887151,1,1,2
2022,Texas State Bobcats,Layne Hatcher,4361222,0,2,31
2022,Texas Tech Red Raiders,Donovan Smith,4690977,0,0,6
2022,The Citadel Bulldogs,Peyton Derrick,4240999,0,1,5
2022,Toledo Rockets,Dequan Finn,4427191,1,1,16
2022,Towson Tigers,Tyrrell Pigrome,4036210,0,1,39
2022,Troy Trojans,Gunnar Watson,4362723,1,2,23
2022,Tulane Green Wave,Michael Pratt,4685039,1,2,20
2022,Tulsa Golden Hurricane,Davis Brin,4362365,1,1,13
2022,UAB Blazers,Dylan Hopkins,4363410,1,1,21
2022,UC Davis Aggies,Miles Hastings,4571293,0,0,0
2022,UCF Knights,John Rhys Plumlee,4426494,0,0,13
2022,UCLA Bruins,Dorian Thompson-Robinson,4367178,1,4,33
2022,UConn Huskies,Zion Turner,4685697,0,0,0
2022,UL Monroe Warhawks,Chandler Rogers,4570554,0,0,1
2022,UNLV Rebels,Doug Brumfield,4429516,1,0,4
2022,USC Trojans,Caleb Williams,4431611,0,1,10
2022,UT Martin Skyhawks,Dresser Winn,4250970,0,1,3
2022,UTEP Miners,Gavin Hardison,4575668,1,2,22
2022,UTSA Roadrunners,Frank Harris,4245186,1,2,27
2022,Utah State Aggies,Cooper Legas,4430033,0,0,1
2022,Utah Tech Trailblazers,Victor Gabalis,4697625,0,0,3
2022,Utah Utes,Cameron Rising,4362075,1,1,14
2022,VMI Keydets,Seth Morgan,4572934,1,1,1
2022,Valparaiso Beacons,Michael Appel Jr.,4879147,0,0,0
2022,Vanderbilt Commodores,AJ Swann,5081405,0,0,0
2022,Villanova Wildcats,Connor Watkins,4428805,0,0,0
2022,Virginia Cavaliers,Brennan Armstrong,4370775,1,2,28
2022,Virginia Tech Hokies,Grant Wells,4430686,0,2,22
2022,Wagner Seahawks,Nick Kargman,4427681,0,0,1
2022,Wake Forest Demon Deacons,Sam Hartman,4361994,1,3,35
2022,Washington Huskies,Michael Penix Jr.,4360423,0,2,19
2022,Washington State Cougars,Cam Ward,4688380,0,1,1
2022,Weber State Wildcats,Bronson Barron,4697131,1,1,1
2022,West All-Stars,Dorian Thompson-Robinson,4367178,0,3,33
2022,West Virginia Mountaineers,JT Daniels,4374303,0,1,21
2022,Western Carolina Catamounts,Carlos Davis,4731981,0,0,1
2022,Western Illinois Leathernecks,Henry Ogala,4387702,0,0,0
2022,Western Kentucky Hilltoppers,Austin Reed,4368343,0,0,0
2022,Western Michigan Broncos,Jack Salopek,4430699,0,0,2
2022,William & Mary Tribe,Darius Wilson,4878151,1,1,1
2022,Wisconsin Badgers,Graham Mertz,4426335,1,2,22
2022,Wofford Terriers,Jimmy Weirick,4370163,0,0,0
2022,Wyoming Cowboys,Andrew Peasley,4361607,0,0,15
2022,Youngstown State Penguins,Demeatric Crenshaw,4430650,1,1,1
2023,Abilene Christian Wildcats,Maverick McIvor,4427966,0,0,0
2023,Air Force Falcons,Zac Larrier,4580590,0,0,0
2023,Akron Zips,Jeff Undercuffler Jr.,4366715,0,2,6
2023,Alabama A&M Bulldogs,Xavier Lankford,4749280,1,1,2
2023,Alabama Crimson Tide,Jalen Milroe,4432734,0,0,11
2023,Alcorn State Braves,Aaron Allen,4384187,1,1,24
2023,Appalachian State Mountaineers,Joey Aguilar,5151948,0,0,0
2023,Arizona State Sun Devils,Trenton Bourguet,4569184,1,1,10
2023,Arizona Wildcats,Noah Fifita,4801717,0,0,3
2023,Arkansas Razorbacks,KJ Jefferson,4567149,1,2,30
2023,Arkansas State Red Wolves,Jaylen Raynor,5080403,0,0,0
2023,Arkansas-Pine Bluff Golden Lions,Mekhi Hagens,5084305,0,0,0
2023,Army Black Knights,Bryson Daily,4879928,0,0,2
2023,Auburn Tigers,Payton Thorne,4430590,0,2,29
2023,Austin Peay Governors,Mike DiLiello,4689970,1,1,8
2023,BYU Cougars,Kedon Slovis,4428512,0,4,37
2023,Ball State Cardinals,Kiael Kelly,4431416,0,0,0
2023,Baylor Bears,Blake Shapen,4565315,1,1,18
2023,Bethune-Cookman Wildcats,Walter Simmons III,4431565,0,0,1
2023,Boise State Broncos,Taylen Green,4431325,1,1,10
2023,Boston College Eagles,Tommy Castellanos,4773919,0,0,3
2023,Bowling Green Falcons,Connor Bazelak,4426444,0,3,32
2023,Bryant Bulldogs,Zevi Eckhaus,4876066,1,2,2
2023,Bucknell Bison,Ralph Rucker IV,4875855,0,0,1
2023,Buffalo Bulls,Cole Snyder,4570057,1,1,18
2023,Cal Poly Mustangs,Sam Huard,4567748,0,0,5
2023,California Golden Bears,Fernando Mendoza,4837248,0,0,0
2023,Campbell Fighting Camels,Hajj-Malik Williams,4571364,1,4,7
2023,Central Arkansas Bears,Will McElvain,4384603,1,3,3
2023,Central Connecticut Blue Devils,Matt Jenner,5152235,0,0,0
2023,Central Michigan Chippewas,Jase Bauer,4709012,0,0,6
2023,Charleston Southern Buccaneers,Tony Bartalo,5086865,0,0,0
2023,Charlotte 49ers,Trexler Ivey,4689585,0,0,0
2023,Chattanooga Mocs,Luke Schomburg,5083895,0,0,0
2023,Cincinnati Bearcats,Emory Jones,4360230,0,1,35
2023,Clemson Tigers,Cade Klubnik,4685413,0,0,8
2023,Coastal Carolina Chanticleers,Grayson McCall,4427936,1,3,33
2023,Colgate Raiders,Michael Brescia,4876662,1,1,2
2023,Colorado Buffaloes,Shedeur Sanders,4432762,0,0,0
2023,Colorado State Rams,Brayden Fowler-Nicolosi,4833597,0,0,2
2023,Delaware Blue Hens,Ryan O'Connor,5086970,0,0,0
2023,Delaware State Hornets,Marqui Adams,5085808,0,0,0
2023,Duke Blue Devils,Riley Leonard,4683423,1,1,18
2023,Duquesne Dukes,Darius Perrantes,4573455,0,1,2
2023,East Carolina Pirates,Alex Flinn,4567461,0,0,0
2023,East Tennessee State Buccaneers,Tyler Ridell,4577478,1,1,2
2023,Eastern Illinois Panthers,Pierce Holley,4571721,0,0,0
2023,Eastern Kentucky Colonels,Parker McKinney,4368767,1,3,7
2023,Eastern Michigan Eagles,Austin Smith,4597247,0,0,5
2023,Eastern Washington Eagles,Kekoa Visperas,4876140,0,0,2
2023,Elon Phoenix,Justin Allen,4427924,0,0,0
2023,Florida A&M Rattlers,Jeremy Moussa,4363640,1,1,4
2023,Florida Atlantic Owls,Daniel Richardson,4570259,0,3,26
2023,Florida Gators,Graham Mertz,4426335,0,3,33
2023,Florida International Panthers,Keyone Jenkins,5085337,0,0,0
2023,Florida State Seminoles,Jordan Travis,4360799,1,3,37
2023,Fresno State Bulldogs,Mikey Keene,4597499,0,1,15
2023,Furman Paladins,Tyler Huff,4574356,1,1,1
2023,Gardner-Webb Runnin' Bulldogs,Matthew Caldwell,4877717,0,0,1
2023,Georgia Bulldogs,Carson Beck,4430841,0,0,9
2023,Georgia Southern Eagles,Davis Brin,4362365,0,2,22
2023,Georgia State Panthers,Darren Grainger,4369448,1,4,24
2023,Georgia Tech Yellow Jackets,Haynes King,4428993,0,1,10
2023,Grambling Tigers,Myles Crawley,4693861,0,1,2
2023,Hawai'i Rainbow Warriors,Brayden Schager,4709977,1,1,16
2023,Holy Cross Crusaders,Matthew Sluka,4695904,1,2,2
2023,Houston Christian Huskies,Colby Suits,4365325,0,1,15
2023,Houston Cougars,Donovan Smith,4690977,0,1,15
2023,Howard Bison,Quinton Williams,4579549,1,2,3
2023,Idaho State Bengals,Jordan Cooke,5158746,0,0,0
2023,Idaho Vandals,Gevani McCoy,4887446,1,1,2
2023,Illinois Fighting Illini,Luke Altmyer,4597679,0,0,7
2023,Incarnate Word Cardinals,Zach Calzada,4426847,0,1,15
2023,Indiana Hoosiers,Brendan Sorsby,4899046,0,0,1
2023,Indiana State Sycamores,Elijah Owens,5155321,0,0,0
2023,Iowa Hawkeyes,Deacon Hill,4565552,0,0,1
2023,Iowa State Cyclones,Rocco Becht,4801299,0,0,2
2023,Jackson State Tigers,Jason Brown,4248558,0,0,9
2023,Jacksonville State Gamecocks,Zion Webb,4249638,1,1,3
2023,James Madison Dukes,Jordan McCloud,4360890,0,2,22
2023,Kansas Jayhawks,Jason Bean,4360900,0,1,33
2023,Kansas State Wildcats,Will Howard,4429955,1,2,21
2023,Kennesaw State Owls,Jonathan Murphy,4573878,0,0,1
2023,Kent State Golden Flashes,Michael Alaimo,4430829,0,0,4
2023,Kentucky Wildcats,Devin Leary,4361653,0,3,30
2023,LSU Tigers,Jayden Daniels,4426348,1,4,43
2023,Lafayette Leopards,Dean DeNobile,5083847,0,0,0
2023,Lamar Cardinals,Robert Coleman,5154910,0,0,0
2023,Liberty Flames,Kaidon Salter,4432803,0,0,10
2023,Long Island University Sharks,Luca Stanzani,4837195,0,0,2
2023,Louisiana Ragin' Cajuns,Zeon Chriss-Gremillion,4870518,0,0,3
2023,Louisiana Tech Bulldogs,Hank Bachmeier,4426499,0,3,29
2023,Louisville Cardinals,Jack Plummer,4361493,0,2,29
2023,Maine Black Bears,Derek Robertson,4696065,0,0,1
2023,Marshall Thundering Herd,Cam Fancher,4700135,1,1,10
2023,Maryland Terrapins,Taulia Tagovailoa,4567097,1,3,31
2023,Massachusetts Minutemen,Taisun Phommachanh,4426430,0,0,12
2023,McNeese Cowboys,Nate Glantz,5081856,0,0,0
2023,Memphis Tigers,Seth Henigan,4606194,1,2,24
2023,Mercer Bears,Carter Peevy,4692052,0,0,2
2023,Merrimack Warriors,Malakai Anthony,4430912,0,0,0
2023,Miami (OH) RedHawks,Brett Gabbert,4427243,1,3,27
2023,Miami Hurricanes,Tyler Van Dyke,4685186,1,2,19
2023,Michigan State Spartans,Katin Houser,4795295,0,0,1
2023,Michigan Wolverines,J.J. McCarthy,4433970,1,1,25
2023,Middle Tennessee Blue Raiders,Nicholas Vattiato,4682518,0,0,6
2023,Minnesota Golden Gophers,Athan Kaliakmanis,4432722,0,0,10
2023,Mississippi State Bulldogs,Will Rogers,102597,1,3,35
2023,Missouri State Bears,Jacob Clark,4569535,0,0,1
2023,Missouri Tigers,Brady Cook,4429435,1,1,17
2023,Monmouth Hawks,Marquez McCray,4367591,0,0,0
2023,Morgan State Bears,Duce Taylor,4887689,0,0,1
2023,Murray State Racers,DJ Williams,4697094,1,0,1
2023,NC State Wolfpack,Brennan Armstrong,4370775,0,3,38
2023,Navy Midshipmen,Tai Lavatai,4686164,1,2,16
2023,Nebraska Cornhuskers,Heinrich Haarberg,4683263,0,0,0
2023,Nevada Wolf Pack,Brendon Lewis,4429149,0,1,15
2023,New Hampshire Wildcats,Max Brosmer,4573398,1,2,2
2023,New Mexico Lobos,Dylan Hopkins,4363410,0,2,32
2023,New Mexico State Aggies,Diego Pavia,5084180,1,1,11
2023,Nicholls Colonels,Pat McQuaide,4875733,0,0,0
2023,Norfolk State Spartans,Otto Kuhns,4695113,1,1,1
2023,North Alabama Lions,Noah Walters,5093185,1,1,1
2023,North Carolina A&T Aggies,Eli Brickhandler,5086920,0,0,0
2023,North Carolina Central Eagles,Walker Harris,4696880,0,0,0
2023,North Carolina Tar Heels,Drake Maye,4431452,1,1,16
2023,North Dakota Fighting Hawks,Tommy Schuster,4579073,1,2,2
2023,North Texas Mean Green,Chandler Rogers,4570554,0,1,13
2023,Northern Arizona Lumberjacks,Kai Millner,4643625,0,0,2
2023,Northern Colorado Bears,Jacob Sirmon,4361091,1,1,9
2023,Northern Illinois Huskies,Rocky Lombardi,4241965,1,2,32
2023,Northern Iowa Panthers,Theo Day,4360846,1,1,2
2023,Northwestern State Demons,Tyler Vander Waal,4240351,0,1,18
2023,Northwestern Wildcats,Ben Bryant,4360056,0,2,31
2023,Notre Dame Fighting Irish,Sam Hartman,4361994,0,4,47
2023,Ohio Bobcats,Kurtis Rourke,4430431,1,3,22
2023,Ohio State Buckeyes,Kyle McCord,4433971,0,0,11
2023,Oklahoma Sooners,Dillon Gabriel,4427238,1,3,37
2023,Oklahoma State Cowboys,Alan Bowman,4362159,0,2,23
2023,Old Dominion Monarchs,Grant Wilson,4695867,0,0,0
2023,Ole Miss Rebels,Jaxson Dart,4689114,1,1,19
2023,Oregon Ducks,Bo Nix,4426338,1,4,47
2023,Oregon State Beavers,DJ Uiagalelei,4429020,0,2,35
2023,Penn State Nittany Lions,Drew Allar,4714771,0,0,9
2023,Pittsburgh Panthers,Christian Veilleux,4432612,0,0,5
2023,Portland State Vikings,Dante Chachere,4426894,1,1,2
2023,Prairie View A&M Panthers,Trazon Connley,4370935,0,2,3
2023,Purdue Boilermakers,Hudson Card,4429032,0,0,12
2023,Rhode Island Rams,Kasim Hill,4241937,1,3,15
2023,Rice Owls,JT Daniels,4374303,0,2,31
2023,Richmond Spiders,Kyle Wickersham,4877890,0,0,0
2023,Robert Morris Colonials,Anthony Chiccitt,4775291,1,1,1
2023,Rutgers Scarlet Knights,Gavin Wimsatt,4893657,0,0,10
2023,SE Louisiana Lions,Zachary Clement,4573600,0,1,2
2023,SMU Mustangs,Preston Stone,4432767,0,0,8
2023,Sacred Heart Pioneers,Rob McCoy Jr.,4574024,0,0,0
2023,Sam Houston Bearkats,Keegan Shoemaker,4571819,0,0,0
2023,Samford Bulldogs,Michael Hiers,4368833,1,1,2
2023,San Diego State Aztecs,Jalen Mayden,4362894,1,1,10
2023,San José State Spartans,Chevan Cordeiro,4373934,1,3,45
2023,South Alabama Jaguars,Carter Bradley,4362260,1,1,34
2023,South Carolina Gamecocks,Spencer Rattler,4426339,1,2,36
2023,South Carolina State Bulldogs,Andre Washington,5095245,0,0,0
2023,South Dakota Coyotes,Aidan Bouman,4429179,0,0,0
2023,South Florida Bulls,Byrum Brown,4880272,0,0,4
2023,Southeast Missouri State Redhawks,Paxton DeLaurent,5083757,1,1,1
2023,Southern Illinois Salukis,Nic Baker,4368348,1,2,2
2023,Southern Miss Golden Eagles,Billy Wiles,4682927,0,0,1
2023,Southern Utah Thunderbirds,Justin Miller,4571184,1,2,2
2023,St. Francis (PA) Red Flash,Cole Doyle,5088330,1,1,1
2023,Stanford Cardinal,Ashton Daniels,4838679,0,0,5
2023,Stephen F. Austin Lumberjacks,Brian Maurer,4427928,0,0,11
2023,Stony Brook Seawolves,Casey Case,4566381,0,0,0
2023,Syracuse Orange,Garrett Shrader,4426966,1,2,31
2023,TCU Horned Frogs,Josh Hoover,4685401,0,0,1
2023,Tarleton State Texans,Victor Gabalis,4697625,0,1,4
2023,Temple Owls,E.J. Warner,4916436,1,1,10
2023,Tennessee State Tigers,Deveon Bryant,4383604,0,0,1
2023,Tennessee Tech Golden Eagles,Ethan Roberts,4695009,0,0,0
2023,Tennessee Volunteers,Joe Milton III,4360698,0,1,26
2023,Texas A&M Aggies,Max Johnson,4685740,0,2,21
2023,Texas A&M-Commerce Lions,Peter Parrish,4427244,0,0,1
2023,Texas Longhorns,Quinn Ewers,4889929,1,1,10
2023,Texas Southern Tigers,Jace Wilson,4877211,0,0,0
2023,Texas State Bobcats,TJ Finley,4431948,0,0,18
2023,Texas Tech Red Raiders,Behren Morton,4431465,0,0,8
2023,The Citadel Bulldogs,Graeson Underwood,4691745,0,0,0
2023,Toledo Rockets,Dequan Finn,4427191,1,2,27
2023,Towson Tigers,Nathan Kent,4694939,0,0,1
2023,Troy Trojans,Gunnar Watson,4362723,1,3,36
2023,Tulane Green Wave,Michael Pratt,4685039,1,3,32
2023,Tulsa Golden Hurricane,Cardell Williams,4872721,0,0,0
2023,UAB Blazers,Jacob Zeno,4426417,0,0,12
2023,UAlbany Great Danes,Reese Poffenbarger,4875866,0,1,1
2023,UC Davis Aggies,Miles Hastings,4571293,1,1,1
2023,UCF Knights,John Rhys Plumlee,4426494,1,1,25
2023,UCLA Bruins,Dante Moore,4870921,0,0,0
2023,UConn Huskies,Ta'Quan Roberson,4427313,0,0,5
2023,UL Monroe Warhawks,Jiya Wright,4895117,0,0,4
2023,UNLV Rebels,Jayden Maiava,4685454,0,0,0
2023,USC Trojans,Caleb Williams,4431611,1,2,24
2023,UT Martin Skyhawks,Kinkead Dent,4567241,0,0,4
2023,UTEP Miners,Cade McConnell,5088893,0,0,0
2023,UTSA Roadrunners,Frank Harris,4245186,1,3,40
2023,Utah State Aggies,Cooper Legas,4430033,1,1,11
2023,Utah Tech Trailblazers,Kobe Tracy,4694576,0,0,0
2023,Utah Utes,Bryson Barnes,4695600,0,0,5
2023,VMI Keydets,Collin Shannon,5083941,0,0,1
2023,Vanderbilt Commodores,AJ Swann,5081405,1,1,8
2023,Villanova Wildcats,Connor Watkins,4428805,1,1,1
2023,Virginia Cavaliers,Anthony Colandrea,5044387,0,0,0
2023,Virginia Tech Hokies,Kyron Drones,4678010,0,0,3
2023,Wagner Seahawks,Damien Mazil,5100516,0,0,0
2023,Wake Forest Demon Deacons,Mitch Griffis,4433829,1,0,6
2023,Washington Huskies,Michael Penix Jr.,4360423,1,3,32
2023,Washington State Cougars,Cam Ward,4688380,1,2,13
2023,Weber State Wildcats,Kylan Weisser,4366190,0,0,1
2023,West Virginia Mountaineers,Garrett Greene,4429847,0,0,17
2023,Western Carolina Catamounts,Charlie Dean,4571366,0,0,0
2023,Western Illinois Leathernecks,Matt Morrissey,4878834,0,0,0
2023,Western Kentucky Hilltoppers,Austin Reed,4368343,1,1,13
2023,Western Michigan Broncos,Hayden Wolff,4430775,0,2,23
2023,William & Mary Tribe,Darius Wilson,4878151,1,2,2
2023,Wisconsin Badgers,Tanner Mordecai,4360271,0,2,36
2023,Wofford Terriers,Bryce Corriston,4694361,0,0,0
2023,Wyoming Cowboys,Andrew Peasley,4361607,1,1,26
2023,Youngstown State Penguins,Mitch Davidson,4368398,0,0,1
2024,Abilene Christian Wildcats,Maverick McIvor,4427966,1,1,2
2024,Air Force Falcons,John Busha,5151904,0,0,2
2024,Akron Zips,Ben Finley,4431091,0,0,12
2024,Alabama A&M Bulldogs,Cornelious Brown IV,4568411,0,1,20
2024,Alabama Crimson Tide,Jalen Milroe,4432734,1,1,24
2024,Alcorn State Braves,Xzavier Vaughn,4578894,0,0,1
2024,App State Mountaineers,Joey Aguilar,5151948,0,1,14
2024,Arizona State Sun Devils,Sam Leavitt,5078810,0,0,4
2024,Arizona Wildcats,Noah Fifita,4801717,1,1,15
2024,Arkansas Razorbacks,Taylen Green,4431325,0,2,23
2024,Arkansas State Red Wolves,Jaylen Raynor,5080403,1,1,11
2024,Arkansas-Pine Bluff Golden Lions,Mekhi Hagens,5084305,1,1,1
2024,Army Black Knights,Bryson Daily,4879928,1,1,13
2024,Auburn Tigers,Payton Thorne,4430590,1,3,42
2024,Austin Peay Governors,Austin Smith,4597247,0,1,17
2024,BYU Cougars,Jake Retzlaff,5150611,0,0,4
2024,Ball State Cardinals,Kadin Semonza,5091890,1,0,4
2024,Baylor Bears,Sawyer Robertson,4432759,0,0,9
2024,Bethune-Cookman Wildcats,Cam'Ron Ransom,4565189,0,0,8
2024,Boise State Broncos,Maddux Madsen,4870513,0,0,10
2024,Boston College Eagles,Grayson James,4567707,0,1,17
2024,Bowling Green Falcons,Connor Bazelak,4426444,1,4,43
2024,Bryant Bulldogs,Jarrett Guest,4427354,0,0,16
2024,Bucknell Bison,Ralph Rucker IV,4875855,1,1,2
2024,Buffalo Bulls,C.J. Ogbonna,4877296,0,1,6
2024,Cal Poly Mustangs,Jackson Akins,5223904,0,0,0
2024,California Golden Bears,Fernando Mendoza,4837248,1,1,9
2024,Campbell Fighting Camels,Mike Chandler II,4431018,0,1,2
2024,Central Arkansas Bears,Will McElvain,4384603,1,4,4
2024,Central Connecticut Blue Devils,Brady Olson,4683471,0,2,17
2024,Central Michigan Chippewas,Joe Labas,4683291,0,0,1
2024,Charleston Southern Buccaneers,Kaleb Jackson,5087870,0,0,0
2024,Charlotte 49ers,Deshawn Purdie,5138131,0,0,0
2024,Chattanooga Mocs,Chase Artopoeus,4569414,0,0,0
2024,Cincinnati Bearcats,Brendan Sorsby,4899046,0,1,11
2024,Clemson Tigers,Cade Klubnik,4685413,1,1,21
2024,Coastal Carolina Chanticleers,Ethan Vasko,4832918,0,0,7
2024,Colgate Raiders,Michael Brescia,4876662,1,2,3
2024,Colorado Buffaloes,Shedeur Sanders,4432762,1,1,11
2024,Colorado State Rams,Brayden Fowler-Nicolosi,4833597,1,1,14
2024,Delaware Blue Hens,Zach Marker,5153845,0,0,1
2024,Delaware State Hornets,Marqui Adams,5085808,1,1,2
2024,Duke Blue Devils,Maalik Murphy,4685497,0,0,6
2024,Duquesne Dukes,Darius Perrantes,4573455,1,2,4
2024,East Carolina Pirates,Katin Houser,4795295,0,1,12
2024,East Tennessee State Buccaneers,Jaylen King,5152839,0,0,1
2024,East Texas A&M Lions,Eric Rodriguez,5093929,0,0,0
2024,Eastern Illinois Panthers,Pierce Holley,4571721,1,1,1
2024,Eastern Kentucky Colonels,Matt Morrissey,4878834,0,1,1
2024,Eastern Michigan Eagles,Cole Snyder,4570057,0,2,29
2024,Eastern Washington Eagles,Kekoa Visperas,4876140,1,1,3
2024,Elon Phoenix,Matthew Downing,4379400,0,0,13
2024,Florida A&M Rattlers,Daniel Richardson,4570259,0,4,37
2024,Florida Atlantic Owls,Cam Fancher,4700135,0,2,20
2024,Florida Gators,DJ Lagway,5079555,0,0,0
2024,Florida International Panthers,Keyone Jenkins,5085337,1,1,11
2024,Florida State Seminoles,DJ Uiagalelei,4429020,0,3,47
2024,Fordham Rams,CJ Montes,4710001,0,0,6
2024,Fresno State Bulldogs,Mikey Keene,4597499,1,2,27
2024,Furman Paladins,Carson Jones,5085848,0,0,1
2024,Gardner-Webb Runnin' Bulldogs,Tyler Ridell,4577478,0,2,3
2024,Georgia Bulldogs,Carson Beck,4430841,1,1,23
2024,Georgia Southern Eagles,JC French IV,4685345,0,0,6
2024,Georgia State Panthers,Christian Veilleux,4432612,0,1,12
2024,Georgia Tech Yellow Jackets,Haynes King,4428993,1,2,21
2024,Grambling Tigers,Myles Crawley,4693861,1,2,3
2024,Hawai'i Rainbow Warriors,Brayden Schager,4709977,1,2,29
2024,Holy Cross Crusaders,Joe Pesansky,4879058,0,0,0
2024,Houston Christian Huskies,Cutter Stewart,5154855,0,0,0
2024,Houston Cougars,Donovan Smith,4690977,1,2,27
2024,Howard Bison,Ja'Shawn Scroggins,5087297,0,0,0
2024,Idaho State Bengals,Kobe Tracy,4694576,0,1,1
2024,Idaho Vandals,Jack Layne,5083171,0,0,0
2024,Illinois Fighting Illini,Luke Altmyer,4597679,1,1,16
2024,Illinois State Redbirds,Tommy Rittenhouse,4878284,0,0,0
2024,Indiana Hoosiers,Kurtis Rourke,4430431,0,4,33
2024,Indiana State Sycamores,Elijah Owens,5155321,1,1,1
2024,Iowa Hawkeyes,Cade McNamara,4427455,1,1,26
2024,Iowa State Cyclones,Rocco Becht,4801299,1,1,15
2024,Jacksonville State Gamecocks,Tyler Huff,4574356,0,2,2
2024,James Madison Dukes,Alonza Barnett III,4911929,0,0,2
2024,Kansas Jayhawks,Jalon Daniels,4596472,0,2,25
2024,Kansas State Wildcats,Avery Johnson,4870857,0,0,7
2024,Kennesaw State Owls,Davis Bryson,5083103,0,0,0
2024,Kent State Golden Flashes,Tommy Ulatowski,5082965,0,0,8
2024,Kentucky Wildcats,Brock Vandagriff,4432782,0,0,9
2024,LSU Tigers,Garrett Nussmeier,4567747,0,0,17
2024,Lafayette Leopards,Dean DeNobile,5083847,1,1,1
2024,Lamar Cardinals,Robert Coleman,5154910,1,1,1
2024,Lehigh Mountain Hawks,Dante Perri,4696371,0,0,0
2024,Liberty Flames,Kaidon Salter,4432803,1,1,24
2024,Lindenwood Lions,Nate Glantz,5081856,0,1,1
2024,Long Island University Sharks,Luca Stanzani,4837195,1,1,3
2024,Louisiana Ragin' Cajuns,Ben Wooldridge,4373895,1,1,17
2024,Louisiana Tech Bulldogs,Evan Bullock,5076949,0,0,1
2024,Louisville Cardinals,Tyler Shough,4360689,0,1,25
2024,Maine Black Bears,Carter Peevy,4692052,0,1,3
2024,Marshall Thundering Herd,Braylon Braxton,4600403,0,0,15
2024,Maryland Terrapins,Billy Edwards Jr.,4592532,0,0,8
2024,Massachusetts Minutemen,Taisun Phommachanh,4426430,1,1,21
2024,McNeese Cowboys,Kamden Sixkiller,5154962,0,0,0
2024,Memphis Tigers,Seth Henigan,4606194,1,3,37
2024,Mercer Bears,Whitt Newbauer,5224237,0,0,0
2024,Merrimack Warriors,Malakai Anthony,4430912,1,1,1
2024,Miami (OH) RedHawks,Brett Gabbert,4427243,1,4,35
2024,Miami Hurricanes,Cam Ward,4688380,0,3,25
2024,Michigan State Spartans,Aidan Chiles,5075805,0,0,9
2024,Michigan Wolverines,Davis Warren,4878681,0,0,6
2024,Middle Tennessee Blue Raiders,Nicholas Vattiato,4682518,1,1,18
2024,Minnesota Golden Gophers,Max Brosmer,4573398,0,3,3
2024,Mississippi State Bulldogs,Michael Van Buren Jr.,5079620,0,0,0
2024,Missouri State Bears,Jacob Clark,4569535,1,1,2
2024,Missouri Tigers,Brady Cook,4429435,1,2,30
2024,Monmouth Hawks,Derek Robertson,4696065,0,1,2
2024,Montana Grizzlies,Keali'i Ah Yat,5153708,0,0,0
2024,Montana State Bobcats,Tommy Mellott,4775196,0,1,1
2024,Morgan State Bears,Tahj Smith,5154534,0,0,0
2024,Murray State Racers,Jayden Johannsen,4427608,0,0,0
2024,NC State Wolfpack,CJ Bailey,5079301,0,0,0
2024,Navy Midshipmen,Blake Horvath,5081504,0,0,4
2024,Nebraska Cornhuskers,Dylan Raiola,5079572,0,0,0
2024,Nevada Wolf Pack,Brendon Lewis,4429149,1,2,26
2024,New Hampshire Wildcats,Seth Morgan,4572934,0,2,2
2024,New Mexico Lobos,Devon Dampier,5105849,0,0,8
2024,New Mexico State Aggies,Parker Awad,5220783,0,0,0
2024,Nicholls Colonels,Pat McQuaide,4875733,1,1,2
2024,Norfolk State Spartans,Jalen Daniels,5227486,0,0,0
2024,North Alabama Lions,Ari Patu,4592531,0,0,6
2024,North Carolina A&T Aggies,Kevin White,5164567,0,0,1
2024,North Carolina Central Eagles,Walker Harris,4696880,1,1,1
2024,North Carolina Tar Heels,Jacolby Criswell,4429463,0,0,11
2024,North Dakota Fighting Hawks,Simon Romfo,4879225,0,0,0
2024,North Dakota State Bison,Cam Miller,4693331,0,1,1
2024,North Texas Mean Green,Chandler Morris,4692530,0,0,15
2024,Northern Arizona Lumberjacks,Ty Pennington,5225414,0,0,0
2024,Northern Colorado Bears,Peter Costelli,4565180,0,0,0
2024,Northern Illinois Huskies,Ethan Hampton,4618083,0,1,7
2024,Northern Iowa Panthers,Matthew Schecklman,5085754,0,0,0
2024,Northwestern State Demons,J.T. Fayard,5156255,0,0,0
2024,Northwestern Wildcats,Jack Lausch,4911961,0,0,4
2024,Notre Dame Fighting Irish,Riley Leonard,4683423,0,2,25
2024,Ohio Bobcats,Parker Navarro,4610131,0,0,6
2024,Ohio State Buckeyes,Will Howard,4429955,0,3,33
2024,Oklahoma Sooners,Jackson Arnold,4870607,0,0,4
2024,Oklahoma State Cowboys,Alan Bowman,4362159,1,3,37
2024,Old Dominion Monarchs,Colton Joseph,5125715,0,0,0
2024,Ole Miss Rebels,Jaxson Dart,4689114,1,2,31
2024,Oregon Ducks,Dillon Gabriel,4427238,0,4,49
2024,Oregon State Beavers,Gevani McCoy,4887446,0,2,3
2024,Penn State Nittany Lions,Drew Allar,4714771,1,1,21
2024,Pennsylvania Quakers,Aidan Sayin,4878255,0,0,0
2024,Pittsburgh Panthers,Eli Holstein,4870819,0,0,0
2024,Portland State Vikings,Dante Chachere,4426894,1,2,4
2024,Prairie View A&M Panthers,Cameron Peters,5227681,0,0,0
2024,Purdue Boilermakers,Hudson Card,4429032,1,1,23
2024,Rhode Island Rams,Hunter Helms,4686096,0,0,8
2024,Rice Owls,E.J. Warner,4916436,0,2,20
2024,Richmond Spiders,Camden Coleman,5153978,0,0,0
2024,Robert Morris Colonials,Anthony Chiccitt,4775291,1,2,2
2024,Rutgers Scarlet Knights,Athan Kaliakmanis,4432722,0,1,22
2024,SE Louisiana Lions,Eli Sawyer,4696819,1,0,3
2024,SMU Mustangs,Kevin Jennings,5084084,0,0,10
2024,Sacramento State Hornets,Carson Conklin,4920192,0,0,0
2024,Sacred Heart Pioneers,John Michalski,5165911,0,0,0
2024,Sam Houston Bearkats,Hunter Watson,5220424,0,0,0
2024,Samford Bulldogs,Quincy Crittendon,4877380,0,0,2
2024,San Diego State Aztecs,Danny O'Neil,5126474,0,0,0
2024,San José State Spartans,Walker Eget,4694149,0,0,2
2024,South Alabama Jaguars,Gio Lopez,4920227,0,0,5
2024,South Carolina Gamecocks,LaNorris Sellers,4875127,0,0,1
2024,South Carolina State Bulldogs,Eric Phoenix,5166227,0,0,1
2024,South Dakota Coyotes,Aidan Bouman,4429179,1,1,1
2024,South Dakota State Jackrabbits,Mark Gronowski,4695400,0,1,1
2024,South Florida Bulls,Bryce Archie,4806463,0,0,7
2024,Southeast Missouri State Redhawks,Paxton DeLaurent,5083757,1,2,2
2024,Southern Illinois Salukis,Jake Curry,5227786,0,0,0
2024,Southern Miss Golden Eagles,Tate Rodemaker,4433886,0,0,18
2024,Southern Utah Thunderbirds,Jackson Berry,4876330,0,0,2
2024,St. Francis (PA) Red Flash,Adrian Mejia,5088339,0,0,0
2024,Stanford Cardinal,Ashton Daniels,4838679,1,1,16
2024,Stephen F. Austin Lumberjacks,Sam Vidlak,4683311,0,0,3
2024,Stony Brook Seawolves,Malachi Marshall,5226895,0,0,0
2024,Syracuse Orange,Kyle McCord,4433971,0,1,23
2024,TCU Horned Frogs,Josh Hoover,4685401,1,1,10
2024,Tarleton State Texans,Daniel Greek,4587721,0,0,1
2024,Temple Owls,Evan Simon,4431387,0,1,13
2024,Tennessee State Tigers,Draylen Ellis,4688717,0,2,3
2024,Tennessee Tech Golden Eagles,Jordyn Potts,5153754,0,0,0
2024,Tennessee Volunteers,Nico Iamaleava,4870799,0,0,5
2024,Texas A&M Aggies,Marcel Reed,4870971,0,0,3
2024,Texas Longhorns,Quinn Ewers,4889929,1,2,22
2024,Texas Southern Tigers,Jordon Davis,5168808,0,0,1
2024,Texas State Bobcats,Jordan McCloud,4360890,0,3,35
2024,Texas Tech Red Raiders,Behren Morton,4431465,1,1,18
2024,The Citadel Bulldogs,Johnathan Bennett,4426687,0,1,27
2024,Toledo Rockets,Tucker Gleason,4429801,0,0,14
2024,Towson Tigers,Carlos Davis,4731981,0,1,6
2024,Troy Trojans,Matthew Caldwell,4877717,0,1,3
2024,Tulane Green Wave,Darian Mensah,5121169,0,0,0
2024,Tulsa Golden Hurricane,Kirk Francis,5151618,0,0,4
2024,UAB Blazers,Jalen Kitna,4565187,0,0,2
2024,UAlbany Great Danes,Myles Burkett,4714009,0,0,2
2024,UC Davis Aggies,Miles Hastings,4571293,1,2,2
2024,UCF Knights,Dylan Rizk,4920156,0,0,1
2024,UCLA Bruins,Ethan Garbers,4429068,1,0,16
2024,UConn Huskies,Joe Fagnano,4429582,1,2,6
2024,UL Monroe Warhawks,Aidan Armenta,5122054,0,0,0
2024,UNLV Rebels,Hajj-Malik Williams,4571364,0,5,8
2024,USC Trojans,Miller Moss,4431580,0,0,7
2024,UT Martin Skyhawks,Kinkead Dent,4567241,1,1,5
2024,UTEP Miners,Skyler Locklear,5083042,0,0,0
2024,UTSA Roadrunners,Owen McCown,4775136,0,0,10
2024,Utah State Aggies,Spencer Petras,4360480,0,3,35
2024,Utah Tech Trailblazers,Deacon Hill,4565552,0,1,14
2024,Utah Utes,Isaac Wilson,5079771,0,0,0
2024,VMI Keydets,Chandler Wilson,5168665,0,0,1
2024,Vanderbilt Commodores,Diego Pavia,5084180,0,2,26
2024,Villanova Wildcats,Connor Watkins,4428805,1,2,2
2024,Virginia Cavaliers,Anthony Colandrea,5044387,1,1,8
2024,Virginia Tech Hokies,Kyron Drones,4678010,1,1,15
2024,Wagner Seahawks,Jack Stevens,5227302,0,0,0
2024,Wake Forest Demon Deacons,Hank Bachmeier,4426499,0,4,38
2024,Washington Huskies,Will Rogers,102597,0,4,43
2024,Washington State Cougars,John Mateer,4915980,0,0,6
2024,Weber State Wildcats,Richie Muñoz,5153685,0,0,0
2024,West Virginia Mountaineers,Garrett Greene,4429847,1,1,28
2024,Western Carolina Catamounts,Cole Gonzales,5089540,0,0,2
2024,Western Illinois Leathernecks,Nathan Lamb,4430016,0,0,0
2024,Western Kentucky Hilltoppers,Caden Veltkamp,4869991,0,0,3
2024,Western Michigan Broncos,Hayden Wolff,4430775,1,3,31
2024,William & Mary Tribe,Darius Wilson,4878151,1,3,3
2024,Wisconsin Badgers,Braedyn Locke,4702829,0,0,5
2024,Wofford Terriers,Amari Odom,5153782,0,0,0
2024,Wyoming Cowboys,Evan Svoboda,5082633,0,0,6
2024,Youngstown State Penguins,Beau Brungard,5109518,0,0,1
2025,Abilene Christian Wildcats,Stone Earle,4691272,0,1,15
2025,Air Force Falcons,Liam Szarka,5238868,0,0,0
2025,Akron Zips,Ben Finley,4431091,1,1,24
2025,Alabama A&M Bulldogs,Cornelious Brown IV,4568411,1,2,21
2025,Alabama Crimson Tide,Ty Simpson,4685522,0,0,12
2025,Alabama State Hornets,Andrew Body,4887151,0,2,3
2025,Alcorn State Braves,Jaylon Tolbert,4878822,0,0,0
2025,App State Mountaineers,AJ Swann,5081405,0,2,16
2025,Arizona State Sun Devils,Sam Leavitt,5078810,1,1,16
2025,Arizona Wildcats,Noah Fifita,4801717,1,2,27
2025,Arkansas Razorbacks,Taylen Green,4431325,1,3,36
2025,Arkansas State Red Wolves,Jaylen Raynor,5080403,1,2,24
2025,Arkansas-Pine Bluff Golden Lions,Christian Peters,5303362,0,0,0
2025,Army Black Knights,Cale Hellums,5150297,0,0,0
2025,Auburn Tigers,Jackson Arnold,4870607,0,1,13
2025,Austin Peay Governors,Chris Parson,4870889,0,0,3
2025,BYU Cougars,Bear Bachmeier,5141367,0,0,0
2025,Ball State Cardinals,Kiael Kelly,4431416,0,1,14
2025,Baylor Bears,Sawyer Robertson,4432759,1,1,21
2025,Bethune-Cookman Wildcats,Timmy McClain,4433969,0,1,22
2025,Boise State Broncos,Maddux Madsen,4870513,1,1,24
2025,Boston College Eagles,Dylan Lonergan,4870900,0,0,2
2025,Bowling Green Falcons,Drew Pyne,4429088,0,1,23
2025,Bryant Bulldogs,Brennan Myer,5226265,0,0,1
2025,Bucknell Bison,Ralph Rucker IV,4875855,1,2,3
2025,Buffalo Bulls,Ta'Quan Roberson,4427313,0,1,19
2025,Cal Poly Mustangs,Bo Kelly,5083145,1,0,1
2025,California Golden Bears,Jaron-Keawe Sagapolutele,5164313,0,0,0
2025,Campbell Fighting Camels,Kamden Sixkiller,5154962,0,1,1
2025,Central Arkansas Bears,Luther Richesson,4902963,0,0,0
2025,Central Connecticut Blue Devils,Brady Olson,4683471,1,3,18
2025,Central Michigan Chippewas,Joe Labas,4683291,1,1,6
2025,Charleston Southern Buccaneers,Zolten Osborne,5164721,0,0,1
2025,Charlotte 49ers,Grayson Loftis,4915837,0,0,6
2025,Chattanooga Mocs,Camden Orth,4577962,0,1,17
2025,Cincinnati Bearcats,Brendan Sorsby,4899046,1,2,23
2025,Clemson Tigers,Cade Klubnik,4685413,1,2,35
2025,Coastal Carolina Chanticleers,Tad Hudson,4870793,0,0,1
2025,Colgate Raiders,Zach Osborne,5085941,0,0,1
2025,Colorado Buffaloes,Kaidon Salter,4432803,0,2,35
2025,Colorado State Rams,Jackson Brousseau,5054036,0,0,2
2025,Delaware Blue Hens,Nick Minicucci,5153846,0,0,6
2025,Delaware State Hornets,Kaiden Bennett,4426688,0,0,3
2025,Duke Blue Devils,Darian Mensah,5121169,0,1,13
2025,Duquesne Dukes,Tyler Riddell,4777154,0,0,0
2025,East Carolina Pirates,Katin Houser,4795295,1,2,21
2025,East Tennessee State Buccaneers,Cade McNamara,4427455,0,2,33
2025,East Texas A&M Lions,Eric Rodriguez,5093929,1,1,2
2025,Eastern Illinois Panthers,Connor Wolf,5225271,0,0,0
2025,Eastern Kentucky Colonels,Myles Burkett,4714009,0,1,4
2025,Eastern Michigan Eagles,Noah Kim,4690158,0,0,15
2025,Eastern Washington Eagles,Jake Schakel,5146672,0,0,0
2025,Elon Phoenix,Landen Clark,5224789,0,0,0
2025,Florida A&M Rattlers,RJ Johnson III,5151696,0,0,0
2025,Florida Atlantic Owls,Caden Veltkamp,4869991,0,1,16
2025,Florida Gators,DJ Lagway,5079555,1,1,12
2025,Florida International Panthers,Keyone Jenkins,5085337,1,2,23
2025,Florida State Seminoles,Tommy Castellanos,4773919,0,1,24
2025,Fordham Rams,Gunnar Smith,4812381,0,0,0
2025,Fresno State Bulldogs,E.J. Warner,4916436,0,3,31
2025,Furman Paladins,Trey Hedden,5224084,0,0,1
2025,Gardner-Webb Runnin' Bulldogs,Nate Hampton,4602968,0,0,6
2025,Georgia Bulldogs,Gunner Stockton,4685578,0,0,8
2025,Georgia Southern Eagles,JC French IV,4685345,1,1,19
2025,Georgia State Panthers,TJ Finley,4431948,0,1,34
2025,Georgia Tech Yellow Jackets,Haynes King,4428993,1,3,32
2025,Grambling Tigers,C'zavian Teasett,5156292,0,0,0
2025,Hawai'i Rainbow Warriors,Micah Alejado,5101124,0,0,3
2025,Holy Cross Crusaders,Cal Swanson,5075592,0,0,0
2025,Houston Christian Huskies,Jake Weir,4880516,0,0,0
2025,Houston Cougars,Conner Weigman,4685574,0,0,15
2025,Howard Bison,Tyriq Starks,5082005,0,0,5
2025,Idaho State Bengals,Jordan Cooke,5158746,1,1,3
2025,Idaho Vandals,Joshua Wood,4832830,0,0,4
2025,Illinois Fighting Illini,Luke Altmyer,4597679,1,2,28
2025,Illinois State Redbirds,Tommy Rittenhouse,4878284,1,1,3
2025,Incarnate Word Cardinals,EJ Colson,5141395,0,0,2
2025,Indiana Hoosiers,Fernando Mendoza,4837248,0,2,19
2025,Indiana State Sycamores,Keegan Patterson,5085026,0,0,0
2025,Iowa Hawkeyes,Mark Gronowski,4695400,0,2,5
2025,Iowa State Cyclones,Rocco Becht,4801299,1,2,29
2025,Jackson State Tigers,JaCobian Morgan,4612078,0,0,4
2025,Jacksonville State Gamecocks,Caden Creel,5122157,0,0,0
2025,James Madison Dukes,Alonza Barnett III,4911929,1,1,14
2025,Kansas Jayhawks,Jalon Daniels,4596472,1,3,37
2025,Kansas State Wildcats,Avery Johnson,4870857,1,1,20
2025,Kennesaw State Owls,Amari Odom,5153782,0,1,1
2025,Kent State Golden Flashes,Dru DeShields,5119841,0,0,0
2025,Kentucky Wildcats,Cutter Boley,5141378,0,0,4
2025,LSU Tigers,Garrett Nussmeier,4567747,1,1,30
2025,Lafayette Leopards,Dean DeNobile,5083847,1,2,2
2025,Lamar Cardinals,Robert Coleman,5154910,1,2,2
2025,Liberty Flames,Ethan Vasko,4832918,0,1,19
2025,Lindenwood Lions,Nate Glantz,5081856,1,2,3
2025,Long Island University Sharks,Luca Stanzani,4837195,1,2,4
2025,Louisiana Ragin' Cajuns,Lunch Winfield,4871091,0,0,1
2025,Louisiana Tech Bulldogs,Blake Baker,5150998,1,0,2
2025,Louisville Cardinals,Miller Moss,4431580,0,1,16
2025,Maine Black Bears,Carter Peevy,4692052,1,2,5
2025,Marshall Thundering Herd,Carlos Del Rio-Wilson,4432691,0,0,12
2025,Maryland Terrapins,Malik Washington,5141695,0,0,0
2025,Massachusetts Minutemen,AJ Hairston,5146355,0,0,4
2025,McNeese Cowboys,Jake Strong,4915622,0,0,2
2025,Memphis Tigers,Brendon Lewis,4429149,0,3,38
2025,Mercer Bears,Braden Atkinson,5212654,0,0,0
2025,Mercyhurst Lakers,Adam Urena,5227565,0,0,0
2025,Merrimack Warriors,Ayden Pereira,5083490,0,0,2
2025,Miami (OH) RedHawks,Dequan Finn,4427191,0,3,42
2025,Miami Hurricanes,Carson Beck,4430841,0,2,36
2025,Michigan State Spartans,Aidan Chiles,5075805,1,1,21
2025,Michigan Wolverines,Bryce Underwood,5141741,0,0,0
2025,Middle Tennessee Blue Raiders,Nicholas Vattiato,4682518,1,2,30
2025,Minnesota Golden Gophers,Drake Lindsey,5144959,0,0,2
2025,Mississippi State Bulldogs,Blake Shapen,4565315,1,2,30
2025,Missouri State Bears,Jacob Clark,4569535,1,2,14
2025,Missouri Tigers,Beau Pribula,4685696,0,0,15
2025,Monmouth Hawks,Derek Robertson,4696065,1,2,4
2025,Montana Grizzlies,Keali'i Ah Yat,5153708,1,1,1
2025,Montana State Bobcats,Justin Lamson,4684502,0,0,14
2025,Morgan State Bears,Kobe Muasau,5227430,0,0,0
2025,Murray State Racers,Jim Ogle,5193343,0,0,2
2025,NC State Wolfpack,CJ Bailey,5079301,1,1,11
2025,Navy Midshipmen,Blake Horvath,5081504,1,1,16
2025,Nebraska Cornhuskers,Dylan Raiola,5079572,1,1,12
2025,Nevada Wolf Pack,Carter Jones,5205097,0,0,0
2025,New Hampshire Wildcats,Matt Vezza,5171031,0,0,0
2025,New Mexico Lobos,Jack Layne,5083171,0,1,1
2025,New Mexico State Aggies,Logan Fife,4605998,0,0,14
2025,Nicholls Colonels,Deuce Hogan,4429191,0,0,4
2025,Norfolk State Spartans,Otto Kuhns,4695113,0,2,2
2025,North Alabama Lions,Ari Patu,4592531,1,1,7
2025,North Carolina A&T Aggies,Champ Long,5150663,0,0,1
2025,North Carolina Central Eagles,Walker Harris,4696880,1,2,2
2025,North Carolina Tar Heels,Gio Lopez,4920227,0,1,16
2025,North Dakota Fighting Hawks,Jerry Kaminski,5155528,0,0,0
2025,North Dakota State Bison,Cole Payton,4879250,0,0,7
2025,North Texas Mean Green,Drew Mestemaker,5219834,0,0,3
2025,Northern Arizona Lumberjacks,Ty Pennington,5225414,1,1,1
2025,Northern Colorado Bears,Eric Gibson Jr.,5300801,0,0,0
2025,Northern Illinois Huskies,Josh Holst,5151506,0,0,7
2025,Northern Iowa Panthers,Jaxon Dailey,4826635,0,0,5
2025,Northwestern State Demons,Abram Johnston,5226585,0,0,0
2025,Northwestern Wildcats,Preston Stone,4432767,0,1,26
2025,Notre Dame Fighting Irish,CJ Carr,5079369,0,0,0
2025,Ohio Bobcats,Parker Navarro,4610131,1,1,19
2025,Ohio State Buckeyes,Julian Sayin,5079712,0,0,4
2025,Oklahoma Sooners,John Mateer,4915980,0,1,17
2025,Oklahoma State Cowboys,Zane Flores,4923267,0,0,0
2025,Old Dominion Monarchs,Colton Joseph,5125715,1,1,8
2025,Ole Miss Rebels,Trinidad Chambliss,4911529,0,0,0
2025,Oregon Ducks,Dante Moore,4870921,0,1,13
2025,Oregon State Beavers,Maalik Murphy,4685497,0,1,18
2025,Penn State Nittany Lions,Ethan Grunkemeyer,5144078,0,0,1
2025,Pittsburgh Panthers,Mason Heintschel,5208095,0,0,0
2025,Portland State Vikings,John-Keawe Sagapolutele,5075571,0,0,2
2025,Prairie View A&M Panthers,Tevin Carter,4801301,0,0,3
2025,Purdue Boilermakers,Ryan Browne,5104738,0,0,8
2025,Rhode Island Rams,Devin Farrell,4715345,1,0,2
2025,Rice Owls,Chase Jenkins,4986096,0,0,4
2025,Richmond Spiders,Kyle Wickersham,4877890,1,1,2
2025,Robert Morris Colonials,Zach Tanner,5095112,0,0,1
2025,Rutgers Scarlet Knights,Athan Kaliakmanis,4432722,1,2,34
2025,SE Louisiana Lions,Carson Camp,4695784,0,2,2
2025,SMU Mustangs,Kevin Jennings,5084084,1,1,24
2025,Sacramento State Hornets,Cardell Williams,4872721,0,1,13
2025,Saint Francis Red Flash,Nick Whitfield Jr.,5088334,0,0,0
2025,Sam Houston Bearkats,Hunter Watson,5220424,1,1,11
2025,Samford Bulldogs,Quincy Crittendon,4877380,1,1,3
2025,San Diego State Aztecs,Jayden Denegal,4685311,0,0,3
2025,San José State Spartans,Walker Eget,4694149,1,1,13
2025,South Alabama Jaguars,Bishop Davenport,4869553,0,0,9
2025,South Carolina Gamecocks,LaNorris Sellers,4875127,1,1,12
2025,South Carolina State Bulldogs,William Atkins IV,4877811,0,0,6
2025,South Dakota Coyotes,Aidan Bouman,4429179,1,2,3
2025,South Dakota State Jackrabbits,Chase Mason,5085784,0,0,2
2025,South Florida Bulls,Byrum Brown,4880272,1,1,22
2025,Southeast Missouri State Redhawks,Jax Leatherwood,5027925,0,0,0
2025,Southern Illinois Salukis,DJ Williams,4697094,1,1,4
2025,Southern Jaguars,Ashton Strother,5308438,0,0,0
2025,Southern Miss Golden Eagles,Braylon Braxton,4600403,0,1,25
2025,St. Thomas-Minnesota Tommies,Amari Powell,5088992,0,0,0
2025,Stanford Cardinal,Ben Gulbranson,4431114,0,1,17
2025,Stephen F. Austin Lumberjacks,Sam Vidlak,4683311,1,1,4
2025,Stony Brook Seawolves,Chris Zellous,4884392,0,0,0
2025,Syracuse Orange,Rickie Collins,4870645,0,0,4
2025,TCU Horned Frogs,Josh Hoover,4685401,1,2,23
2025,Tarleton State Texans,Victor Gabalis,4697625,0,2,5
2025,Temple Owls,Evan Simon,4431387,1,2,22
2025,Tennessee State Tigers,Jonathan Palmer,5231101,0,0,0
2025,Tennessee Tech Golden Eagles,Kekoa Visperas,4876140,0,2,5
2025,Tennessee Volunteers,Joey Aguilar,5151948,0,2,25
2025,Texas A&M Aggies,Marcel Reed,4870971,1,1,13
2025,Texas Longhorns,Arch Manning,4870906,0,0,7
2025,Texas Southern Tigers,KJ Cooper,5232131,0,0,0
2025,Texas State Bobcats,Brad Jackson,5148803,0,0,2
2025,Texas Tech Red Raiders,Behren Morton,4431465,1,2,30
2025,The Citadel Bulldogs,Cobey Thompkins,5230073,0,0,0
2025,Toledo Rockets,Tucker Gleason,4429801,1,1,26
2025,Towson Tigers,Andrew Indorf,5301657,0,0,0
2025,Troy Trojans,Tucker Kilcrease,4912119,0,0,4
2025,Tulane Green Wave,Jake Retzlaff,5150611,0,1,17
2025,Tulsa Golden Hurricane,Baylor Hayes,5224011,0,0,0
2025,UAB Blazers,Jalen Kitna,4565187,1,1,10
2025,UAlbany Great Danes,Jack Shields,4881352,0,0,3
2025,UC Davis Aggies,Caden Pinnick,5226019,0,0,0
2025,UCF Knights,Tayven Jackson,4801307,0,0,12
2025,UCLA Bruins,Nico Iamaleava,4870799,0,1,18
2025,UConn Huskies,Joe Fagnano,4429582,0,3,16
2025,UL Monroe Warhawks,Aidan Armenta,5122054,1,1,10
2025,UNLV Rebels,Anthony Colandrea,5044387,0,2,19
2025,USC Trojans,Jayden Maiava,4685454,0,1,19
2025,UT Martin Skyhawks,Jase Bauer,4709012,0,1,24
2025,UTEP Miners,Skyler Locklear,5083042,1,1,10
2025,UTSA Roadrunners,Owen McCown,4775136,1,1,22
2025,Utah State Aggies,Bryson Barnes,4695600,1,1,22
2025,Utah Utes,Devon Dampier,5105849,0,1,19
2025,VMI Keydets,Collin Shannon,5083941,0,1,2
2025,Vanderbilt Commodores,Diego Pavia,5084180,1,3,39
2025,Villanova Wildcats,Pat McQuaide,4875733,0,2,5
2025,Virginia Cavaliers,Chandler Morris,4692530,0,1,27
2025,Virginia Tech Hokies,Kyron Drones,4678010,1,2,24
2025,Wagner Seahawks,Jack Stevens,5227302,1,1,1
2025,Wake Forest Demon Deacons,Robby Ashford,4697512,0,1,25
2025,Washington Huskies,Demond Williams Jr.,5079653,0,0,13
2025,Washington State Cougars,Zevi Eckhaus,4876066,0,3,5
2025,Weber State Wildcats,Jackson Gilkey,5105334,0,0,0
2025,West Virginia Mountaineers,Scotty Fox Jr.,5164314,0,0,0
2025,Western Carolina Catamounts,Bennett Judy,5159361,0,0,0
2025,Western Illinois Leathernecks,Chris Irvin,4880758,0,0,1
2025,Western Kentucky Hilltoppers,Maverick McIvor,4427966,0,2,4
2025,Western Michigan Broncos,Broc Lowry,5074245,0,0,5
2025,William & Mary Tribe,Noah Brannock,5154019,0,0,0
2025,Wisconsin Badgers,Hunter Simmons,4878912,0,0,1
2025,Wofford Terriers,Jayden Whitaker,5301990,0,0,0
2025,Wyoming Cowboys,Kaden Anderson,4899468,0,0,9
2025,Youngstown State Penguins,Beau Brungard,5109518,1,1,3
