Feature,Gain
yards_to_goal,16.081449508666992
distance,13.175091743469238
down,4.8109612464904785
era,4.426017761230469
posteam_total,2.2379937171936035
posteam_spread,2.1691806316375732
