by,bin,n_plays,actual
FG,0.3,187,0.35294117647058826
FG,0.35,45,0.24444444444444444
FG,0.4,595,0.4016806722689076
FG,0.45000002,608,0.5098684210526315
FG,0.5,2219,0.4916629112212708
FG,0.55,2941,0.5474328459707583
FG,0.6,6589,0.6126878130217028
FG,0.65000004,1265,0.6656126482213439
FG,0.7,6097,0.7021485976709857
FG,0.75,2660,0.7507518796992482
FG,0.8,5230,0.788527724665392
FG,0.85,5435,0.8579576816927323
FG,0.90000004,5087,0.8942402201690584
FG,0.95,3631,0.940512255576976
