by,bin,n_plays,actual
2-PT,0.35,1,0.0
2-PT,0.4,243,0.4403292181069959
2-PT,0.45000002,543,0.47513812154696133
2-PT,0.5,509,0.48330058939096265
2-PT,0.55,244,0.5245901639344263
2-PT,0.6,82,0.524390243902439
